-- --------------------------------------------------------
-- Host:                         127.0.0.1
-- Server version:               10.1.21-MariaDB - mariadb.org binary distribution
-- Server OS:                    Win32
-- HeidiSQL Version:             9.4.0.5125
-- --------------------------------------------------------

/*!40101 SET @OLD_CHARACTER_SET_CLIENT=@@CHARACTER_SET_CLIENT */;
/*!40101 SET NAMES utf8 */;
/*!50503 SET NAMES utf8mb4 */;
/*!40014 SET @OLD_FOREIGN_KEY_CHECKS=@@FOREIGN_KEY_CHECKS, FOREIGN_KEY_CHECKS=0 */;
/*!40101 SET @OLD_SQL_MODE=@@SQL_MODE, SQL_MODE='NO_AUTO_VALUE_ON_ZERO' */;


-- Dumping database structure for cictems
CREATE DATABASE IF NOT EXISTS `cictems` /*!40100 DEFAULT CHARACTER SET utf8 COLLATE utf8_unicode_ci */;
USE `cictems`;

-- Dumping structure for table cictems.academic_program
CREATE TABLE IF NOT EXISTS `academic_program` (
  `id` int(30) NOT NULL AUTO_INCREMENT,
  `code` varchar(50) COLLATE utf8_unicode_ci DEFAULT NULL,
  `name` varchar(50) COLLATE utf8_unicode_ci DEFAULT NULL,
  `floor_assignment` int(11) DEFAULT NULL,
  `created_date` datetime DEFAULT CURRENT_TIMESTAMP,
  `created_by` int(11) DEFAULT NULL,
  `removed_date` datetime DEFAULT NULL,
  `removed_by` int(11) DEFAULT NULL,
  `implemented` tinyint(4) DEFAULT '0',
  `implementation_date` datetime DEFAULT NULL,
  `implemented_by` int(11) DEFAULT NULL,
  `active` int(11) DEFAULT '1',
  PRIMARY KEY (`id`),
  KEY `created_by` (`created_by`),
  KEY `implemented_by` (`implemented_by`),
  KEY `removed` (`removed_by`),
  CONSTRAINT `created_by` FOREIGN KEY (`created_by`) REFERENCES `faculty` (`id`),
  CONSTRAINT `implemented_by` FOREIGN KEY (`implemented_by`) REFERENCES `faculty` (`id`),
  CONSTRAINT `removed` FOREIGN KEY (`removed_by`) REFERENCES `faculty` (`id`)
) ENGINE=InnoDB AUTO_INCREMENT=8 DEFAULT CHARSET=utf8 COLLATE=utf8_unicode_ci;

-- Dumping data for table cictems.academic_program: ~4 rows (approximately)
/*!40000 ALTER TABLE `academic_program` DISABLE KEYS */;
INSERT INTO `academic_program` (`id`, `code`, `name`, `floor_assignment`, `created_date`, `created_by`, `removed_date`, `removed_by`, `implemented`, `implementation_date`, `implemented_by`, `active`) VALUES
	(4, 'ACT', 'ASSOCIATE IN COMPUTER TECHNOLOGY', NULL, '2017-09-06 10:26:29', 4, NULL, NULL, 0, NULL, NULL, 1),
	(5, 'BSIT', 'BACHELOR OF SCIENCE IN INFORMATION TECHNOLOGY', NULL, '2017-09-06 12:14:05', 4, NULL, NULL, 0, NULL, NULL, 1),
	(6, 'SAMPLE', 'SAMPLE', NULL, '2017-09-09 12:01:23', 1, '2017-09-14 19:20:25', 1, 0, NULL, NULL, 0),
	(7, 'BITCT', 'BACHELOR IN INDUSTRIAL TECHNOLOGY', NULL, '2017-09-23 20:53:13', 3, NULL, NULL, 0, NULL, NULL, 1);
/*!40000 ALTER TABLE `academic_program` ENABLE KEYS */;

-- Dumping structure for table cictems.academic_term
CREATE TABLE IF NOT EXISTS `academic_term` (
  `id` int(11) NOT NULL AUTO_INCREMENT,
  `school_year` varchar(50) COLLATE utf8_unicode_ci DEFAULT NULL,
  `semester` varchar(50) COLLATE utf8_unicode_ci DEFAULT NULL,
  `semester_regular` int(11) DEFAULT NULL,
  `current` int(11) DEFAULT '0',
  `evaluation_start` datetime DEFAULT NULL,
  `evaluation_end` datetime DEFAULT NULL,
  `adding_start` datetime DEFAULT NULL,
  `adding_end` datetime DEFAULT NULL,
  `type` varchar(50) COLLATE utf8_unicode_ci DEFAULT 'REGULAR',
  `active` int(11) DEFAULT '1',
  PRIMARY KEY (`id`)
) ENGINE=InnoDB AUTO_INCREMENT=13 DEFAULT CHARSET=utf8 COLLATE=utf8_unicode_ci;

-- Dumping data for table cictems.academic_term: ~12 rows (approximately)
/*!40000 ALTER TABLE `academic_term` DISABLE KEYS */;
INSERT INTO `academic_term` (`id`, `school_year`, `semester`, `semester_regular`, `current`, `evaluation_start`, `evaluation_end`, `adding_start`, `adding_end`, `type`, `active`) VALUES
	(1, '2014-2015', 'FIRST SEMESTER', 1, 0, NULL, NULL, NULL, NULL, 'REGULAR', 1),
	(2, '2014-2015', 'SECOND SEMESTER', 2, 0, NULL, NULL, NULL, NULL, 'REGULAR', 1),
	(3, '2014-2015', 'SUMMER', 0, 0, NULL, NULL, NULL, NULL, 'SUMMER', 1),
	(4, '2015-2016', 'FIRST SEMESTER', 1, 0, NULL, NULL, NULL, NULL, 'REGULAR', 1),
	(5, '2015-2016', 'SECOND SEMESTER', 2, 0, NULL, NULL, NULL, NULL, 'REGULAR', 1),
	(6, '2015-2016', 'FIRST SUMMER', 0, 0, NULL, NULL, NULL, NULL, 'SUMMER', 1),
	(7, '2015-2016', 'SECOND SUMMER', 0, 0, NULL, NULL, NULL, NULL, 'SUMMER', 1),
	(8, '2016-2017', 'FIRST SEMESTER', 1, 0, NULL, NULL, NULL, NULL, 'REGULAR', 1),
	(9, '2016-2017', 'SECOND SEMESTER', 2, 0, NULL, NULL, NULL, NULL, 'REGULAR', 1),
	(10, '2016-2017', 'MIDYEAR', 0, 0, NULL, NULL, NULL, NULL, 'MIDYEAR', 1),
	(11, '2017-2018', 'FIRST SEMESTER', 1, 1, NULL, NULL, NULL, NULL, 'REGULAR', 1),
	(12, '2017-2018', 'SECOND SEMESTER', 2, 0, NULL, NULL, NULL, NULL, 'REGULAR', 1);
/*!40000 ALTER TABLE `academic_term` ENABLE KEYS */;

-- Dumping structure for table cictems.account_faculty
CREATE TABLE IF NOT EXISTS `account_faculty` (
  `id` int(11) NOT NULL AUTO_INCREMENT,
  `FACULTY_id` int(11) DEFAULT NULL,
  `username` varchar(50) COLLATE utf8_unicode_ci DEFAULT NULL,
  `password` varchar(150) COLLATE utf8_unicode_ci DEFAULT NULL,
  `recovery_question` varchar(50) COLLATE utf8_unicode_ci DEFAULT NULL,
  `recovery_answer` varchar(150) COLLATE utf8_unicode_ci DEFAULT NULL,
  `access_level` varchar(200) COLLATE utf8_unicode_ci DEFAULT NULL,
  `blocked_count` int(11) DEFAULT '0',
  `disabled_since` datetime DEFAULT NULL,
  `wrong_count` int(11) DEFAULT '0',
  `blocked_until` datetime DEFAULT NULL,
  `active` int(11) DEFAULT '1',
  PRIMARY KEY (`id`),
  KEY `account_faculty_fk_from_faculty_id` (`FACULTY_id`),
  CONSTRAINT `account_faculty_fk_from_faculty_id` FOREIGN KEY (`FACULTY_id`) REFERENCES `faculty` (`id`)
) ENGINE=InnoDB AUTO_INCREMENT=16 DEFAULT CHARSET=utf8 COLLATE=utf8_unicode_ci;

-- Dumping data for table cictems.account_faculty: ~4 rows (approximately)
/*!40000 ALTER TABLE `account_faculty` DISABLE KEYS */;
INSERT INTO `account_faculty` (`id`, `FACULTY_id`, `username`, `password`, `recovery_question`, `recovery_answer`, `access_level`, `blocked_count`, `disabled_since`, `wrong_count`, `blocked_until`, `active`) VALUES
	(1, 1, 'jhmvin', 'ba3253876aed6bc22d4a6ff53d8406c6ad864195ed144ab5c87621b6c233b548baeae6956df346ec8c17f5ea10f35ee3cbc514797ed7ddd3145464e2a0bab413', NULL, NULL, 'EVALUATOR', 0, NULL, 0, NULL, 1),
	(2, 2, 'evelyn', 'ba3253876aed6bc22d4a6ff53d8406c6ad864195ed144ab5c87621b6c233b548baeae6956df346ec8c17f5ea10f35ee3cbc514797ed7ddd3145464e2a0bab413', NULL, NULL, 'ADMINISTRATOR', 0, NULL, 0, NULL, 1),
	(13, 3, 'JOEMARDC', 'b0412597dcea813655574dc54a5b74967cf85317f0332a2591be7953a016f8de56200eb37d5ba593b1e4aa27cea5ca27100f94dccd5b04bae5cadd4454dba67d', 'WHAT IS YOUR FAVORITE MOVIE?', '0159d8667999bcc9e752655a43359c1eaf8958c519faa57b859f91894f150ac40000311e027ab32440ef5a21c00174575b93040a901fb26f71aca4f521bf0c50', 'FACULTY', 0, NULL, 0, NULL, 1),
	(15, 4, 'JM', '3627909a29c31381a071ec27f7c9ca97726182aed29a7ddd2e54353322cfb30abb9e3a6df2ac2c20fe23436311d678564d0c8d305930575f60e2d3d048184d79', 'IN WHAT CITY WERE YOU BORN?', '9b8d967dcace7ad62f9b3dd14dceb10c3f420938efd75e9ecf4edcc2102ac0c8ca9dd1ec3519e8d02c71ea325c4b8d6f498a6c697da5f54c97b9f020a2f83408', 'FACULTY', 0, NULL, 0, NULL, 1);
/*!40000 ALTER TABLE `account_faculty` ENABLE KEYS */;

-- Dumping structure for table cictems.account_faculty_attempt
CREATE TABLE IF NOT EXISTS `account_faculty_attempt` (
  `try_id` int(11) NOT NULL AUTO_INCREMENT,
  `account_id` int(11) DEFAULT NULL,
  `time` datetime DEFAULT CURRENT_TIMESTAMP,
  `ip_address` varchar(200) COLLATE utf8_unicode_ci DEFAULT 'UNKNOWN',
  `pc_name` varchar(50) COLLATE utf8_unicode_ci DEFAULT 'UNKNOWN',
  `pc_username` varchar(50) COLLATE utf8_unicode_ci DEFAULT 'UNKNOWN',
  `os_version` varchar(50) COLLATE utf8_unicode_ci DEFAULT 'UNKNOWN',
  `platform` varchar(50) COLLATE utf8_unicode_ci DEFAULT 'UNKNOWN',
  `result` varchar(50) COLLATE utf8_unicode_ci DEFAULT 'UNKNOWN',
  `active` int(11) DEFAULT '1',
  PRIMARY KEY (`try_id`),
  KEY `attempt_fk_from_account_faculty_id` (`account_id`),
  CONSTRAINT `attempt_fk_from_account_faculty_id` FOREIGN KEY (`account_id`) REFERENCES `account_faculty` (`id`)
) ENGINE=InnoDB AUTO_INCREMENT=1391 DEFAULT CHARSET=utf8 COLLATE=utf8_unicode_ci;

-- Dumping data for table cictems.account_faculty_attempt: ~194 rows (approximately)
/*!40000 ALTER TABLE `account_faculty_attempt` DISABLE KEYS */;
INSERT INTO `account_faculty_attempt` (`try_id`, `account_id`, `time`, `ip_address`, `pc_name`, `pc_username`, `os_version`, `platform`, `result`, `active`) VALUES
	(1197, 1, '2017-09-17 17:08:29', '%192.168.254.140@40-2C-F4-04-E9-6E', 'Melvin', 'Jhon Melvin', 'Windows 10@amd64', 'EVALUATION_SYSTEM', 'SUCCESS', 1),
	(1198, 1, '2017-09-17 19:43:53', '%192.168.254.140@40-2C-F4-04-E9-6E', 'Melvin', 'Jhon Melvin', 'Windows 10@amd64', 'EVALUATION_SYSTEM', 'SUCCESS', 1),
	(1199, 1, '2017-09-17 19:46:10', '%192.168.254.140@40-2C-F4-04-E9-6E', 'Melvin', 'Jhon Melvin', 'Windows 10@amd64', 'EVALUATION_SYSTEM', 'SUCCESS', 1),
	(1200, 1, '2017-09-17 19:53:40', '%192.168.254.140@40-2C-F4-04-E9-6E', 'Melvin', 'Jhon Melvin', 'Windows 10@amd64', 'EVALUATION_SYSTEM', 'SUCCESS', 1),
	(1201, 1, '2017-09-17 19:59:48', '%192.168.254.140@40-2C-F4-04-E9-6E', 'Melvin', 'Jhon Melvin', 'Windows 10@amd64', 'EVALUATION_SYSTEM', 'SUCCESS', 1),
	(1202, 1, '2017-09-17 20:00:47', '%192.168.254.140@40-2C-F4-04-E9-6E', 'Melvin', 'Jhon Melvin', 'Windows 10@amd64', 'EVALUATION_SYSTEM', 'SUCCESS', 1),
	(1203, 1, '2017-09-17 20:03:11', '%192.168.254.140@40-2C-F4-04-E9-6E', 'Melvin', 'Jhon Melvin', 'Windows 10@amd64', 'EVALUATION_SYSTEM', 'SUCCESS', 1),
	(1204, 1, '2017-09-17 20:07:37', '%192.168.254.140@40-2C-F4-04-E9-6E', 'Melvin', 'Jhon Melvin', 'Windows 10@amd64', 'EVALUATION_SYSTEM', 'SUCCESS', 1),
	(1205, 1, '2017-09-17 21:03:43', '%192.168.254.140@40-2C-F4-04-E9-6E', 'Melvin', 'Jhon Melvin', 'Windows 10@amd64', 'EVALUATION_SYSTEM', 'SUCCESS', 1),
	(1206, 1, '2017-09-17 21:36:12', '%192.168.254.140@40-2C-F4-04-E9-6E', 'Melvin', 'Jhon Melvin', 'Windows 10@amd64', 'EVALUATION_SYSTEM', 'SUCCESS', 1),
	(1207, 1, '2017-09-17 22:12:29', '%192.168.254.140@40-2C-F4-04-E9-6E', 'Melvin', 'Jhon Melvin', 'Windows 10@amd64', 'EVALUATION_SYSTEM', 'SUCCESS', 1),
	(1208, 1, '2017-09-17 22:28:25', '%192.168.254.140@40-2C-F4-04-E9-6E', 'Melvin', 'Jhon Melvin', 'Windows 10@amd64', 'EVALUATION_SYSTEM', 'SUCCESS', 1),
	(1209, 1, '2017-09-17 22:39:37', '%192.168.254.140@40-2C-F4-04-E9-6E', 'Melvin', 'Jhon Melvin', 'Windows 10@amd64', 'EVALUATION_SYSTEM', 'SUCCESS', 1),
	(1210, 1, '2017-09-17 23:19:14', '%192.168.254.140@40-2C-F4-04-E9-6E', 'Melvin', 'Jhon Melvin', 'Windows 10@amd64', 'EVALUATION_SYSTEM', 'SUCCESS', 1),
	(1211, 1, '2017-09-17 23:24:21', '%192.168.254.140@40-2C-F4-04-E9-6E', 'Melvin', 'Jhon Melvin', 'Windows 10@amd64', 'EVALUATION_SYSTEM', 'SUCCESS', 1),
	(1212, 1, '2017-09-17 23:26:13', '%192.168.254.140@40-2C-F4-04-E9-6E', 'Melvin', 'Jhon Melvin', 'Windows 10@amd64', 'EVALUATION_SYSTEM', 'WRONG_PASSWORD', 1),
	(1213, 1, '2017-09-17 23:26:18', '%192.168.254.140@40-2C-F4-04-E9-6E', 'Melvin', 'Jhon Melvin', 'Windows 10@amd64', 'EVALUATION_SYSTEM', 'SUCCESS', 1),
	(1214, 1, '2017-09-17 23:27:18', '%192.168.254.140@40-2C-F4-04-E9-6E', 'Melvin', 'Jhon Melvin', 'Windows 10@amd64', 'EVALUATION_SYSTEM', 'SUCCESS', 1),
	(1215, 1, '2017-09-18 01:45:04', '%192.168.254.140@40-2C-F4-04-E9-6E', 'Melvin', 'Jhon Melvin', 'Windows 10@amd64', 'EVALUATION_SYSTEM', 'SUCCESS', 1),
	(1216, 1, '2017-09-18 01:48:55', '%192.168.254.140@40-2C-F4-04-E9-6E', 'Melvin', 'Jhon Melvin', 'Windows 10@amd64', 'EVALUATION_SYSTEM', 'SUCCESS', 1),
	(1217, 1, '2017-09-18 02:02:12', '%192.168.254.140@40-2C-F4-04-E9-6E', 'Melvin', 'Jhon Melvin', 'Windows 10@amd64', 'EVALUATION_SYSTEM', 'SUCCESS', 1),
	(1218, 1, '2017-09-18 02:03:04', '%192.168.254.140@40-2C-F4-04-E9-6E', 'Melvin', 'Jhon Melvin', 'Windows 10@amd64', 'EVALUATION_SYSTEM', 'SUCCESS', 1),
	(1219, 1, '2017-09-18 17:10:04', '%192.168.254.140@40-2C-F4-04-E9-6E', 'Melvin', 'Jhon Melvin', 'Windows 10@amd64', 'EVALUATION_SYSTEM', 'SUCCESS', 1),
	(1220, 1, '2017-09-18 17:13:10', '%192.168.254.140@40-2C-F4-04-E9-6E', 'Melvin', 'Jhon Melvin', 'Windows 10@amd64', 'EVALUATION_SYSTEM', 'SUCCESS', 1),
	(1221, 1, '2017-09-18 17:15:29', '%192.168.254.140@40-2C-F4-04-E9-6E', 'Melvin', 'Jhon Melvin', 'Windows 10@amd64', 'EVALUATION_SYSTEM', 'SUCCESS', 1),
	(1222, 1, '2017-09-18 17:23:03', '%192.168.254.140@40-2C-F4-04-E9-6E', 'Melvin', 'Jhon Melvin', 'Windows 10@amd64', 'EVALUATION_SYSTEM', 'SUCCESS', 1),
	(1223, 1, '2017-09-18 17:27:31', '%192.168.254.140@40-2C-F4-04-E9-6E', 'Melvin', 'Jhon Melvin', 'Windows 10@amd64', 'EVALUATION_SYSTEM', 'SUCCESS', 1),
	(1224, 1, '2017-09-18 17:33:22', '%192.168.254.140@40-2C-F4-04-E9-6E', 'Melvin', 'Jhon Melvin', 'Windows 10@amd64', 'EVALUATION_SYSTEM', 'SUCCESS', 1),
	(1225, 1, '2017-09-18 17:38:23', '%192.168.254.140@40-2C-F4-04-E9-6E', 'Melvin', 'Jhon Melvin', 'Windows 10@amd64', 'EVALUATION_SYSTEM', 'SUCCESS', 1),
	(1226, 1, '2017-09-18 17:39:58', '%192.168.254.140@40-2C-F4-04-E9-6E', 'Melvin', 'Jhon Melvin', 'Windows 10@amd64', 'EVALUATION_SYSTEM', 'WRONG_PASSWORD', 1),
	(1227, 1, '2017-09-18 17:40:04', '%192.168.254.140@40-2C-F4-04-E9-6E', 'Melvin', 'Jhon Melvin', 'Windows 10@amd64', 'EVALUATION_SYSTEM', 'SUCCESS', 1),
	(1228, 1, '2017-09-18 18:19:36', '%192.168.254.140@40-2C-F4-04-E9-6E', 'Melvin', 'Jhon Melvin', 'Windows 10@amd64', 'EVALUATION_SYSTEM', 'SUCCESS', 1),
	(1229, 1, '2017-09-18 18:27:17', '%192.168.254.140@40-2C-F4-04-E9-6E', 'Melvin', 'Jhon Melvin', 'Windows 10@amd64', 'EVALUATION_SYSTEM', 'SUCCESS', 1),
	(1230, 1, '2017-09-18 18:36:32', '%192.168.254.140@40-2C-F4-04-E9-6E', 'Melvin', 'Jhon Melvin', 'Windows 10@amd64', 'EVALUATION_SYSTEM', 'SUCCESS', 1),
	(1231, 1, '2017-09-18 20:18:50', '%192.168.254.140@40-2C-F4-04-E9-6E', 'Melvin', 'Jhon Melvin', 'Windows 10@amd64', 'EVALUATION_SYSTEM', 'SUCCESS', 1),
	(1232, 1, '2017-09-18 20:28:13', '%192.168.254.140@40-2C-F4-04-E9-6E', 'Melvin', 'Jhon Melvin', 'Windows 10@amd64', 'EVALUATION_SYSTEM', 'SUCCESS', 1),
	(1233, 1, '2017-09-18 20:41:28', '%192.168.254.140@40-2C-F4-04-E9-6E', 'Melvin', 'Jhon Melvin', 'Windows 10@amd64', 'EVALUATION_SYSTEM', 'SUCCESS', 1),
	(1234, 1, '2017-09-18 20:43:38', '%192.168.254.140@40-2C-F4-04-E9-6E', 'Melvin', 'Jhon Melvin', 'Windows 10@amd64', 'EVALUATION_SYSTEM', 'SUCCESS', 1),
	(1235, 1, '2017-09-18 20:54:05', '%192.168.254.140@40-2C-F4-04-E9-6E', 'Melvin', 'Jhon Melvin', 'Windows 10@amd64', 'EVALUATION_SYSTEM', 'WRONG_PASSWORD', 1),
	(1236, 1, '2017-09-18 20:54:17', '%192.168.254.140@40-2C-F4-04-E9-6E', 'Melvin', 'Jhon Melvin', 'Windows 10@amd64', 'EVALUATION_SYSTEM', 'WRONG_PASSWORD', 1),
	(1237, 1, '2017-09-18 20:54:22', '%192.168.254.140@40-2C-F4-04-E9-6E', 'Melvin', 'Jhon Melvin', 'Windows 10@amd64', 'EVALUATION_SYSTEM', 'SUCCESS', 1),
	(1238, 1, '2017-09-18 22:18:37', '%192.168.254.140@40-2C-F4-04-E9-6E', 'Melvin', 'Jhon Melvin', 'Windows 10@amd64', 'EVALUATION_SYSTEM', 'SUCCESS', 1),
	(1239, 1, '2017-09-18 22:25:15', '%192.168.254.140@40-2C-F4-04-E9-6E', 'Melvin', 'Jhon Melvin', 'Windows 10@amd64', 'EVALUATION_SYSTEM', 'SUCCESS', 1),
	(1240, 1, '2017-09-18 22:31:00', '%192.168.254.140@40-2C-F4-04-E9-6E', 'Melvin', 'Jhon Melvin', 'Windows 10@amd64', 'EVALUATION_SYSTEM', 'SUCCESS', 1),
	(1241, 1, '2017-09-20 10:41:04', '%192.168.254.149@40-2C-F4-04-E9-6E', 'Melvin', 'Jhon Melvin', 'Windows 10@amd64', 'EVALUATION_SYSTEM', 'SUCCESS', 1),
	(1242, 1, '2017-09-20 21:11:47', '%192.168.254.149@40-2C-F4-04-E9-6E', 'Melvin', 'Jhon Melvin', 'Windows 10@amd64', 'EVALUATION_SYSTEM', 'SUCCESS', 1),
	(1243, 1, '2017-09-20 21:28:19', '%192.168.254.149@40-2C-F4-04-E9-6E', 'Melvin', 'Jhon Melvin', 'Windows 10@amd64', 'EVALUATION_SYSTEM', 'SUCCESS', 1),
	(1244, 1, '2017-09-20 21:32:30', '%192.168.254.149@40-2C-F4-04-E9-6E', 'Melvin', 'Jhon Melvin', 'Windows 10@amd64', 'EVALUATION_SYSTEM', 'SUCCESS', 1),
	(1245, 1, '2017-09-20 23:27:41', '%192.168.254.149@40-2C-F4-04-E9-6E', 'Melvin', 'Jhon Melvin', 'Windows 10@amd64', 'EVALUATION_SYSTEM', 'SUCCESS', 1),
	(1246, 1, '2017-09-20 23:28:53', '%192.168.254.149@40-2C-F4-04-E9-6E', 'Melvin', 'Jhon Melvin', 'Windows 10@amd64', 'EVALUATION_SYSTEM', 'SUCCESS', 1),
	(1247, 1, '2017-09-20 23:40:47', '%192.168.254.149@40-2C-F4-04-E9-6E', 'Melvin', 'Jhon Melvin', 'Windows 10@amd64', 'EVALUATION_SYSTEM', 'SUCCESS', 1),
	(1248, 1, '2017-09-20 23:42:42', '%192.168.254.149@40-2C-F4-04-E9-6E', 'Melvin', 'Jhon Melvin', 'Windows 10@amd64', 'EVALUATION_SYSTEM', 'SUCCESS', 1),
	(1249, 1, '2017-09-20 23:45:11', '%192.168.254.149@40-2C-F4-04-E9-6E', 'Melvin', 'Jhon Melvin', 'Windows 10@amd64', 'EVALUATION_SYSTEM', 'SUCCESS', 1),
	(1250, 1, '2017-09-20 23:47:18', '%192.168.254.149@40-2C-F4-04-E9-6E', 'Melvin', 'Jhon Melvin', 'Windows 10@amd64', 'EVALUATION_SYSTEM', 'SUCCESS', 1),
	(1251, 1, '2017-09-20 23:49:05', '%192.168.254.149@40-2C-F4-04-E9-6E', 'Melvin', 'Jhon Melvin', 'Windows 10@amd64', 'EVALUATION_SYSTEM', 'SUCCESS', 1),
	(1252, 1, '2017-09-20 23:50:58', '%192.168.254.149@40-2C-F4-04-E9-6E', 'Melvin', 'Jhon Melvin', 'Windows 10@amd64', 'EVALUATION_SYSTEM', 'SUCCESS', 1),
	(1253, 1, '2017-09-20 23:53:26', '%192.168.254.149@40-2C-F4-04-E9-6E', 'Melvin', 'Jhon Melvin', 'Windows 10@amd64', 'EVALUATION_SYSTEM', 'SUCCESS', 1),
	(1254, 1, '2017-09-20 23:56:56', '%192.168.254.149@40-2C-F4-04-E9-6E', 'Melvin', 'Jhon Melvin', 'Windows 10@amd64', 'EVALUATION_SYSTEM', 'WRONG_PASSWORD', 1),
	(1255, 1, '2017-09-20 23:57:04', '%192.168.254.149@40-2C-F4-04-E9-6E', 'Melvin', 'Jhon Melvin', 'Windows 10@amd64', 'EVALUATION_SYSTEM', 'SUCCESS', 1),
	(1256, 1, '2017-09-21 00:14:30', '%192.168.254.149@40-2C-F4-04-E9-6E', 'Melvin', 'Jhon Melvin', 'Windows 10@amd64', 'EVALUATION_SYSTEM', 'SUCCESS', 1),
	(1257, 1, '2017-09-21 00:16:55', '%192.168.254.149@40-2C-F4-04-E9-6E', 'Melvin', 'Jhon Melvin', 'Windows 10@amd64', 'EVALUATION_SYSTEM', 'SUCCESS', 1),
	(1258, 1, '2017-09-21 00:18:06', '%192.168.254.149@40-2C-F4-04-E9-6E', 'Melvin', 'Jhon Melvin', 'Windows 10@amd64', 'EVALUATION_SYSTEM', 'SUCCESS', 1),
	(1259, 1, '2017-09-21 00:49:07', '%192.168.254.149@40-2C-F4-04-E9-6E', 'Melvin', 'Jhon Melvin', 'Windows 10@amd64', 'EVALUATION_SYSTEM', 'SUCCESS', 1),
	(1260, 1, '2017-09-21 00:54:04', '%192.168.254.149@40-2C-F4-04-E9-6E', 'Melvin', 'Jhon Melvin', 'Windows 10@amd64', 'EVALUATION_SYSTEM', 'SUCCESS', 1),
	(1261, 1, '2017-09-21 19:42:26', '%192.168.254.149@40-2C-F4-04-E9-6E', 'Melvin', 'Jhon Melvin', 'Windows 10@amd64', 'EVALUATION_SYSTEM', 'SUCCESS', 1),
	(1262, 1, '2017-09-21 19:49:43', '%192.168.254.149@40-2C-F4-04-E9-6E', 'Melvin', 'Jhon Melvin', 'Windows 10@amd64', 'EVALUATION_SYSTEM', 'SUCCESS', 1),
	(1263, 1, '2017-09-21 19:54:26', '%192.168.254.149@40-2C-F4-04-E9-6E', 'Melvin', 'Jhon Melvin', 'Windows 10@amd64', 'EVALUATION_SYSTEM', 'SUCCESS', 1),
	(1264, 1, '2017-09-21 19:56:04', '%192.168.254.149@40-2C-F4-04-E9-6E', 'Melvin', 'Jhon Melvin', 'Windows 10@amd64', 'EVALUATION_SYSTEM', 'SUCCESS', 1),
	(1265, 1, '2017-09-21 19:58:34', '%192.168.254.149@40-2C-F4-04-E9-6E', 'Melvin', 'Jhon Melvin', 'Windows 10@amd64', 'EVALUATION_SYSTEM', 'SUCCESS', 1),
	(1266, 1, '2017-09-21 20:02:14', '%192.168.254.149@40-2C-F4-04-E9-6E', 'Melvin', 'Jhon Melvin', 'Windows 10@amd64', 'EVALUATION_SYSTEM', 'SUCCESS', 1),
	(1267, 1, '2017-09-21 20:08:36', '%192.168.254.149@40-2C-F4-04-E9-6E', 'Melvin', 'Jhon Melvin', 'Windows 10@amd64', 'EVALUATION_SYSTEM', 'WRONG_PASSWORD', 1),
	(1268, 1, '2017-09-21 20:08:43', '%192.168.254.149@40-2C-F4-04-E9-6E', 'Melvin', 'Jhon Melvin', 'Windows 10@amd64', 'EVALUATION_SYSTEM', 'SUCCESS', 1),
	(1269, 1, '2017-09-21 20:10:49', '%192.168.254.149@40-2C-F4-04-E9-6E', 'Melvin', 'Jhon Melvin', 'Windows 10@amd64', 'EVALUATION_SYSTEM', 'SUCCESS', 1),
	(1270, 1, '2017-09-21 20:20:45', '%192.168.254.149@40-2C-F4-04-E9-6E', 'Melvin', 'Jhon Melvin', 'Windows 10@amd64', 'EVALUATION_SYSTEM', 'SUCCESS', 1),
	(1271, 1, '2017-09-21 20:32:47', '%192.168.254.149@40-2C-F4-04-E9-6E', 'Melvin', 'Jhon Melvin', 'Windows 10@amd64', 'EVALUATION_SYSTEM', 'SUCCESS', 1),
	(1272, 1, '2017-09-21 20:36:51', '%192.168.254.149@40-2C-F4-04-E9-6E', 'Melvin', 'Jhon Melvin', 'Windows 10@amd64', 'EVALUATION_SYSTEM', 'SUCCESS', 1),
	(1273, 1, '2017-09-21 20:52:05', '%192.168.254.149@40-2C-F4-04-E9-6E', 'Melvin', 'Jhon Melvin', 'Windows 10@amd64', 'EVALUATION_SYSTEM', 'SUCCESS', 1),
	(1274, 1, '2017-09-21 20:53:42', '%192.168.254.149@40-2C-F4-04-E9-6E', 'Melvin', 'Jhon Melvin', 'Windows 10@amd64', 'EVALUATION_SYSTEM', 'WRONG_PASSWORD', 1),
	(1275, 1, '2017-09-21 20:53:45', '%192.168.254.149@40-2C-F4-04-E9-6E', 'Melvin', 'Jhon Melvin', 'Windows 10@amd64', 'EVALUATION_SYSTEM', 'SUCCESS', 1),
	(1276, 1, '2017-09-21 20:59:24', '%192.168.254.149@40-2C-F4-04-E9-6E', 'Melvin', 'Jhon Melvin', 'Windows 10@amd64', 'EVALUATION_SYSTEM', 'SUCCESS', 1),
	(1277, 1, '2017-09-21 23:14:39', '%192.168.254.149@40-2C-F4-04-E9-6E', 'Melvin', 'Jhon Melvin', 'Windows 10@amd64', 'EVALUATION_SYSTEM', 'SUCCESS', 1),
	(1278, 1, '2017-09-21 23:16:43', '%192.168.254.149@40-2C-F4-04-E9-6E', 'Melvin', 'Jhon Melvin', 'Windows 10@amd64', 'EVALUATION_SYSTEM', 'SUCCESS', 1),
	(1279, 1, '2017-09-21 23:23:06', '%192.168.254.149@40-2C-F4-04-E9-6E', 'Melvin', 'Jhon Melvin', 'Windows 10@amd64', 'EVALUATION_SYSTEM', 'SUCCESS', 1),
	(1280, 1, '2017-09-21 23:36:33', '%192.168.254.149@40-2C-F4-04-E9-6E', 'Melvin', 'Jhon Melvin', 'Windows 10@amd64', 'EVALUATION_SYSTEM', 'SUCCESS', 1),
	(1281, 1, '2017-09-21 23:37:47', '%192.168.254.149@40-2C-F4-04-E9-6E', 'Melvin', 'Jhon Melvin', 'Windows 10@amd64', 'EVALUATION_SYSTEM', 'SUCCESS', 1),
	(1282, 1, '2017-09-21 23:40:11', '%192.168.254.149@40-2C-F4-04-E9-6E', 'Melvin', 'Jhon Melvin', 'Windows 10@amd64', 'EVALUATION_SYSTEM', 'SUCCESS', 1),
	(1283, 1, '2017-09-21 23:45:38', '%192.168.254.149@40-2C-F4-04-E9-6E', 'Melvin', 'Jhon Melvin', 'Windows 10@amd64', 'EVALUATION_SYSTEM', 'SUCCESS', 1),
	(1284, 1, '2017-09-21 23:51:49', '%192.168.254.149@40-2C-F4-04-E9-6E', 'Melvin', 'Jhon Melvin', 'Windows 10@amd64', 'EVALUATION_SYSTEM', 'SUCCESS', 1),
	(1285, 1, '2017-09-22 00:03:25', '%192.168.254.149@40-2C-F4-04-E9-6E', 'Melvin', 'Jhon Melvin', 'Windows 10@amd64', 'EVALUATION_SYSTEM', 'WRONG_PASSWORD', 1),
	(1286, 1, '2017-09-22 00:03:29', '%192.168.254.149@40-2C-F4-04-E9-6E', 'Melvin', 'Jhon Melvin', 'Windows 10@amd64', 'EVALUATION_SYSTEM', 'SUCCESS', 1),
	(1287, 1, '2017-09-22 00:15:06', '%192.168.254.149@40-2C-F4-04-E9-6E', 'Melvin', 'Jhon Melvin', 'Windows 10@amd64', 'EVALUATION_SYSTEM', 'SUCCESS', 1),
	(1288, 1, '2017-09-22 00:18:31', '%192.168.254.149@40-2C-F4-04-E9-6E', 'Melvin', 'Jhon Melvin', 'Windows 10@amd64', 'EVALUATION_SYSTEM', 'SUCCESS', 1),
	(1289, 1, '2017-09-22 00:20:47', '%192.168.254.149@40-2C-F4-04-E9-6E', 'Melvin', 'Jhon Melvin', 'Windows 10@amd64', 'EVALUATION_SYSTEM', 'SUCCESS', 1),
	(1290, 1, '2017-09-22 01:25:57', '%127.0.0.1@Unknown Mac Address', 'Melvin', 'Jhon Melvin', 'Windows 10@amd64', 'EVALUATION_SYSTEM', 'SUCCESS', 1),
	(1291, 1, '2017-09-22 01:29:15', '%127.0.0.1@Unknown Mac Address', 'Melvin', 'Jhon Melvin', 'Windows 10@amd64', 'EVALUATION_SYSTEM', 'SUCCESS', 1),
	(1292, 1, '2017-09-22 09:42:38', '%127.0.0.1@Unknown Mac Address', 'Melvin', 'Jhon Melvin', 'Windows 10@amd64', 'EVALUATION_SYSTEM', 'SUCCESS', 1),
	(1293, 1, '2017-09-22 09:43:49', '%127.0.0.1@Unknown Mac Address', 'Melvin', 'Jhon Melvin', 'Windows 10@amd64', 'EVALUATION_SYSTEM', 'SUCCESS', 1),
	(1294, 1, '2017-09-22 09:48:05', '%127.0.0.1@Unknown Mac Address', 'Melvin', 'Jhon Melvin', 'Windows 10@amd64', 'EVALUATION_SYSTEM', 'SUCCESS', 1),
	(1295, 1, '2017-09-22 09:50:06', '%127.0.0.1@Unknown Mac Address', 'Melvin', 'Jhon Melvin', 'Windows 10@amd64', 'EVALUATION_SYSTEM', 'SUCCESS', 1),
	(1296, 1, '2017-09-22 09:58:43', '%127.0.0.1@Unknown Mac Address', 'Melvin', 'Jhon Melvin', 'Windows 10@amd64', 'EVALUATION_SYSTEM', 'SUCCESS', 1),
	(1297, 1, '2017-09-22 10:00:24', '%127.0.0.1@Unknown Mac Address', 'Melvin', 'Jhon Melvin', 'Windows 10@amd64', 'EVALUATION_SYSTEM', 'SUCCESS', 1),
	(1298, 1, '2017-09-22 10:02:47', '%127.0.0.1@Unknown Mac Address', 'Melvin', 'Jhon Melvin', 'Windows 10@amd64', 'EVALUATION_SYSTEM', 'SUCCESS', 1),
	(1299, 1, '2017-09-22 10:04:19', '%127.0.0.1@Unknown Mac Address', 'Melvin', 'Jhon Melvin', 'Windows 10@amd64', 'EVALUATION_SYSTEM', 'SUCCESS', 1),
	(1300, 1, '2017-09-22 10:05:37', '%127.0.0.1@Unknown Mac Address', 'Melvin', 'Jhon Melvin', 'Windows 10@amd64', 'EVALUATION_SYSTEM', 'SUCCESS', 1),
	(1301, 1, '2017-09-22 10:24:02', '%127.0.0.1@Unknown Mac Address', 'Melvin', 'Jhon Melvin', 'Windows 10@amd64', 'EVALUATION_SYSTEM', 'WRONG_PASSWORD', 1),
	(1302, 1, '2017-09-22 10:24:07', '%127.0.0.1@Unknown Mac Address', 'Melvin', 'Jhon Melvin', 'Windows 10@amd64', 'EVALUATION_SYSTEM', 'SUCCESS', 1),
	(1303, 1, '2017-09-22 10:25:52', '%127.0.0.1@Unknown Mac Address', 'Melvin', 'Jhon Melvin', 'Windows 10@amd64', 'EVALUATION_SYSTEM', 'SUCCESS', 1),
	(1304, 1, '2017-09-22 10:46:17', '%127.0.0.1@Unknown Mac Address', 'Melvin', 'Jhon Melvin', 'Windows 10@amd64', 'EVALUATION_SYSTEM', 'SUCCESS', 1),
	(1305, 1, '2017-09-22 10:47:26', '%127.0.0.1@Unknown Mac Address', 'Melvin', 'Jhon Melvin', 'Windows 10@amd64', 'EVALUATION_SYSTEM', 'SUCCESS', 1),
	(1306, 1, '2017-09-22 10:49:43', '%192.168.254.149@40-2C-F4-04-E9-6E', 'Melvin', 'Jhon Melvin', 'Windows 10@amd64', 'EVALUATION_SYSTEM', 'SUCCESS', 1),
	(1307, 1, '2017-09-22 10:55:18', '%192.168.254.149@40-2C-F4-04-E9-6E', 'Melvin', 'Jhon Melvin', 'Windows 10@amd64', 'EVALUATION_SYSTEM', 'SUCCESS', 1),
	(1308, 1, '2017-09-22 10:57:32', '%192.168.254.149@40-2C-F4-04-E9-6E', 'Melvin', 'Jhon Melvin', 'Windows 10@amd64', 'EVALUATION_SYSTEM', 'SUCCESS', 1),
	(1309, 1, '2017-09-22 11:04:32', '%192.168.254.149@40-2C-F4-04-E9-6E', 'Melvin', 'Jhon Melvin', 'Windows 10@amd64', 'EVALUATION_SYSTEM', 'SUCCESS', 1),
	(1310, 1, '2017-09-22 11:09:36', '%192.168.254.149@40-2C-F4-04-E9-6E', 'Melvin', 'Jhon Melvin', 'Windows 10@amd64', 'EVALUATION_SYSTEM', 'SUCCESS', 1),
	(1311, 1, '2017-09-22 13:44:44', '%192.168.254.149@40-2C-F4-04-E9-6E', 'Melvin', 'Jhon Melvin', 'Windows 10@amd64', 'EVALUATION_SYSTEM', 'SUCCESS', 1),
	(1312, 1, '2017-09-22 13:54:09', '%192.168.254.149@40-2C-F4-04-E9-6E', 'Melvin', 'Jhon Melvin', 'Windows 10@amd64', 'EVALUATION_SYSTEM', 'SUCCESS', 1),
	(1313, 1, '2017-09-22 14:05:23', '%192.168.254.149@40-2C-F4-04-E9-6E', 'Melvin', 'Jhon Melvin', 'Windows 10@amd64', 'EVALUATION_SYSTEM', 'SUCCESS', 1),
	(1314, 1, '2017-09-22 14:48:14', '%192.168.254.149@40-2C-F4-04-E9-6E', 'Melvin', 'Jhon Melvin', 'Windows 10@amd64', 'EVALUATION_SYSTEM', 'SUCCESS', 1),
	(1315, 1, '2017-09-22 14:51:08', '%192.168.254.149@40-2C-F4-04-E9-6E', 'Melvin', 'Jhon Melvin', 'Windows 10@amd64', 'EVALUATION_SYSTEM', 'SUCCESS', 1),
	(1316, 1, '2017-09-22 14:53:09', '%192.168.254.149@40-2C-F4-04-E9-6E', 'Melvin', 'Jhon Melvin', 'Windows 10@amd64', 'EVALUATION_SYSTEM', 'SUCCESS', 1),
	(1317, 1, '2017-09-22 14:54:32', '%192.168.254.149@40-2C-F4-04-E9-6E', 'Melvin', 'Jhon Melvin', 'Windows 10@amd64', 'EVALUATION_SYSTEM', 'SUCCESS', 1),
	(1318, 1, '2017-09-22 14:57:11', '%192.168.254.149@40-2C-F4-04-E9-6E', 'Melvin', 'Jhon Melvin', 'Windows 10@amd64', 'EVALUATION_SYSTEM', 'SUCCESS', 1),
	(1319, 1, '2017-09-22 15:21:56', '%192.168.254.149@40-2C-F4-04-E9-6E', 'Melvin', 'Jhon Melvin', 'Windows 10@amd64', 'EVALUATION_SYSTEM', 'SUCCESS', 1),
	(1320, 1, '2017-09-22 16:52:22', '%192.168.254.149@40-2C-F4-04-E9-6E', 'Melvin', 'Jhon Melvin', 'Windows 10@amd64', 'EVALUATION_SYSTEM', 'SUCCESS', 1),
	(1321, 1, '2017-09-22 16:58:01', '%192.168.254.149@40-2C-F4-04-E9-6E', 'Melvin', 'Jhon Melvin', 'Windows 10@amd64', 'EVALUATION_SYSTEM', 'SUCCESS', 1),
	(1322, 1, '2017-09-22 17:03:03', '%192.168.254.149@40-2C-F4-04-E9-6E', 'Melvin', 'Jhon Melvin', 'Windows 10@amd64', 'EVALUATION_SYSTEM', 'SUCCESS', 1),
	(1323, 1, '2017-09-22 17:07:32', '%192.168.254.149@40-2C-F4-04-E9-6E', 'Melvin', 'Jhon Melvin', 'Windows 10@amd64', 'EVALUATION_SYSTEM', 'SUCCESS', 1),
	(1324, 1, '2017-09-22 17:08:47', '%192.168.254.149@40-2C-F4-04-E9-6E', 'Melvin', 'Jhon Melvin', 'Windows 10@amd64', 'EVALUATION_SYSTEM', 'SUCCESS', 1),
	(1325, 1, '2017-09-22 17:12:39', '%192.168.254.149@40-2C-F4-04-E9-6E', 'Melvin', 'Jhon Melvin', 'Windows 10@amd64', 'EVALUATION_SYSTEM', 'SUCCESS', 1),
	(1326, 1, '2017-09-22 17:24:29', '%192.168.254.149@40-2C-F4-04-E9-6E', 'Melvin', 'Jhon Melvin', 'Windows 10@amd64', 'EVALUATION_SYSTEM', 'SUCCESS', 1),
	(1327, 1, '2017-09-22 17:25:13', '%192.168.254.149@40-2C-F4-04-E9-6E', 'Melvin', 'Jhon Melvin', 'Windows 10@amd64', 'EVALUATION_SYSTEM', 'SUCCESS', 1),
	(1328, 1, '2017-09-22 17:29:20', '%192.168.254.149@40-2C-F4-04-E9-6E', 'Melvin', 'Jhon Melvin', 'Windows 10@amd64', 'EVALUATION_SYSTEM', 'SUCCESS', 1),
	(1329, 1, '2017-09-22 17:35:54', '%192.168.254.149@40-2C-F4-04-E9-6E', 'Melvin', 'Jhon Melvin', 'Windows 10@amd64', 'EVALUATION_SYSTEM', 'SUCCESS', 1),
	(1330, 1, '2017-09-22 17:48:06', '%192.168.254.149@40-2C-F4-04-E9-6E', 'Melvin', 'Jhon Melvin', 'Windows 10@amd64', 'EVALUATION_SYSTEM', 'SUCCESS', 1),
	(1331, 1, '2017-09-22 17:52:36', '%192.168.254.149@40-2C-F4-04-E9-6E', 'Melvin', 'Jhon Melvin', 'Windows 10@amd64', 'EVALUATION_SYSTEM', 'SUCCESS', 1),
	(1332, 1, '2017-09-22 17:54:27', '%192.168.254.149@40-2C-F4-04-E9-6E', 'Melvin', 'Jhon Melvin', 'Windows 10@amd64', 'EVALUATION_SYSTEM', 'SUCCESS', 1),
	(1333, 1, '2017-09-22 18:02:16', '%192.168.254.149@40-2C-F4-04-E9-6E', 'Melvin', 'Jhon Melvin', 'Windows 10@amd64', 'EVALUATION_SYSTEM', 'SUCCESS', 1),
	(1334, 1, '2017-09-22 18:07:22', '%192.168.254.149@40-2C-F4-04-E9-6E', 'Melvin', 'Jhon Melvin', 'Windows 10@amd64', 'EVALUATION_SYSTEM', 'SUCCESS', 1),
	(1335, 1, '2017-09-22 18:17:04', '%192.168.254.149@40-2C-F4-04-E9-6E', 'Melvin', 'Jhon Melvin', 'Windows 10@amd64', 'EVALUATION_SYSTEM', 'SUCCESS', 1),
	(1336, 1, '2017-09-22 18:21:23', '%192.168.254.149@40-2C-F4-04-E9-6E', 'Melvin', 'Jhon Melvin', 'Windows 10@amd64', 'EVALUATION_SYSTEM', 'SUCCESS', 1),
	(1337, 1, '2017-09-22 18:24:02', '%192.168.254.149@40-2C-F4-04-E9-6E', 'Melvin', 'Jhon Melvin', 'Windows 10@amd64', 'EVALUATION_SYSTEM', 'SUCCESS', 1),
	(1338, 1, '2017-09-22 18:27:59', '%192.168.254.149@40-2C-F4-04-E9-6E', 'Melvin', 'Jhon Melvin', 'Windows 10@amd64', 'EVALUATION_SYSTEM', 'SUCCESS', 1),
	(1339, 13, '2017-09-22 19:24:06', '%192.168.0.103@AC-D1-B8-7B-20-B3', 'JOEMAR-PC', 'Joemar', 'Windows 10@amd64', 'EVALUATION_SYSTEM', 'SUCCESS', 1),
	(1340, 13, '2017-09-23 00:29:46', '%192.168.0.103@AC-D1-B8-7B-20-B3', 'JOEMAR-PC', 'Joemar', 'Windows 10@amd64', 'EVALUATION_SYSTEM', 'SUCCESS', 1),
	(1341, 13, '2017-09-23 00:32:44', '%192.168.0.103@AC-D1-B8-7B-20-B3', 'JOEMAR-PC', 'Joemar', 'Windows 10@amd64', 'EVALUATION_SYSTEM', 'SUCCESS', 1),
	(1342, 13, '2017-09-23 00:33:59', '%192.168.0.103@AC-D1-B8-7B-20-B3', 'JOEMAR-PC', 'Joemar', 'Windows 10@amd64', 'EVALUATION_SYSTEM', 'SUCCESS', 1),
	(1343, 13, '2017-09-23 00:38:42', '%192.168.0.103@AC-D1-B8-7B-20-B3', 'JOEMAR-PC', 'Joemar', 'Windows 10@amd64', 'EVALUATION_SYSTEM', 'SUCCESS', 1),
	(1344, 13, '2017-09-23 00:43:27', '%192.168.0.103@AC-D1-B8-7B-20-B3', 'JOEMAR-PC', 'Joemar', 'Windows 10@amd64', 'EVALUATION_SYSTEM', 'SUCCESS', 1),
	(1345, 13, '2017-09-23 00:45:36', '%192.168.0.103@AC-D1-B8-7B-20-B3', 'JOEMAR-PC', 'Joemar', 'Windows 10@amd64', 'EVALUATION_SYSTEM', 'SUCCESS', 1),
	(1346, 13, '2017-09-23 00:48:24', '%192.168.0.103@AC-D1-B8-7B-20-B3', 'JOEMAR-PC', 'Joemar', 'Windows 10@amd64', 'EVALUATION_SYSTEM', 'SUCCESS', 1),
	(1347, 13, '2017-09-23 00:55:20', '%192.168.0.103@AC-D1-B8-7B-20-B3', 'JOEMAR-PC', 'Joemar', 'Windows 10@amd64', 'EVALUATION_SYSTEM', 'SUCCESS', 1),
	(1348, 13, '2017-09-23 00:58:13', '%192.168.0.103@AC-D1-B8-7B-20-B3', 'JOEMAR-PC', 'Joemar', 'Windows 10@amd64', 'EVALUATION_SYSTEM', 'SUCCESS', 1),
	(1349, 13, '2017-09-23 09:49:17', '%192.168.0.105@AC-D1-B8-7B-20-B3', 'JOEMAR-PC', 'Joemar', 'Windows 10@amd64', 'EVALUATION_SYSTEM', 'SUCCESS', 1),
	(1350, 13, '2017-09-23 10:30:29', '%192.168.0.105@AC-D1-B8-7B-20-B3', 'JOEMAR-PC', 'Joemar', 'Windows 10@amd64', 'EVALUATION_SYSTEM', 'SUCCESS', 1),
	(1351, 13, '2017-09-23 10:32:18', '%192.168.0.105@AC-D1-B8-7B-20-B3', 'JOEMAR-PC', 'Joemar', 'Windows 10@amd64', 'EVALUATION_SYSTEM', 'SUCCESS', 1),
	(1352, 13, '2017-09-23 10:46:44', '%192.168.0.105@AC-D1-B8-7B-20-B3', 'JOEMAR-PC', 'Joemar', 'Windows 10@amd64', 'EVALUATION_SYSTEM', 'SUCCESS', 1),
	(1353, 13, '2017-09-23 10:50:12', '%192.168.0.105@AC-D1-B8-7B-20-B3', 'JOEMAR-PC', 'Joemar', 'Windows 10@amd64', 'EVALUATION_SYSTEM', 'SUCCESS', 1),
	(1354, 13, '2017-09-23 11:13:49', '%192.168.0.105@AC-D1-B8-7B-20-B3', 'JOEMAR-PC', 'Joemar', 'Windows 10@amd64', 'EVALUATION_SYSTEM', 'SUCCESS', 1),
	(1355, 13, '2017-09-23 11:19:11', '%192.168.0.105@AC-D1-B8-7B-20-B3', 'JOEMAR-PC', 'Joemar', 'Windows 10@amd64', 'EVALUATION_SYSTEM', 'SUCCESS', 1),
	(1356, 13, '2017-09-23 11:33:08', '%192.168.0.105@AC-D1-B8-7B-20-B3', 'JOEMAR-PC', 'Joemar', 'Windows 10@amd64', 'EVALUATION_SYSTEM', 'SUCCESS', 1),
	(1357, 13, '2017-09-23 11:43:04', '%192.168.0.105@AC-D1-B8-7B-20-B3', 'JOEMAR-PC', 'Joemar', 'Windows 10@amd64', 'EVALUATION_SYSTEM', 'SUCCESS', 1),
	(1358, 13, '2017-09-23 11:46:49', '%192.168.0.105@AC-D1-B8-7B-20-B3', 'JOEMAR-PC', 'Joemar', 'Windows 10@amd64', 'EVALUATION_SYSTEM', 'SUCCESS', 1),
	(1359, 13, '2017-09-23 12:02:56', '%192.168.0.105@AC-D1-B8-7B-20-B3', 'JOEMAR-PC', 'Joemar', 'Windows 10@amd64', 'EVALUATION_SYSTEM', 'SUCCESS', 1),
	(1360, 13, '2017-09-23 12:17:59', '%192.168.0.105@AC-D1-B8-7B-20-B3', 'JOEMAR-PC', 'Joemar', 'Windows 10@amd64', 'EVALUATION_SYSTEM', 'SUCCESS', 1),
	(1361, 13, '2017-09-23 12:23:32', '%192.168.0.105@AC-D1-B8-7B-20-B3', 'JOEMAR-PC', 'Joemar', 'Windows 10@amd64', 'EVALUATION_SYSTEM', 'SUCCESS', 1),
	(1362, 13, '2017-09-23 12:26:35', '%192.168.0.105@AC-D1-B8-7B-20-B3', 'JOEMAR-PC', 'Joemar', 'Windows 10@amd64', 'EVALUATION_SYSTEM', 'SUCCESS', 1),
	(1363, 13, '2017-09-23 14:21:24', '%192.168.0.105@AC-D1-B8-7B-20-B3', 'JOEMAR-PC', 'Joemar', 'Windows 10@amd64', 'EVALUATION_SYSTEM', 'SUCCESS', 1),
	(1364, 13, '2017-09-23 14:24:31', '%192.168.0.105@AC-D1-B8-7B-20-B3', 'JOEMAR-PC', 'Joemar', 'Windows 10@amd64', 'EVALUATION_SYSTEM', 'SUCCESS', 1),
	(1365, 13, '2017-09-23 14:27:37', '%192.168.0.105@AC-D1-B8-7B-20-B3', 'JOEMAR-PC', 'Joemar', 'Windows 10@amd64', 'EVALUATION_SYSTEM', 'SUCCESS', 1),
	(1366, 13, '2017-09-23 14:40:58', '%192.168.0.105@AC-D1-B8-7B-20-B3', 'JOEMAR-PC', 'Joemar', 'Windows 10@amd64', 'EVALUATION_SYSTEM', 'SUCCESS', 1),
	(1367, 13, '2017-09-23 14:43:15', '%192.168.0.105@AC-D1-B8-7B-20-B3', 'JOEMAR-PC', 'Joemar', 'Windows 10@amd64', 'EVALUATION_SYSTEM', 'SUCCESS', 1),
	(1368, 13, '2017-09-23 14:52:22', '%192.168.0.105@AC-D1-B8-7B-20-B3', 'JOEMAR-PC', 'Joemar', 'Windows 10@amd64', 'EVALUATION_SYSTEM', 'SUCCESS', 1),
	(1369, 13, '2017-09-23 17:26:13', '%192.168.0.105@AC-D1-B8-7B-20-B3', 'JOEMAR-PC', 'Joemar', 'Windows 10@amd64', 'EVALUATION_SYSTEM', 'SUCCESS', 1),
	(1370, 13, '2017-09-23 17:30:39', '%192.168.0.105@AC-D1-B8-7B-20-B3', 'JOEMAR-PC', 'Joemar', 'Windows 10@amd64', 'EVALUATION_SYSTEM', 'SUCCESS', 1),
	(1371, 13, '2017-09-23 17:32:27', '%192.168.0.105@AC-D1-B8-7B-20-B3', 'JOEMAR-PC', 'Joemar', 'Windows 10@amd64', 'EVALUATION_SYSTEM', 'SUCCESS', 1),
	(1372, 13, '2017-09-23 17:39:23', '%192.168.0.105@AC-D1-B8-7B-20-B3', 'JOEMAR-PC', 'Joemar', 'Windows 10@amd64', 'EVALUATION_SYSTEM', 'SUCCESS', 1),
	(1373, 13, '2017-09-23 18:51:34', '%192.168.0.105@AC-D1-B8-7B-20-B3', 'JOEMAR-PC', 'Joemar', 'Windows 10@amd64', 'EVALUATION_SYSTEM', 'SUCCESS', 1),
	(1374, 13, '2017-09-23 18:55:39', '%192.168.0.105@AC-D1-B8-7B-20-B3', 'JOEMAR-PC', 'Joemar', 'Windows 10@amd64', 'EVALUATION_SYSTEM', 'SUCCESS', 1),
	(1375, 13, '2017-09-23 19:08:41', '%192.168.0.105@AC-D1-B8-7B-20-B3', 'JOEMAR-PC', 'Joemar', 'Windows 10@amd64', 'EVALUATION_SYSTEM', 'SUCCESS', 1),
	(1376, 13, '2017-09-23 19:45:37', '%192.168.20.10@AC-D1-B8-7B-20-B3', 'JOEMAR-PC', 'Joemar', 'Windows 10@amd64', 'EVALUATION_SYSTEM', 'SUCCESS', 1),
	(1377, 13, '2017-09-23 20:26:27', '%192.168.20.10@AC-D1-B8-7B-20-B3', 'JOEMAR-PC', 'Joemar', 'Windows 10@amd64', 'EVALUATION_SYSTEM', 'SUCCESS', 1),
	(1378, 13, '2017-09-23 20:38:47', '%192.168.20.10@AC-D1-B8-7B-20-B3', 'JOEMAR-PC', 'Joemar', 'Windows 10@amd64', 'EVALUATION_SYSTEM', 'SUCCESS', 1),
	(1379, 13, '2017-09-23 20:44:07', '%192.168.20.10@AC-D1-B8-7B-20-B3', 'JOEMAR-PC', 'Joemar', 'Windows 10@amd64', 'EVALUATION_SYSTEM', 'SUCCESS', 1),
	(1380, 13, '2017-09-23 20:48:57', '%192.168.20.10@AC-D1-B8-7B-20-B3', 'JOEMAR-PC', 'Joemar', 'Windows 10@amd64', 'EVALUATION_SYSTEM', 'SUCCESS', 1),
	(1381, 13, '2017-09-23 20:52:40', '%192.168.20.10@AC-D1-B8-7B-20-B3', 'JOEMAR-PC', 'Joemar', 'Windows 10@amd64', 'EVALUATION_SYSTEM', 'SUCCESS', 1),
	(1382, 13, '2017-09-23 21:13:47', '%192.168.20.10@AC-D1-B8-7B-20-B3', 'JOEMAR-PC', 'Joemar', 'Windows 10@amd64', 'EVALUATION_SYSTEM', 'SUCCESS', 1),
	(1383, 13, '2017-09-23 21:44:27', '%192.168.20.10@AC-D1-B8-7B-20-B3', 'JOEMAR-PC', 'Joemar', 'Windows 10@amd64', 'EVALUATION_SYSTEM', 'SUCCESS', 1),
	(1384, 13, '2017-09-23 21:46:33', '%192.168.20.10@AC-D1-B8-7B-20-B3', 'JOEMAR-PC', 'Joemar', 'Windows 10@amd64', 'EVALUATION_SYSTEM', 'SUCCESS', 1),
	(1385, 13, '2017-09-23 21:56:59', '%192.168.20.10@AC-D1-B8-7B-20-B3', 'JOEMAR-PC', 'Joemar', 'Windows 10@amd64', 'EVALUATION_SYSTEM', 'SUCCESS', 1),
	(1386, 13, '2017-09-23 22:36:17', '%192.168.20.10@AC-D1-B8-7B-20-B3', 'JOEMAR-PC', 'Joemar', 'Windows 10@amd64', 'EVALUATION_SYSTEM', 'SUCCESS', 1),
	(1387, 13, '2017-09-23 22:50:36', '%192.168.20.10@AC-D1-B8-7B-20-B3', 'JOEMAR-PC', 'Joemar', 'Windows 10@amd64', 'EVALUATION_SYSTEM', 'SUCCESS', 1),
	(1388, 13, '2017-09-23 22:55:11', '%192.168.20.10@AC-D1-B8-7B-20-B3', 'JOEMAR-PC', 'Joemar', 'Windows 10@amd64', 'EVALUATION_SYSTEM', 'SUCCESS', 1),
	(1389, 13, '2017-09-23 22:58:27', '%192.168.20.10@AC-D1-B8-7B-20-B3', 'JOEMAR-PC', 'Joemar', 'Windows 10@amd64', 'EVALUATION_SYSTEM', 'SUCCESS', 1),
	(1390, 13, '2017-09-23 23:02:52', '%192.168.20.10@AC-D1-B8-7B-20-B3', 'JOEMAR-PC', 'Joemar', 'Windows 10@amd64', 'EVALUATION_SYSTEM', 'SUCCESS', 1);
/*!40000 ALTER TABLE `account_faculty_attempt` ENABLE KEYS */;

-- Dumping structure for table cictems.account_faculty_session
CREATE TABLE IF NOT EXISTS `account_faculty_session` (
  `session_id` int(11) NOT NULL AUTO_INCREMENT,
  `FACULTY_account_id` int(11) NOT NULL DEFAULT '0',
  `session_start` datetime DEFAULT NULL,
  `keep_alive` datetime DEFAULT NULL,
  `ip_address` varchar(200) COLLATE utf8_unicode_ci DEFAULT NULL,
  `pc_name` varchar(50) COLLATE utf8_unicode_ci DEFAULT NULL,
  `pc_username` varchar(50) COLLATE utf8_unicode_ci DEFAULT NULL,
  `os` varchar(50) COLLATE utf8_unicode_ci DEFAULT NULL,
  `session_end` datetime DEFAULT NULL,
  `platform` varchar(50) COLLATE utf8_unicode_ci DEFAULT 'Unknown',
  `active` int(11) NOT NULL DEFAULT '1',
  PRIMARY KEY (`session_id`),
  KEY `session_fk_from_account_faculty_id` (`FACULTY_account_id`),
  CONSTRAINT `session_fk_from_account_faculty_id` FOREIGN KEY (`FACULTY_account_id`) REFERENCES `account_faculty` (`id`)
) ENGINE=InnoDB AUTO_INCREMENT=1237 DEFAULT CHARSET=utf8 COLLATE=utf8_unicode_ci;

-- Dumping data for table cictems.account_faculty_session: ~59 rows (approximately)
/*!40000 ALTER TABLE `account_faculty_session` DISABLE KEYS */;
INSERT INTO `account_faculty_session` (`session_id`, `FACULTY_account_id`, `session_start`, `keep_alive`, `ip_address`, `pc_name`, `pc_username`, `os`, `session_end`, `platform`, `active`) VALUES
	(1178, 1, '2017-09-22 17:54:27', '2017-09-22 18:00:27', '%192.168.254.149@40-2C-F4-04-E9-6E', 'Melvin', 'Jhon Melvin', 'Windows 10@amd64', '2017-09-22 18:02:15', 'EVALUATION_SYSTEM', 1),
	(1179, 1, '2017-09-22 18:02:16', '2017-09-22 18:04:46', '%192.168.254.149@40-2C-F4-04-E9-6E', 'Melvin', 'Jhon Melvin', 'Windows 10@amd64', '2017-09-22 18:07:21', 'EVALUATION_SYSTEM', 1),
	(1180, 1, '2017-09-22 18:07:22', '2017-09-22 18:10:22', '%192.168.254.149@40-2C-F4-04-E9-6E', 'Melvin', 'Jhon Melvin', 'Windows 10@amd64', '2017-09-22 18:17:03', 'EVALUATION_SYSTEM', 1),
	(1181, 1, '2017-09-22 18:17:04', '2017-09-22 18:21:04', '%192.168.254.149@40-2C-F4-04-E9-6E', 'Melvin', 'Jhon Melvin', 'Windows 10@amd64', '2017-09-22 18:21:21', 'EVALUATION_SYSTEM', 1),
	(1182, 1, '2017-09-22 18:21:23', '2017-09-22 18:22:53', '%192.168.254.149@40-2C-F4-04-E9-6E', 'Melvin', 'Jhon Melvin', 'Windows 10@amd64', '2017-09-22 18:24:01', 'EVALUATION_SYSTEM', 1),
	(1183, 1, '2017-09-22 18:24:02', '2017-09-22 18:25:03', '%192.168.254.149@40-2C-F4-04-E9-6E', 'Melvin', 'Jhon Melvin', 'Windows 10@amd64', '2017-09-22 18:24:08', 'EVALUATION_SYSTEM', 1),
	(1184, 1, '2017-09-22 18:27:59', '2017-09-24 00:25:24', '%192.168.254.149@40-2C-F4-04-E9-6E', 'Melvin', 'Jhon Melvin', 'Windows 10@amd64', NULL, 'EVALUATION_SYSTEM', 1),
	(1185, 13, '2017-09-22 19:24:06', '2017-09-22 19:29:06', '%192.168.0.103@AC-D1-B8-7B-20-B3', 'JOEMAR-PC', 'Joemar', 'Windows 10@amd64', '2017-09-22 19:28:25', 'EVALUATION_SYSTEM', 1),
	(1186, 13, '2017-09-23 00:29:47', '2017-09-23 00:32:47', '%192.168.0.103@AC-D1-B8-7B-20-B3', 'JOEMAR-PC', 'Joemar', 'Windows 10@amd64', '2017-09-23 00:32:12', 'EVALUATION_SYSTEM', 1),
	(1187, 13, '2017-09-23 00:32:44', '2017-09-23 00:34:14', '%192.168.0.103@AC-D1-B8-7B-20-B3', 'JOEMAR-PC', 'Joemar', 'Windows 10@amd64', '2017-09-23 00:33:26', 'EVALUATION_SYSTEM', 1),
	(1188, 13, '2017-09-23 00:33:59', '2017-09-23 00:36:30', '%192.168.0.103@AC-D1-B8-7B-20-B3', 'JOEMAR-PC', 'Joemar', 'Windows 10@amd64', '2017-09-23 00:35:43', 'EVALUATION_SYSTEM', 1),
	(1189, 13, '2017-09-23 00:38:42', '2017-09-23 00:43:13', '%192.168.0.103@AC-D1-B8-7B-20-B3', 'JOEMAR-PC', 'Joemar', 'Windows 10@amd64', '2017-09-23 00:42:36', 'EVALUATION_SYSTEM', 1),
	(1190, 13, '2017-09-23 00:43:27', '2017-09-23 00:45:28', '%192.168.0.103@AC-D1-B8-7B-20-B3', 'JOEMAR-PC', 'Joemar', 'Windows 10@amd64', '2017-09-23 00:44:55', 'EVALUATION_SYSTEM', 1),
	(1191, 13, '2017-09-23 00:45:36', '2017-09-23 00:48:07', '%192.168.0.103@AC-D1-B8-7B-20-B3', 'JOEMAR-PC', 'Joemar', 'Windows 10@amd64', '2017-09-23 00:47:22', 'EVALUATION_SYSTEM', 1),
	(1192, 13, '2017-09-23 00:48:25', '2017-09-23 00:49:55', '%192.168.0.103@AC-D1-B8-7B-20-B3', 'JOEMAR-PC', 'Joemar', 'Windows 10@amd64', '2017-09-23 00:49:05', 'EVALUATION_SYSTEM', 1),
	(1193, 13, '2017-09-23 00:55:20', '2017-09-23 00:58:21', '%192.168.0.103@AC-D1-B8-7B-20-B3', 'JOEMAR-PC', 'Joemar', 'Windows 10@amd64', '2017-09-23 00:57:32', 'EVALUATION_SYSTEM', 1),
	(1194, 13, '2017-09-23 00:58:13', '2017-09-23 01:03:43', '%192.168.0.103@AC-D1-B8-7B-20-B3', 'JOEMAR-PC', 'Joemar', 'Windows 10@amd64', '2017-09-23 01:02:46', 'EVALUATION_SYSTEM', 1),
	(1195, 13, '2017-09-23 09:49:17', '2017-09-23 09:55:17', '%192.168.0.105@AC-D1-B8-7B-20-B3', 'JOEMAR-PC', 'Joemar', 'Windows 10@amd64', '2017-09-23 09:54:24', 'EVALUATION_SYSTEM', 1),
	(1196, 13, '2017-09-23 10:30:29', '2017-09-23 10:32:30', '%192.168.0.105@AC-D1-B8-7B-20-B3', 'JOEMAR-PC', 'Joemar', 'Windows 10@amd64', '2017-09-23 10:31:45', 'EVALUATION_SYSTEM', 1),
	(1197, 13, '2017-09-23 10:32:18', '2017-09-23 10:46:19', '%192.168.0.105@AC-D1-B8-7B-20-B3', 'JOEMAR-PC', 'Joemar', 'Windows 10@amd64', '2017-09-23 10:45:36', 'EVALUATION_SYSTEM', 1),
	(1198, 13, '2017-09-23 10:46:45', '2017-09-23 10:50:15', '%192.168.0.105@AC-D1-B8-7B-20-B3', 'JOEMAR-PC', 'Joemar', 'Windows 10@amd64', '2017-09-23 10:49:23', 'EVALUATION_SYSTEM', 1),
	(1199, 13, '2017-09-23 10:50:13', '2017-09-23 11:14:13', '%192.168.0.105@AC-D1-B8-7B-20-B3', 'JOEMAR-PC', 'Joemar', 'Windows 10@amd64', '2017-09-23 11:13:19', 'EVALUATION_SYSTEM', 1),
	(1200, 13, '2017-09-23 11:13:50', '2017-09-23 11:19:20', '%192.168.0.105@AC-D1-B8-7B-20-B3', 'JOEMAR-PC', 'Joemar', 'Windows 10@amd64', '2017-09-23 11:18:23', 'EVALUATION_SYSTEM', 1),
	(1201, 13, '2017-09-23 11:19:12', '2017-09-23 11:33:12', '%192.168.0.105@AC-D1-B8-7B-20-B3', 'JOEMAR-PC', 'Joemar', 'Windows 10@amd64', '2017-09-23 11:32:33', 'EVALUATION_SYSTEM', 1),
	(1202, 13, '2017-09-23 11:33:08', '2017-09-23 11:43:08', '%192.168.0.105@AC-D1-B8-7B-20-B3', 'JOEMAR-PC', 'Joemar', 'Windows 10@amd64', '2017-09-23 11:42:32', 'EVALUATION_SYSTEM', 1),
	(1203, 13, '2017-09-23 11:43:04', '2017-09-23 11:47:05', '%192.168.0.105@AC-D1-B8-7B-20-B3', 'JOEMAR-PC', 'Joemar', 'Windows 10@amd64', '2017-09-23 11:46:09', 'EVALUATION_SYSTEM', 1),
	(1204, 13, '2017-09-23 11:46:49', '2017-09-23 12:00:19', '%192.168.0.105@AC-D1-B8-7B-20-B3', 'JOEMAR-PC', 'Joemar', 'Windows 10@amd64', '2017-09-23 11:59:38', 'EVALUATION_SYSTEM', 1),
	(1205, 13, '2017-09-23 12:02:57', '2017-09-23 12:08:27', '%192.168.0.105@AC-D1-B8-7B-20-B3', 'JOEMAR-PC', 'Joemar', 'Windows 10@amd64', '2017-09-23 12:07:33', 'EVALUATION_SYSTEM', 1),
	(1206, 13, '2017-09-23 12:17:59', '2017-09-23 12:20:59', '%192.168.0.105@AC-D1-B8-7B-20-B3', 'JOEMAR-PC', 'Joemar', 'Windows 10@amd64', '2017-09-23 12:23:30', 'EVALUATION_SYSTEM', 1),
	(1207, 13, '2017-09-23 12:23:32', '2017-09-23 12:26:02', '%192.168.0.105@AC-D1-B8-7B-20-B3', 'JOEMAR-PC', 'Joemar', 'Windows 10@amd64', '2017-09-23 12:26:34', 'EVALUATION_SYSTEM', 1),
	(1208, 13, '2017-09-23 12:26:35', '2017-09-23 12:30:06', '%192.168.0.105@AC-D1-B8-7B-20-B3', 'JOEMAR-PC', 'Joemar', 'Windows 10@amd64', '2017-09-23 12:29:06', 'EVALUATION_SYSTEM', 1),
	(1209, 13, '2017-09-23 14:21:25', '2017-09-23 14:24:55', '%192.168.0.105@AC-D1-B8-7B-20-B3', 'JOEMAR-PC', 'Joemar', 'Windows 10@amd64', '2017-09-23 14:24:01', 'EVALUATION_SYSTEM', 1),
	(1210, 13, '2017-09-23 14:24:32', '2017-09-23 14:28:02', '%192.168.0.105@AC-D1-B8-7B-20-B3', 'JOEMAR-PC', 'Joemar', 'Windows 10@amd64', '2017-09-23 14:27:07', 'EVALUATION_SYSTEM', 1),
	(1211, 13, '2017-09-23 14:27:37', '2017-09-23 14:41:08', '%192.168.0.105@AC-D1-B8-7B-20-B3', 'JOEMAR-PC', 'Joemar', 'Windows 10@amd64', '2017-09-23 14:40:24', 'EVALUATION_SYSTEM', 1),
	(1212, 13, '2017-09-23 14:40:58', '2017-09-23 14:43:28', '%192.168.0.105@AC-D1-B8-7B-20-B3', 'JOEMAR-PC', 'Joemar', 'Windows 10@amd64', '2017-09-23 14:42:47', 'EVALUATION_SYSTEM', 1),
	(1213, 13, '2017-09-23 14:43:16', '2017-09-23 14:50:16', '%192.168.0.105@AC-D1-B8-7B-20-B3', 'JOEMAR-PC', 'Joemar', 'Windows 10@amd64', '2017-09-23 14:49:28', 'EVALUATION_SYSTEM', 1),
	(1214, 13, '2017-09-23 14:52:22', '2017-09-23 15:05:23', '%192.168.0.105@AC-D1-B8-7B-20-B3', 'JOEMAR-PC', 'Joemar', 'Windows 10@amd64', '2017-09-23 15:04:50', 'EVALUATION_SYSTEM', 1),
	(1215, 13, '2017-09-23 17:26:13', '2017-09-23 17:30:13', '%192.168.0.105@AC-D1-B8-7B-20-B3', 'JOEMAR-PC', 'Joemar', 'Windows 10@amd64', '2017-09-23 17:29:15', 'EVALUATION_SYSTEM', 1),
	(1216, 13, '2017-09-23 17:30:39', '2017-09-23 17:32:39', '%192.168.0.105@AC-D1-B8-7B-20-B3', 'JOEMAR-PC', 'Joemar', 'Windows 10@amd64', '2017-09-23 17:31:46', 'EVALUATION_SYSTEM', 1),
	(1217, 13, '2017-09-23 17:32:27', '2017-09-23 17:36:27', '%192.168.0.105@AC-D1-B8-7B-20-B3', 'JOEMAR-PC', 'Joemar', 'Windows 10@amd64', '2017-09-23 17:35:46', 'EVALUATION_SYSTEM', 1),
	(1218, 13, '2017-09-23 17:39:23', '2017-09-23 18:47:23', '%192.168.0.105@AC-D1-B8-7B-20-B3', 'JOEMAR-PC', 'Joemar', 'Windows 10@amd64', '2017-09-23 18:46:44', 'EVALUATION_SYSTEM', 1),
	(1219, 13, '2017-09-23 18:51:34', '2017-09-23 18:55:35', '%192.168.0.105@AC-D1-B8-7B-20-B3', 'JOEMAR-PC', 'Joemar', 'Windows 10@amd64', '2017-09-23 18:54:55', 'EVALUATION_SYSTEM', 1),
	(1220, 13, '2017-09-23 18:55:39', '2017-09-23 19:08:39', '%192.168.0.105@AC-D1-B8-7B-20-B3', 'JOEMAR-PC', 'Joemar', 'Windows 10@amd64', '2017-09-23 19:08:05', 'EVALUATION_SYSTEM', 1),
	(1221, 13, '2017-09-23 19:08:41', '2017-09-23 19:22:11', '%192.168.0.105@AC-D1-B8-7B-20-B3', 'JOEMAR-PC', 'Joemar', 'Windows 10@amd64', '2017-09-23 19:21:17', 'EVALUATION_SYSTEM', 1),
	(1222, 13, '2017-09-23 19:45:37', '2017-09-23 20:26:08', '%192.168.20.10@AC-D1-B8-7B-20-B3', 'JOEMAR-PC', 'Joemar', 'Windows 10@amd64', '2017-09-23 20:25:09', 'EVALUATION_SYSTEM', 1),
	(1223, 13, '2017-09-23 20:26:27', '2017-09-23 20:32:58', '%192.168.20.10@AC-D1-B8-7B-20-B3', 'JOEMAR-PC', 'Joemar', 'Windows 10@amd64', '2017-09-23 20:32:05', 'EVALUATION_SYSTEM', 1),
	(1224, 13, '2017-09-23 20:38:48', '2017-09-23 20:41:48', '%192.168.20.10@AC-D1-B8-7B-20-B3', 'JOEMAR-PC', 'Joemar', 'Windows 10@amd64', '2017-09-23 20:41:04', 'EVALUATION_SYSTEM', 1),
	(1225, 13, '2017-09-23 20:44:07', '2017-09-23 20:45:08', '%192.168.20.10@AC-D1-B8-7B-20-B3', 'JOEMAR-PC', 'Joemar', 'Windows 10@amd64', '2017-09-23 20:44:33', 'EVALUATION_SYSTEM', 1),
	(1226, 13, '2017-09-23 20:48:57', '2017-09-23 20:50:58', '%192.168.20.10@AC-D1-B8-7B-20-B3', 'JOEMAR-PC', 'Joemar', 'Windows 10@amd64', '2017-09-23 20:50:07', 'EVALUATION_SYSTEM', 1),
	(1227, 13, '2017-09-23 20:52:41', '2017-09-23 21:13:41', '%192.168.20.10@AC-D1-B8-7B-20-B3', 'JOEMAR-PC', 'Joemar', 'Windows 10@amd64', '2017-09-23 21:13:00', 'EVALUATION_SYSTEM', 1),
	(1228, 13, '2017-09-23 21:13:48', '2017-09-23 21:44:18', '%192.168.20.10@AC-D1-B8-7B-20-B3', 'JOEMAR-PC', 'Joemar', 'Windows 10@amd64', '2017-09-23 21:43:29', 'EVALUATION_SYSTEM', 1),
	(1229, 13, '2017-09-23 21:44:27', '2017-09-23 21:46:58', '%192.168.20.10@AC-D1-B8-7B-20-B3', 'JOEMAR-PC', 'Joemar', 'Windows 10@amd64', '2017-09-23 21:45:58', 'EVALUATION_SYSTEM', 1),
	(1230, 13, '2017-09-23 21:46:33', '2017-09-23 21:54:03', '%192.168.20.10@AC-D1-B8-7B-20-B3', 'JOEMAR-PC', 'Joemar', 'Windows 10@amd64', '2017-09-23 21:53:27', 'EVALUATION_SYSTEM', 1),
	(1231, 13, '2017-09-23 21:56:59', '2017-09-23 22:36:29', '%192.168.20.10@AC-D1-B8-7B-20-B3', 'JOEMAR-PC', 'Joemar', 'Windows 10@amd64', '2017-09-23 22:35:41', 'EVALUATION_SYSTEM', 1),
	(1232, 13, '2017-09-23 22:36:17', '2017-09-23 22:48:18', '%192.168.20.10@AC-D1-B8-7B-20-B3', 'JOEMAR-PC', 'Joemar', 'Windows 10@amd64', '2017-09-23 22:47:38', 'EVALUATION_SYSTEM', 1),
	(1233, 13, '2017-09-23 22:50:36', '2017-09-23 22:55:36', '%192.168.20.10@AC-D1-B8-7B-20-B3', 'JOEMAR-PC', 'Joemar', 'Windows 10@amd64', '2017-09-23 22:54:42', 'EVALUATION_SYSTEM', 1),
	(1234, 13, '2017-09-23 22:55:11', '2017-09-23 22:58:42', '%192.168.20.10@AC-D1-B8-7B-20-B3', 'JOEMAR-PC', 'Joemar', 'Windows 10@amd64', '2017-09-23 22:57:59', 'EVALUATION_SYSTEM', 1),
	(1235, 13, '2017-09-23 22:58:27', '2017-09-23 23:00:58', '%192.168.20.10@AC-D1-B8-7B-20-B3', 'JOEMAR-PC', 'Joemar', 'Windows 10@amd64', '2017-09-23 23:00:02', 'EVALUATION_SYSTEM', 1),
	(1236, 13, '2017-09-23 23:02:53', '2017-09-23 23:08:53', '%192.168.20.10@AC-D1-B8-7B-20-B3', 'JOEMAR-PC', 'Joemar', 'Windows 10@amd64', '2017-09-23 23:08:05', 'EVALUATION_SYSTEM', 1);
/*!40000 ALTER TABLE `account_faculty_session` ENABLE KEYS */;

-- Dumping structure for table cictems.account_student
CREATE TABLE IF NOT EXISTS `account_student` (
  `id` int(11) NOT NULL AUTO_INCREMENT,
  `STUDENT_id` int(11) DEFAULT NULL,
  `username` varchar(50) COLLATE utf8_unicode_ci DEFAULT NULL,
  `password` varchar(50) COLLATE utf8_unicode_ci DEFAULT NULL,
  `recovery_question` varchar(100) COLLATE utf8_unicode_ci DEFAULT NULL,
  `recovery_answer` varchar(100) COLLATE utf8_unicode_ci DEFAULT NULL,
  `access_level` varchar(100) COLLATE utf8_unicode_ci DEFAULT 'STUDENT',
  `affiliates` varchar(100) COLLATE utf8_unicode_ci DEFAULT 'NONE',
  `state` int(11) DEFAULT '0',
  `tries` int(11) DEFAULT '0' COMMENT 'same as faculty wrong count',
  `blocked_until` datetime DEFAULT NULL,
  `active` int(11) DEFAULT '1',
  PRIMARY KEY (`id`),
  UNIQUE KEY `username` (`username`),
  UNIQUE KEY `STUDENT_id` (`STUDENT_id`),
  CONSTRAINT `acc_student_fk_from_student_id` FOREIGN KEY (`STUDENT_id`) REFERENCES `student` (`cict_id`)
) ENGINE=InnoDB AUTO_INCREMENT=26 DEFAULT CHARSET=utf8 COLLATE=utf8_unicode_ci;

-- Dumping data for table cictems.account_student: ~4 rows (approximately)
/*!40000 ALTER TABLE `account_student` DISABLE KEYS */;
INSERT INTO `account_student` (`id`, `STUDENT_id`, `username`, `password`, `recovery_question`, `recovery_answer`, `access_level`, `affiliates`, `state`, `tries`, `blocked_until`, `active`) VALUES
	(22, 57, 'jhmvin', '123456', 'What was the name of the street you lived in as a child?', 'LGONZALES', 'STUDENT', 'NONE', 0, 0, NULL, 1),
	(23, 58, 'arlealyn', '123456', 'What was the name of the street you lived in as a child?', 'sa tabi tabi', 'STUDENT', 'NONE', 0, 0, NULL, 1),
	(24, 59, 'jlnclsmrc', '123456', 'What primary school did you attend?', 'heyheyhey', 'ORGANIZATIONAL', 'NONE', 0, 0, NULL, 1),
	(25, 61, 'jhmvin1233', '123456', 'What are the last six digits of your Student ID?', '111111', 'STUDENT', 'NONE', 0, 0, NULL, 1);
/*!40000 ALTER TABLE `account_student` ENABLE KEYS */;

-- Dumping structure for table cictems.curriculum
CREATE TABLE IF NOT EXISTS `curriculum` (
  `id` int(30) NOT NULL AUTO_INCREMENT,
  `ACADPROG_id` int(30) DEFAULT NULL,
  `major` varchar(50) COLLATE utf8_unicode_ci DEFAULT NULL,
  `name` varchar(50) COLLATE utf8_unicode_ci DEFAULT NULL,
  `description` varchar(50) COLLATE utf8_unicode_ci DEFAULT 'NO DESCRIPTION',
  `ladderization` varchar(50) COLLATE utf8_unicode_ci DEFAULT NULL,
  `ladderization_type` varchar(50) COLLATE utf8_unicode_ci DEFAULT NULL,
  `study_years` int(11) DEFAULT NULL,
  `created_date` datetime DEFAULT CURRENT_TIMESTAMP,
  `created_by` int(11) DEFAULT NULL,
  `updated_date` datetime DEFAULT NULL,
  `updated_by` int(11) DEFAULT NULL,
  `removed_date` datetime DEFAULT NULL,
  `removed_by` int(11) DEFAULT NULL,
  `implemented` tinyint(4) DEFAULT '0',
  `implementation_date` datetime DEFAULT NULL,
  `implemented_by` int(11) DEFAULT NULL,
  `active` int(11) NOT NULL DEFAULT '1',
  PRIMARY KEY (`id`),
  KEY `curriculum_fk_from_academic_program_id` (`ACADPROG_id`),
  KEY `curriculum_fk_created_by` (`created_by`),
  KEY `curriculum_fk_removed_by` (`removed_by`),
  KEY `curriculum_fk_implemented_by` (`implemented_by`),
  KEY `curriculum_fk_updated_by` (`updated_by`),
  CONSTRAINT `curriculum_fk_created_by` FOREIGN KEY (`created_by`) REFERENCES `faculty` (`id`),
  CONSTRAINT `curriculum_fk_from_academic_program_id` FOREIGN KEY (`ACADPROG_id`) REFERENCES `academic_program` (`id`),
  CONSTRAINT `curriculum_fk_implemented_by` FOREIGN KEY (`implemented_by`) REFERENCES `faculty` (`id`),
  CONSTRAINT `curriculum_fk_removed_by` FOREIGN KEY (`removed_by`) REFERENCES `faculty` (`id`),
  CONSTRAINT `curriculum_fk_updated_by` FOREIGN KEY (`updated_by`) REFERENCES `faculty` (`id`)
) ENGINE=InnoDB AUTO_INCREMENT=11 DEFAULT CHARSET=utf8 COLLATE=utf8_unicode_ci;

-- Dumping data for table cictems.curriculum: ~5 rows (approximately)
/*!40000 ALTER TABLE `curriculum` DISABLE KEYS */;
INSERT INTO `curriculum` (`id`, `ACADPROG_id`, `major`, `name`, `description`, `ladderization`, `ladderization_type`, `study_years`, `created_date`, `created_by`, `updated_date`, `updated_by`, `removed_date`, `removed_by`, `implemented`, `implementation_date`, `implemented_by`, `active`) VALUES
	(6, 4, 'NONE', 'ACT (15-16)', 'NO DESCRIPTION', 'YES', 'PREPARATORY', 2, '2017-09-06 14:19:06', 4, NULL, NULL, NULL, NULL, 0, NULL, NULL, 1),
	(7, 5, 'NONE', 'BSIT NEW', 'NO DESCRIPTION', 'NO', 'NONE', 4, '2017-09-06 14:19:54', 3, NULL, NULL, NULL, NULL, 0, NULL, NULL, 1),
	(8, 6, 'SAMPLE', 'SAMPLE', 'SAMPLE', 'NO', 'NONE', 4, '2017-09-09 12:02:00', 1, '2017-09-09 12:56:07', NULL, NULL, NULL, 0, NULL, NULL, 1),
	(9, 5, 'NONE', 'BSIT OLD', 'S.Y. 2011-2012', 'NO', 'NONE', 4, '2017-09-23 18:13:06', 3, NULL, NULL, NULL, NULL, 0, NULL, NULL, 1),
	(10, 7, 'COMPUTER TECHNOLOGY', 'BITCT', 'BACHELOR IN INDUSTRIAL TECHNOLOGY', 'NO', 'NONE', 4, '2017-09-23 20:54:17', 3, NULL, NULL, NULL, NULL, 0, NULL, NULL, 1);
/*!40000 ALTER TABLE `curriculum` ENABLE KEYS */;

-- Dumping structure for table cictems.curriculum_history
CREATE TABLE IF NOT EXISTS `curriculum_history` (
  `history_id` int(11) NOT NULL AUTO_INCREMENT,
  `CURRICULUM_id` int(11) DEFAULT NULL,
  `major` varchar(50) COLLATE utf8_unicode_ci DEFAULT NULL,
  `name` varchar(50) COLLATE utf8_unicode_ci DEFAULT NULL,
  `description` varchar(50) COLLATE utf8_unicode_ci DEFAULT NULL,
  `ladderization` varchar(50) COLLATE utf8_unicode_ci DEFAULT NULL,
  `ladderization_type` varchar(50) COLLATE utf8_unicode_ci DEFAULT NULL,
  `study_years` int(11) DEFAULT NULL,
  `created_date` datetime DEFAULT NULL,
  `created_by` int(11) DEFAULT NULL,
  `updated_date` datetime DEFAULT NULL,
  `updated_by` int(11) DEFAULT NULL,
  `removed_date` datetime DEFAULT NULL,
  `removed_by` int(11) DEFAULT NULL,
  `implemented` int(11) DEFAULT NULL,
  `implementation_date` datetime DEFAULT NULL,
  `implemented_by` int(11) DEFAULT NULL,
  `active` int(11) NOT NULL DEFAULT '1',
  PRIMARY KEY (`history_id`)
) ENGINE=InnoDB AUTO_INCREMENT=5 DEFAULT CHARSET=utf8 COLLATE=utf8_unicode_ci;

-- Dumping data for table cictems.curriculum_history: ~0 rows (approximately)
/*!40000 ALTER TABLE `curriculum_history` DISABLE KEYS */;
/*!40000 ALTER TABLE `curriculum_history` ENABLE KEYS */;

-- Dumping structure for table cictems.curriculum_history_summary
CREATE TABLE IF NOT EXISTS `curriculum_history_summary` (
  `history_id` int(11) NOT NULL AUTO_INCREMENT,
  `curriculum_id` int(11) DEFAULT NULL,
  `description` varchar(300) COLLATE utf8_unicode_ci DEFAULT NULL,
  `created_by` int(11) DEFAULT NULL,
  `created_date` datetime DEFAULT CURRENT_TIMESTAMP,
  `active` tinyint(4) DEFAULT '1',
  PRIMARY KEY (`history_id`),
  KEY `cur_history_fk_curriculum_id` (`curriculum_id`),
  KEY `cur_history_fk_faculty` (`created_by`),
  CONSTRAINT `cur_history_fk_curriculum_id` FOREIGN KEY (`curriculum_id`) REFERENCES `curriculum` (`id`),
  CONSTRAINT `cur_history_fk_faculty` FOREIGN KEY (`created_by`) REFERENCES `faculty` (`id`)
) ENGINE=InnoDB AUTO_INCREMENT=189 DEFAULT CHARSET=utf8 COLLATE=utf8_unicode_ci;

-- Dumping data for table cictems.curriculum_history_summary: ~188 rows (approximately)
/*!40000 ALTER TABLE `curriculum_history_summary` DISABLE KEYS */;
INSERT INTO `curriculum_history_summary` (`history_id`, `curriculum_id`, `description`, `created_by`, `created_date`, `active`) VALUES
	(1, 8, 'CHANGE NAME OF CURRICULUM SAMPLE [ID-8]', 1, '2017-09-09 12:53:30', 1),
	(2, 8, 'CHANGE NAME', NULL, '2017-09-09 12:53:56', 1),
	(3, 8, 'REMOVE PRE REQUISITE MATH 113[ID-10] FOR SUBJECT MATH 223 []ID-23]  FROM CURRICULUM SAMPLE [ID-14] SECOND SEMESTER', NULL, '2017-09-09 12:55:44', 1),
	(4, 8, 'ADDED SUBJECT MATH 113[ID-25]  SECOND SEMESTERCURRICULUM', NULL, '2017-09-09 13:25:33', 1),
	(5, 7, 'ADDED SUBJECT [ID:202] ACT 223 TO SECOND YEAR-SECOND SEMESTER', 3, '2017-09-23 11:01:32', 1),
	(6, 7, 'REMOVED SUBJECT [ID:140] ACT 223 FROM SECOND YEAR-SECOND SEMESTER', 3, '2017-09-23 11:00:41', 1),
	(7, 7, 'ADDED PRE-REQUISITE [ID:133] ACT 233 FOR [ID:202] ACT 223 FROM SECOND YEAR-SECOND SEMESTER', 3, '2017-09-23 11:03:44', 1),
	(8, 7, 'ADDED PRE-REQUISITE [ID:172] ACT 213 FOR [ID:202] ACT 223 FROM SECOND YEAR-SECOND SEMESTER', 3, '2017-09-23 11:03:44', 1),
	(9, 7, 'ADDED CO-REQUISITE [ID:177] IT 333 FOR [ID:157] IT 373 FROM THIRD YEAR-FIRST SEMESTER', 3, '2017-09-23 11:04:43', 1),
	(10, 7, 'ADDED PRE-REQUISITE [ID:164] IT 363 FOR [ID:186] IT 413 FROM FOURTH YEAR-FIRST SEMESTER', 3, '2017-09-23 11:44:03', 1),
	(11, 7, 'ADDED PRE-REQUISITE [ID:165] IT 383 FOR [ID:186] IT 413 FROM FOURTH YEAR-FIRST SEMESTER', 3, '2017-09-23 11:44:03', 1),
	(12, 7, 'ADDED PRE-REQUISITE [ID:166] CAPS 01 FOR [ID:169] CAPS 02 FROM FOURTH YEAR-FIRST SEMESTER', 3, '2017-09-23 11:44:26', 1),
	(13, 7, 'ADDED PRE-REQUISITE [ID:167] FREL 02 FOR [ID:188] FREL 03 FROM FOURTH YEAR-FIRST SEMESTER', 3, '2017-09-23 11:44:38', 1),
	(14, 6, 'ADDED CO-REQUISITE [ID:147] ACT 123 FOR [ID:126] ACT 143 FROM FIRST YEAR-SECOND SEMESTER', 3, '2017-09-23 14:25:58', 1),
	(15, 9, 'ADDED SUBJECT [ID:190] COMP 113 TO FIRST YEAR-SECOND SEMESTER', 3, '2017-09-23 18:13:50', 1),
	(16, 9, 'ADDED SUBJECT [ID:191] IT 113 TO FIRST YEAR-SECOND SEMESTER', 3, '2017-09-23 18:13:50', 1),
	(17, 9, 'ADDED SUBJECT [ID:192] IT 133 TO FIRST YEAR-SECOND SEMESTER', 3, '2017-09-23 18:13:50', 1),
	(18, 9, 'ADDED SUBJECT [ID:113] MATH 113 TO FIRST YEAR-SECOND SEMESTER', 3, '2017-09-23 18:13:50', 1),
	(19, 9, 'ADDED SUBJECT [ID:194] ENG 113 TO FIRST YEAR-SECOND SEMESTER', 3, '2017-09-23 18:13:50', 1),
	(20, 9, 'ADDED SUBJECT [ID:193] SCI 113 TO FIRST YEAR-SECOND SEMESTER', 3, '2017-09-23 18:13:50', 1),
	(21, 9, 'ADDED SUBJECT [ID:203] FIL 113 TO FIRST YEAR-SECOND SEMESTER', 3, '2017-09-23 18:13:50', 1),
	(22, 9, 'ADDED SUBJECT [ID:114] SOCSCI 113 TO FIRST YEAR-SECOND SEMESTER', 3, '2017-09-23 18:13:50', 1),
	(23, 9, 'ADDED SUBJECT [ID:196] PE 112 TO FIRST YEAR-SECOND SEMESTER', 3, '2017-09-23 18:13:50', 1),
	(24, 9, 'ADDED SUBJECT [ID:119] NSTP 1 TO FIRST YEAR-SECOND SEMESTER', 3, '2017-09-23 18:13:50', 1),
	(25, 9, 'ADDED SUBJECT [ID:197] COMP 123 TO FIRST YEAR-SECOND SEMESTER', 3, '2017-09-23 18:19:13', 1),
	(26, 9, 'ADDED SUBJECT [ID:198] IT 123 TO FIRST YEAR-SECOND SEMESTER', 3, '2017-09-23 18:19:13', 1),
	(27, 9, 'ADDED SUBJECT [ID:199] IT 143 TO FIRST YEAR-SECOND SEMESTER', 3, '2017-09-23 18:19:13', 1),
	(28, 9, 'ADDED SUBJECT [ID:121] MATH 123 TO FIRST YEAR-SECOND SEMESTER', 3, '2017-09-23 18:19:13', 1),
	(29, 9, 'ADDED SUBJECT [ID:120] ENG 123 TO FIRST YEAR-SECOND SEMESTER', 3, '2017-09-23 18:19:13', 1),
	(30, 9, 'ADDED SUBJECT [ID:204] SCI 123 TO FIRST YEAR-SECOND SEMESTER', 3, '2017-09-23 18:19:13', 1),
	(31, 9, 'ADDED SUBJECT [ID:201] FIL 123 TO FIRST YEAR-SECOND SEMESTER', 3, '2017-09-23 18:19:13', 1),
	(32, 9, 'ADDED SUBJECT [ID:205] PSYCHO 123 TO FIRST YEAR-SECOND SEMESTER', 3, '2017-09-23 18:19:13', 1),
	(33, 9, 'ADDED SUBJECT [ID:129] NSTP 2 TO FIRST YEAR-SECOND SEMESTER', 3, '2017-09-23 18:19:13', 1),
	(34, 9, 'ADDED SUBJECT [ID:206] PE 122 TO FIRST YEAR-SECOND SEMESTER', 3, '2017-09-23 18:27:24', 1),
	(35, 9, 'ADDED SUBJECT [ID:207] IT 213 TO SECOND YEAR-FIRST SEMESTER', 3, '2017-09-23 18:27:44', 1),
	(36, 9, 'ADDED SUBJECT [ID:208] IT 233 TO SECOND YEAR-FIRST SEMESTER', 3, '2017-09-23 18:27:44', 1),
	(37, 9, 'ADDED SUBJECT [ID:209] IT 253 TO SECOND YEAR-FIRST SEMESTER', 3, '2017-09-23 18:27:44', 1),
	(38, 9, 'ADDED SUBJECT [ID:210] IT 273 TO SECOND YEAR-FIRST SEMESTER', 3, '2017-09-23 18:27:44', 1),
	(39, 9, 'ADDED SUBJECT [ID:211] IT 293 TO SECOND YEAR-FIRST SEMESTER', 3, '2017-09-23 18:27:44', 1),
	(40, 9, 'ADDED SUBJECT [ID:212] ENG 213 TO SECOND YEAR-FIRST SEMESTER', 3, '2017-09-23 18:27:44', 1),
	(41, 9, 'ADDED SUBJECT [ID:213] SOCSCI 213 TO SECOND YEAR-FIRST SEMESTER', 3, '2017-09-23 18:27:44', 1),
	(42, 9, 'ADDED SUBJECT [ID:214] LIT 213 TO SECOND YEAR-FIRST SEMESTER', 3, '2017-09-23 18:27:44', 1),
	(43, 9, 'ADDED SUBJECT [ID:215] PE 212 TO SECOND YEAR-FIRST SEMESTER', 3, '2017-09-23 18:27:44', 1),
	(44, 9, 'ADDED SUBJECT [ID:216] IT 223 TO SECOND YEAR-SECOND SEMESTER', 3, '2017-09-23 18:34:48', 1),
	(45, 9, 'ADDED SUBJECT [ID:217] IT 243 TO SECOND YEAR-SECOND SEMESTER', 3, '2017-09-23 18:34:48', 1),
	(46, 9, 'ADDED SUBJECT [ID:218] IT 263 TO SECOND YEAR-SECOND SEMESTER', 3, '2017-09-23 18:34:48', 1),
	(47, 9, 'ADDED SUBJECT [ID:219] IT 283 TO SECOND YEAR-SECOND SEMESTER', 3, '2017-09-23 18:34:48', 1),
	(48, 9, 'ADDED SUBJECT [ID:220] ACC 223 TO SECOND YEAR-SECOND SEMESTER', 3, '2017-09-23 18:34:48', 1),
	(49, 9, 'ADDED SUBJECT [ID:221] SOCSCI 223 TO SECOND YEAR-SECOND SEMESTER', 3, '2017-09-23 18:43:55', 1),
	(50, 9, 'ADDED SUBJECT [ID:223] MATH 223 TO SECOND YEAR-SECOND SEMESTER', 3, '2017-09-23 18:43:55', 1),
	(51, 9, 'ADDED SUBJECT [ID:224] PHILO 223 TO SECOND YEAR-SECOND SEMESTER', 3, '2017-09-23 18:43:55', 1),
	(52, 9, 'ADDED SUBJECT [ID:225] PE 222 TO SECOND YEAR-SECOND SEMESTER', 3, '2017-09-23 18:43:55', 1),
	(53, 9, 'ADDED SUBJECT [ID:226] IT 313 TO THIRD YEAR-FIRST SEMESTER', 3, '2017-09-23 19:13:35', 1),
	(54, 9, 'ADDED SUBJECT [ID:227] IT 333 TO THIRD YEAR-FIRST SEMESTER', 3, '2017-09-23 19:13:35', 1),
	(55, 9, 'ADDED SUBJECT [ID:228] IT 353 TO THIRD YEAR-FIRST SEMESTER', 3, '2017-09-23 19:13:35', 1),
	(56, 9, 'ADDED SUBJECT [ID:229] IT 373 TO THIRD YEAR-FIRST SEMESTER', 3, '2017-09-23 19:13:35', 1),
	(57, 9, 'ADDED SUBJECT [ID:230] IT 393 TO THIRD YEAR-FIRST SEMESTER', 3, '2017-09-23 19:13:35', 1),
	(58, 9, 'ADDED SUBJECT [ID:231] FREL 01 TO THIRD YEAR-FIRST SEMESTER', 3, '2017-09-23 19:13:35', 1),
	(59, 9, 'ADDED SUBJECT [ID:232] HUM 313 TO THIRD YEAR-FIRST SEMESTER', 3, '2017-09-23 19:20:09', 1),
	(60, 9, 'ADDED SUBJECT [ID:233] SOCSCI 313 TO THIRD YEAR-FIRST SEMESTER', 3, '2017-09-23 19:20:09', 1),
	(61, 9, 'ADDED SUBJECT [ID:234] IT 323 TO THIRD YEAR-SECOND SEMESTER', 3, '2017-09-23 19:52:45', 1),
	(62, 9, 'ADDED SUBJECT [ID:235] IT 343 TO THIRD YEAR-SECOND SEMESTER', 3, '2017-09-23 19:52:45', 1),
	(63, 9, 'ADDED SUBJECT [ID:236] IT 363 TO THIRD YEAR-SECOND SEMESTER', 3, '2017-09-23 19:52:45', 1),
	(64, 9, 'ADDED SUBJECT [ID:237] IT 383 TO THIRD YEAR-SECOND SEMESTER', 3, '2017-09-23 19:52:45', 1),
	(65, 9, 'ADDED SUBJECT [ID:238] IT 303 TO THIRD YEAR-SECOND SEMESTER', 3, '2017-09-23 19:52:45', 1),
	(66, 9, 'ADDED SUBJECT [ID:239] FREL 02 TO THIRD YEAR-SECOND SEMESTER', 3, '2017-09-23 19:52:45', 1),
	(67, 9, 'ADDED SUBJECT [ID:240] RES 323 TO THIRD YEAR-SECOND SEMESTER', 3, '2017-09-23 19:52:45', 1),
	(68, 9, 'ADDED SUBJECT [ID:241] SOCSCI 323 TO THIRD YEAR-SECOND SEMESTER', 3, '2017-09-23 19:52:45', 1),
	(69, 9, 'ADDED SUBJECT [ID:243] IT 443 TO FOURTH YEAR-FIRST SEMESTER', 3, '2017-09-23 20:01:07', 1),
	(70, 9, 'ADDED SUBJECT [ID:244] FREL 03 TO FOURTH YEAR-FIRST SEMESTER', 3, '2017-09-23 20:01:07', 1),
	(71, 9, 'ADDED SUBJECT [ID:242] IT 413 TO FOURTH YEAR-FIRST SEMESTER', 3, '2017-09-23 20:04:48', 1),
	(72, 9, 'ADDED SUBJECT [ID:171] IT 423 TO FOURTH YEAR-SECOND SEMESTER', 3, '2017-09-23 20:05:00', 1),
	(73, 9, 'ADDED PRE-REQUISITE [ID:190] COMP 113 FOR [ID:197] COMP 123 FROM FIRST YEAR-SECOND SEMESTER', 3, '2017-09-23 20:05:32', 1),
	(74, 9, 'ADDED PRE-REQUISITE [ID:191] IT 113 FOR [ID:198] IT 123 FROM FIRST YEAR-SECOND SEMESTER', 3, '2017-09-23 20:05:47', 1),
	(75, 9, 'ADDED PRE-REQUISITE [ID:192] IT 133 FOR [ID:199] IT 143 FROM FIRST YEAR-SECOND SEMESTER', 3, '2017-09-23 20:06:09', 1),
	(76, 9, 'ADDED PRE-REQUISITE [ID:113] MATH 113 FOR [ID:121] MATH 123 FROM FIRST YEAR-SECOND SEMESTER', 3, '2017-09-23 20:06:28', 1),
	(77, 9, 'ADDED PRE-REQUISITE [ID:194] ENG 113 FOR [ID:120] ENG 123 FROM FIRST YEAR-SECOND SEMESTER', 3, '2017-09-23 20:06:44', 1),
	(78, 9, 'ADDED PRE-REQUISITE [ID:193] SCI 113 FOR [ID:204] SCI 123 FROM FIRST YEAR-SECOND SEMESTER', 3, '2017-09-23 20:07:11', 1),
	(79, 9, 'ADDED PRE-REQUISITE [ID:119] NSTP 1 FOR [ID:129] NSTP 2 FROM FIRST YEAR-SECOND SEMESTER', 3, '2017-09-23 20:07:26', 1),
	(80, 9, 'ADDED PRE-REQUISITE [ID:197] COMP 123 FOR [ID:207] IT 213 FROM SECOND YEAR-FIRST SEMESTER', 3, '2017-09-23 20:07:55', 1),
	(81, 9, 'ADDED PRE-REQUISITE [ID:198] IT 123 FOR [ID:208] IT 233 FROM SECOND YEAR-FIRST SEMESTER', 3, '2017-09-23 20:08:10', 1),
	(82, 9, 'ADDED PRE-REQUISITE [ID:198] IT 123 FOR [ID:209] IT 253 FROM SECOND YEAR-FIRST SEMESTER', 3, '2017-09-23 20:08:26', 1),
	(83, 9, 'ADDED PRE-REQUISITE [ID:198] IT 123 FOR [ID:210] IT 273 FROM SECOND YEAR-FIRST SEMESTER', 3, '2017-09-23 20:08:40', 1),
	(84, 9, 'ADDED PRE-REQUISITE [ID:121] MATH 123 FOR [ID:211] IT 293 FROM SECOND YEAR-FIRST SEMESTER', 3, '2017-09-23 20:09:00', 1),
	(85, 9, 'ADDED PRE-REQUISITE [ID:120] ENG 123 FOR [ID:212] ENG 213 FROM SECOND YEAR-FIRST SEMESTER', 3, '2017-09-23 20:09:17', 1),
	(86, 9, 'ADDED PRE-REQUISITE [ID:208] IT 233 FOR [ID:216] IT 223 FROM SECOND YEAR-SECOND SEMESTER', 3, '2017-09-23 20:09:41', 1),
	(87, 9, 'ADDED PRE-REQUISITE [ID:210] IT 273 FOR [ID:217] IT 243 FROM SECOND YEAR-SECOND SEMESTER', 3, '2017-09-23 20:09:56', 1),
	(88, 9, 'ADDED PRE-REQUISITE [ID:209] IT 253 FOR [ID:217] IT 243 FROM SECOND YEAR-SECOND SEMESTER', 3, '2017-09-23 20:09:56', 1),
	(89, 9, 'ADDED PRE-REQUISITE [ID:199] IT 143 FOR [ID:218] IT 263 FROM SECOND YEAR-SECOND SEMESTER', 3, '2017-09-23 20:10:18', 1),
	(90, 9, 'ADDED PRE-REQUISITE [ID:190] COMP 113 FOR [ID:219] IT 283 FROM SECOND YEAR-SECOND SEMESTER', 3, '2017-09-23 20:10:37', 1),
	(91, 9, 'ADDED PRE-REQUISITE [ID:121] MATH 123 FOR [ID:220] ACC 223 FROM SECOND YEAR-SECOND SEMESTER', 3, '2017-09-23 20:10:52', 1),
	(92, 9, 'ADDED PRE-REQUISITE [ID:113] MATH 113 FOR [ID:223] MATH 223 FROM SECOND YEAR-SECOND SEMESTER', 3, '2017-09-23 20:11:15', 1),
	(93, 9, 'ADDED PRE-REQUISITE [ID:217] IT 243 FOR [ID:226] IT 313 FROM THIRD YEAR-FIRST SEMESTER', 3, '2017-09-23 20:11:38', 1),
	(94, 9, 'ADDED PRE-REQUISITE [ID:216] IT 223 FOR [ID:226] IT 313 FROM THIRD YEAR-FIRST SEMESTER', 3, '2017-09-23 20:11:38', 1),
	(95, 9, 'ADDED PRE-REQUISITE [ID:218] IT 263 FOR [ID:227] IT 333 FROM THIRD YEAR-FIRST SEMESTER', 3, '2017-09-23 20:12:01', 1),
	(96, 9, 'ADDED PRE-REQUISITE [ID:207] IT 213 FOR [ID:228] IT 353 FROM THIRD YEAR-FIRST SEMESTER', 3, '2017-09-23 20:12:16', 1),
	(97, 9, 'ADDED PRE-REQUISITE [ID:218] IT 263 FOR [ID:229] IT 373 FROM THIRD YEAR-FIRST SEMESTER', 3, '2017-09-23 20:12:40', 1),
	(98, 9, 'ADDED PRE-REQUISITE [ID:218] IT 263 FOR [ID:230] IT 393 FROM THIRD YEAR-FIRST SEMESTER', 3, '2017-09-23 20:13:02', 1),
	(99, 9, 'ADDED PRE-REQUISITE [ID:216] IT 223 FOR [ID:230] IT 393 FROM THIRD YEAR-FIRST SEMESTER', 3, '2017-09-23 20:13:02', 1),
	(100, 9, 'ADDED PRE-REQUISITE [ID:226] IT 313 FOR [ID:234] IT 323 FROM THIRD YEAR-SECOND SEMESTER', 3, '2017-09-23 20:13:53', 1),
	(101, 9, 'ADDED PRE-REQUISITE [ID:216] IT 223 FOR [ID:235] IT 343 FROM THIRD YEAR-SECOND SEMESTER', 3, '2017-09-23 20:15:04', 1),
	(102, 9, 'ADDED PRE-REQUISITE [ID:210] IT 273 FOR [ID:235] IT 343 FROM THIRD YEAR-SECOND SEMESTER', 3, '2017-09-23 20:15:04', 1),
	(103, 9, 'ADDED PRE-REQUISITE [ID:216] IT 223 FOR [ID:236] IT 363 FROM THIRD YEAR-SECOND SEMESTER', 3, '2017-09-23 20:15:33', 1),
	(104, 9, 'ADDED PRE-REQUISITE [ID:210] IT 273 FOR [ID:236] IT 363 FROM THIRD YEAR-SECOND SEMESTER', 3, '2017-09-23 20:15:33', 1),
	(105, 9, 'ADDED PRE-REQUISITE [ID:230] IT 393 FOR [ID:237] IT 383 FROM THIRD YEAR-SECOND SEMESTER', 3, '2017-09-23 20:16:00', 1),
	(106, 9, 'ADDED PRE-REQUISITE [ID:212] ENG 213 FOR [ID:240] RES 323 FROM THIRD YEAR-SECOND SEMESTER', 3, '2017-09-23 20:16:17', 1),
	(107, 9, 'ADDED PRE-REQUISITE [ID:234] IT 323 FOR [ID:242] IT 413 FROM FOURTH YEAR-FIRST SEMESTER', 3, '2017-09-23 20:17:59', 1),
	(108, 10, 'ADDED SUBJECT [ID:245] TECH 133 TO FIRST YEAR-FIRST SEMESTER', 3, '2017-09-23 20:56:35', 1),
	(109, 10, 'ADDED SUBJECT [ID:246] TECH 113 TO FIRST YEAR-FIRST SEMESTER', 3, '2017-09-23 20:56:35', 1),
	(110, 10, 'ADDED SUBJECT [ID:247] COMP 113 TO FIRST YEAR-FIRST SEMESTER', 3, '2017-09-23 20:56:35', 1),
	(111, 10, 'ADDED SUBJECT [ID:248] BSP 113 TO FIRST YEAR-FIRST SEMESTER', 3, '2017-09-23 20:56:35', 1),
	(112, 10, 'ADDED SUBJECT [ID:249] DRAW 111 TO FIRST YEAR-FIRST SEMESTER', 3, '2017-09-23 20:56:35', 1),
	(113, 10, 'ADDED SUBJECT [ID:250] ENGL 113 TO FIRST YEAR-FIRST SEMESTER', 3, '2017-09-23 20:56:35', 1),
	(114, 10, 'ADDED SUBJECT [ID:251] PSYCHO 113 TO FIRST YEAR-FIRST SEMESTER', 3, '2017-09-23 20:56:35', 1),
	(115, 10, 'ADDED SUBJECT [ID:252] MATH 113 TO FIRST YEAR-FIRST SEMESTER', 3, '2017-09-23 20:56:35', 1),
	(116, 10, 'ADDED SUBJECT [ID:196] PE 112 TO FIRST YEAR-FIRST SEMESTER', 3, '2017-09-23 20:56:35', 1),
	(117, 10, 'ADDED SUBJECT [ID:119] NSTP 1 TO FIRST YEAR-FIRST SEMESTER', 3, '2017-09-23 20:56:35', 1),
	(118, 10, 'ADDED SUBJECT [ID:253] COMP 123 TO FIRST YEAR-SECOND SEMESTER', 3, '2017-09-23 21:04:48', 1),
	(119, 10, 'ADDED SUBJECT [ID:254] TECH 143 TO FIRST YEAR-SECOND SEMESTER', 3, '2017-09-23 21:04:48', 1),
	(120, 10, 'ADDED SUBJECT [ID:255] EC 123 TO FIRST YEAR-SECOND SEMESTER', 3, '2017-09-23 21:04:48', 1),
	(121, 10, 'ADDED SUBJECT [ID:256] DRAW 121 TO FIRST YEAR-SECOND SEMESTER', 3, '2017-09-23 21:04:48', 1),
	(122, 10, 'ADDED SUBJECT [ID:257] ENGL 123 TO FIRST YEAR-SECOND SEMESTER', 3, '2017-09-23 21:04:48', 1),
	(123, 10, 'ADDED SUBJECT [ID:258] MATH 123 TO FIRST YEAR-SECOND SEMESTER', 3, '2017-09-23 21:04:48', 1),
	(124, 10, 'ADDED SUBJECT [ID:259] SCIENCE 123 TO FIRST YEAR-SECOND SEMESTER', 3, '2017-09-23 21:04:48', 1),
	(125, 10, 'ADDED SUBJECT [ID:206] PE 122 TO FIRST YEAR-SECOND SEMESTER', 3, '2017-09-23 21:04:48', 1),
	(126, 10, 'ADDED SUBJECT [ID:129] NSTP 2 TO FIRST YEAR-SECOND SEMESTER', 3, '2017-09-23 21:04:48', 1),
	(127, 10, 'ADDED SUBJECT [ID:260] TECH 213 TO SECOND YEAR-FIRST SEMESTER', 3, '2017-09-23 21:15:14', 1),
	(128, 10, 'ADDED SUBJECT [ID:261] TECH 233 TO SECOND YEAR-FIRST SEMESTER', 3, '2017-09-23 21:15:14', 1),
	(129, 10, 'ADDED SUBJECT [ID:262] TECH 214 TO SECOND YEAR-FIRST SEMESTER', 3, '2017-09-23 21:15:14', 1),
	(130, 10, 'ADDED SUBJECT [ID:263] TECH 273 TO SECOND YEAR-FIRST SEMESTER', 3, '2017-09-23 21:15:14', 1),
	(131, 10, 'ADDED SUBJECT [ID:264] TECH 293 TO SECOND YEAR-FIRST SEMESTER', 3, '2017-09-23 21:15:14', 1),
	(132, 10, 'ADDED SUBJECT [ID:265] TECH 253 TO SECOND YEAR-FIRST SEMESTER', 3, '2017-09-23 21:15:14', 1),
	(133, 10, 'ADDED SUBJECT [ID:215] PE 212 TO SECOND YEAR-FIRST SEMESTER', 3, '2017-09-23 21:15:14', 1),
	(134, 10, 'ADDED PRE-REQUISITE [ID:247] COMP 113 FOR [ID:253] COMP 123 FROM FIRST YEAR-SECOND SEMESTER', 3, '2017-09-23 21:20:48', 1),
	(135, 10, 'ADDED PRE-REQUISITE [ID:246] TECH 113 FOR [ID:254] TECH 143 FROM FIRST YEAR-SECOND SEMESTER', 3, '2017-09-23 21:21:10', 1),
	(136, 10, 'ADDED PRE-REQUISITE [ID:249] DRAW 111 FOR [ID:256] DRAW 121 FROM FIRST YEAR-SECOND SEMESTER', 3, '2017-09-23 21:21:28', 1),
	(137, 10, 'ADDED PRE-REQUISITE [ID:246] TECH 113 FOR [ID:260] TECH 213 FROM SECOND YEAR-FIRST SEMESTER', 3, '2017-09-23 21:21:47', 1),
	(138, 10, 'ADDED PRE-REQUISITE [ID:248] BSP 113 FOR [ID:260] TECH 213 FROM SECOND YEAR-FIRST SEMESTER', 3, '2017-09-23 21:21:47', 1),
	(139, 10, 'ADDED PRE-REQUISITE [ID:245] TECH 133 FOR [ID:261] TECH 233 FROM SECOND YEAR-FIRST SEMESTER', 3, '2017-09-23 21:22:06', 1),
	(140, 10, 'ADDED PRE-REQUISITE [ID:246] TECH 113 FOR [ID:262] TECH 214 FROM SECOND YEAR-FIRST SEMESTER', 3, '2017-09-23 21:22:25', 1),
	(141, 10, 'ADDED PRE-REQUISITE [ID:248] BSP 113 FOR [ID:262] TECH 214 FROM SECOND YEAR-FIRST SEMESTER', 3, '2017-09-23 21:22:25', 1),
	(142, 10, 'ADDED PRE-REQUISITE [ID:245] TECH 133 FOR [ID:262] TECH 214 FROM SECOND YEAR-FIRST SEMESTER', 3, '2017-09-23 21:22:25', 1),
	(143, 10, 'ADDED PRE-REQUISITE [ID:246] TECH 113 FOR [ID:263] TECH 273 FROM SECOND YEAR-FIRST SEMESTER', 3, '2017-09-23 21:23:12', 1),
	(144, 10, 'ADDED PRE-REQUISITE [ID:248] BSP 113 FOR [ID:263] TECH 273 FROM SECOND YEAR-FIRST SEMESTER', 3, '2017-09-23 21:23:12', 1),
	(145, 10, 'ADDED PRE-REQUISITE [ID:245] TECH 133 FOR [ID:264] TECH 293 FROM SECOND YEAR-FIRST SEMESTER', 3, '2017-09-23 21:23:45', 1),
	(146, 10, 'ADDED PRE-REQUISITE [ID:245] TECH 133 FOR [ID:265] TECH 253 FROM SECOND YEAR-FIRST SEMESTER', 3, '2017-09-23 21:24:04', 1),
	(147, 10, 'ADDED SUBJECT [ID:266] TECH 22 TO SECOND YEAR-SECOND SEMESTER', 3, '2017-09-23 21:25:49', 1),
	(148, 10, 'ADDED SUBJECT [ID:267] TECH 333 TO THIRD YEAR-FIRST SEMESTER', 3, '2017-09-23 22:08:16', 1),
	(149, 10, 'ADDED SUBJECT [ID:268] TECH 313 TO THIRD YEAR-FIRST SEMESTER', 3, '2017-09-23 22:08:16', 1),
	(150, 10, 'ADDED SUBJECT [ID:269] ENGL 313 TO THIRD YEAR-FIRST SEMESTER', 3, '2017-09-23 22:08:16', 1),
	(151, 10, 'ADDED SUBJECT [ID:270] FIL 313 TO THIRD YEAR-FIRST SEMESTER', 3, '2017-09-23 22:08:16', 1),
	(152, 10, 'ADDED SUBJECT [ID:271] MATH 313 TO THIRD YEAR-FIRST SEMESTER', 3, '2017-09-23 22:08:16', 1),
	(153, 10, 'ADDED SUBJECT [ID:272] SCIENCE 313 TO THIRD YEAR-FIRST SEMESTER', 3, '2017-09-23 22:08:16', 1),
	(154, 10, 'ADDED SUBJECT [ID:273] HUM 313 TO THIRD YEAR-FIRST SEMESTER', 3, '2017-09-23 22:08:16', 1),
	(155, 10, 'ADDED SUBJECT [ID:274] SOC SCI 333 TO THIRD YEAR-FIRST SEMESTER', 3, '2017-09-23 22:08:16', 1),
	(156, 10, 'ADDED SUBJECT [ID:275] PE 312 TO THIRD YEAR-FIRST SEMESTER', 3, '2017-09-23 22:08:16', 1),
	(157, 10, 'ADDED PRE-REQUISITE [ID:254] TECH 143 FOR [ID:267] TECH 333 FROM THIRD YEAR-FIRST SEMESTER', 3, '2017-09-23 22:16:02', 1),
	(158, 10, 'ADDED PRE-REQUISITE [ID:254] TECH 143 FOR [ID:268] TECH 313 FROM THIRD YEAR-FIRST SEMESTER', 3, '2017-09-23 22:16:16', 1),
	(159, 10, 'ADDED CO-REQUISITE [ID:267] TECH 333 FOR [ID:268] TECH 313 FROM THIRD YEAR-FIRST SEMESTER', 3, '2017-09-23 22:16:24', 1),
	(160, 10, 'ADDED SUBJECT [ID:276] TECH 323 TO THIRD YEAR-SECOND SEMESTER', 3, '2017-09-23 22:16:36', 1),
	(161, 10, 'ADDED SUBJECT [ID:277] TECH 324 TO THIRD YEAR-SECOND SEMESTER', 3, '2017-09-23 22:16:36', 1),
	(162, 10, 'ADDED SUBJECT [ID:279] FIL 323 TO THIRD YEAR-SECOND SEMESTER', 3, '2017-09-23 22:16:36', 1),
	(163, 10, 'ADDED SUBJECT [ID:280] SCIENCE 323 TO THIRD YEAR-SECOND SEMESTER', 3, '2017-09-23 22:16:36', 1),
	(164, 10, 'ADDED SUBJECT [ID:281] SOC SCI 323 TO THIRD YEAR-SECOND SEMESTER', 3, '2017-09-23 22:16:36', 1),
	(165, 10, 'ADDED SUBJECT [ID:282] ENGL 323 TO THIRD YEAR-SECOND SEMESTER', 3, '2017-09-23 22:16:36', 1),
	(166, 10, 'ADDED SUBJECT [ID:283] RES 313 TO THIRD YEAR-SECOND SEMESTER', 3, '2017-09-23 22:16:36', 1),
	(167, 10, 'ADDED SUBJECT [ID:284] TECH 311 TO THIRD YEAR-SECOND SEMESTER', 3, '2017-09-23 22:16:36', 1),
	(168, 10, 'ADDED SUBJECT [ID:278] TECH 423 TO THIRD YEAR-SECOND SEMESTER', 3, '2017-09-23 22:24:32', 1),
	(169, 10, 'ADDED SUBJECT [ID:285] TECH 413 TO FOURTH YEAR-FIRST SEMESTER', 3, '2017-09-23 22:25:37', 1),
	(170, 10, 'ADDED SUBJECT [ID:286] TECH 433 TO FOURTH YEAR-FIRST SEMESTER', 3, '2017-09-23 22:25:37', 1),
	(171, 10, 'ADDED SUBJECT [ID:287] ENGL 413 TO FOURTH YEAR-FIRST SEMESTER', 3, '2017-09-23 22:25:37', 1),
	(172, 10, 'ADDED SUBJECT [ID:288] SOC SCI 433 TO FOURTH YEAR-FIRST SEMESTER', 3, '2017-09-23 22:25:37', 1),
	(173, 10, 'ADDED SUBJECT [ID:289] MGT 413 TO FOURTH YEAR-FIRST SEMESTER', 3, '2017-09-23 22:25:37', 1),
	(174, 10, 'ADDED SUBJECT [ID:290] RIZAL 413 TO FOURTH YEAR-FIRST SEMESTER', 3, '2017-09-23 22:25:37', 1),
	(175, 10, 'ADDED SUBJECT [ID:291] PHILO 323 TO FOURTH YEAR-FIRST SEMESTER', 3, '2017-09-23 22:25:37', 1),
	(176, 10, 'ADDED SUBJECT [ID:292] SOC SCI 413 TO FOURTH YEAR-FIRST SEMESTER', 3, '2017-09-23 22:30:30', 1),
	(177, 10, 'ADDED SUBJECT [ID:293] TECH 42 TO FOURTH YEAR-SECOND SEMESTER', 3, '2017-09-23 22:31:14', 1),
	(178, 10, 'ADDED PRE-REQUISITE [ID:253] COMP 123 FOR [ID:276] TECH 323 FROM THIRD YEAR-SECOND SEMESTER', 3, '2017-09-23 22:32:34', 1),
	(179, 10, 'ADDED PRE-REQUISITE [ID:264] TECH 293 FOR [ID:277] TECH 324 FROM THIRD YEAR-SECOND SEMESTER', 3, '2017-09-23 22:32:52', 1),
	(180, 10, 'ADDED PRE-REQUISITE [ID:260] TECH 213 FOR [ID:278] TECH 423 FROM THIRD YEAR-SECOND SEMESTER', 3, '2017-09-23 22:33:08', 1),
	(181, 10, 'ADDED PRE-REQUISITE [ID:267] TECH 333 FOR [ID:283] RES 313 FROM THIRD YEAR-SECOND SEMESTER', 3, '2017-09-23 22:33:31', 1),
	(182, 10, 'ADDED PRE-REQUISITE [ID:268] TECH 313 FOR [ID:283] RES 313 FROM THIRD YEAR-SECOND SEMESTER', 3, '2017-09-23 22:33:31', 1),
	(183, 10, 'ADDED PRE-REQUISITE [ID:271] MATH 313 FOR [ID:283] RES 313 FROM THIRD YEAR-SECOND SEMESTER', 3, '2017-09-23 22:33:31', 1),
	(184, 10, 'ADDED CO-REQUISITE [ID:276] TECH 323 FOR [ID:283] RES 313 FROM THIRD YEAR-SECOND SEMESTER', 3, '2017-09-23 22:33:53', 1),
	(185, 10, 'ADDED CO-REQUISITE [ID:277] TECH 324 FOR [ID:283] RES 313 FROM THIRD YEAR-SECOND SEMESTER', 3, '2017-09-23 22:33:53', 1),
	(186, 10, 'ADDED PRE-REQUISITE [ID:267] TECH 333 FOR [ID:285] TECH 413 FROM FOURTH YEAR-FIRST SEMESTER', 3, '2017-09-23 22:34:25', 1),
	(187, 10, 'ADDED PRE-REQUISITE [ID:283] RES 313 FOR [ID:286] TECH 433 FROM FOURTH YEAR-FIRST SEMESTER', 3, '2017-09-23 22:34:40', 1),
	(188, 10, 'ADDED CO-REQUISITE [ID:285] TECH 413 FOR [ID:286] TECH 433 FROM FOURTH YEAR-FIRST SEMESTER', 3, '2017-09-23 22:34:51', 1);
/*!40000 ALTER TABLE `curriculum_history_summary` ENABLE KEYS */;

-- Dumping structure for table cictems.curriculum_pre
CREATE TABLE IF NOT EXISTS `curriculum_pre` (
  `id` int(11) NOT NULL AUTO_INCREMENT,
  `curriculum_id_get` int(11) DEFAULT NULL,
  `curriculum_id_req` int(11) DEFAULT NULL,
  `cur_type` varchar(50) COLLATE utf8_unicode_ci DEFAULT 'PRIMARY' COMMENT 'PRIMARY, EQUIVALENT',
  `created_date` datetime NOT NULL DEFAULT CURRENT_TIMESTAMP,
  `created_by` int(11) DEFAULT NULL,
  `removed_date` datetime DEFAULT NULL,
  `removed_by` int(11) DEFAULT NULL,
  `active` int(11) NOT NULL DEFAULT '1',
  PRIMARY KEY (`id`),
  KEY `get_fk` (`curriculum_id_get`),
  KEY `req_fk` (`curriculum_id_req`),
  KEY `cur_pre_created` (`created_by`),
  KEY `cur_pre_removed` (`removed_by`),
  CONSTRAINT `cur_pre_created` FOREIGN KEY (`created_by`) REFERENCES `faculty` (`id`),
  CONSTRAINT `cur_pre_removed` FOREIGN KEY (`removed_by`) REFERENCES `faculty` (`id`),
  CONSTRAINT `get_fk` FOREIGN KEY (`curriculum_id_get`) REFERENCES `curriculum` (`id`),
  CONSTRAINT `req_fk` FOREIGN KEY (`curriculum_id_req`) REFERENCES `curriculum` (`id`)
) ENGINE=InnoDB DEFAULT CHARSET=utf8 COLLATE=utf8_unicode_ci;

-- Dumping data for table cictems.curriculum_pre: ~0 rows (approximately)
/*!40000 ALTER TABLE `curriculum_pre` DISABLE KEYS */;
/*!40000 ALTER TABLE `curriculum_pre` ENABLE KEYS */;

-- Dumping structure for table cictems.curriculum_requisite_ext
CREATE TABLE IF NOT EXISTS `curriculum_requisite_ext` (
  `id` int(11) NOT NULL AUTO_INCREMENT,
  `SUBJECT_id_get` int(11) DEFAULT NULL,
  `SUBJECT_id_req` int(11) DEFAULT NULL,
  `CURRICULUM_id` int(11) DEFAULT NULL,
  `type` varchar(50) COLLATE utf8_unicode_ci NOT NULL DEFAULT 'COREQUISITE',
  `added_by` int(11) DEFAULT NULL,
  `added_date` datetime DEFAULT CURRENT_TIMESTAMP,
  `removed_by` int(11) DEFAULT NULL,
  `removed_date` datetime DEFAULT CURRENT_TIMESTAMP,
  `active` tinyint(4) DEFAULT '1',
  PRIMARY KEY (`id`),
  KEY `req_ext_get` (`SUBJECT_id_get`),
  KEY `req_ext_req` (`SUBJECT_id_req`),
  KEY `req_ext_cur` (`CURRICULUM_id`),
  KEY `req_ext_added_by` (`added_by`),
  KEY `req_ext_updated_by` (`removed_by`),
  CONSTRAINT `req_ext_added_by` FOREIGN KEY (`added_by`) REFERENCES `faculty` (`id`),
  CONSTRAINT `req_ext_cur` FOREIGN KEY (`CURRICULUM_id`) REFERENCES `curriculum` (`id`),
  CONSTRAINT `req_ext_get` FOREIGN KEY (`SUBJECT_id_get`) REFERENCES `subject` (`id`),
  CONSTRAINT `req_ext_req` FOREIGN KEY (`SUBJECT_id_req`) REFERENCES `subject` (`id`),
  CONSTRAINT `req_ext_updated_by` FOREIGN KEY (`removed_by`) REFERENCES `faculty` (`id`)
) ENGINE=InnoDB AUTO_INCREMENT=7 DEFAULT CHARSET=utf8 COLLATE=utf8_unicode_ci;

-- Dumping data for table cictems.curriculum_requisite_ext: ~6 rows (approximately)
/*!40000 ALTER TABLE `curriculum_requisite_ext` DISABLE KEYS */;
INSERT INTO `curriculum_requisite_ext` (`id`, `SUBJECT_id_get`, `SUBJECT_id_req`, `CURRICULUM_id`, `type`, `added_by`, `added_date`, `removed_by`, `removed_date`, `active`) VALUES
	(1, 157, 177, 7, 'COREQUISITE', 3, '2017-09-23 11:04:43', NULL, '2017-09-23 11:04:48', 1),
	(2, 126, 147, 6, 'COREQUISITE', 3, '2017-09-23 14:25:58', NULL, '2017-09-23 14:26:10', 1),
	(3, 268, 267, 10, 'COREQUISITE', 3, '2017-09-23 22:16:24', NULL, '2017-09-23 22:16:29', 1),
	(4, 283, 276, 10, 'COREQUISITE', 3, '2017-09-23 22:33:53', NULL, '2017-09-23 22:34:04', 1),
	(5, 283, 277, 10, 'COREQUISITE', 3, '2017-09-23 22:33:53', NULL, '2017-09-23 22:34:10', 1),
	(6, 286, 285, 10, 'COREQUISITE', 3, '2017-09-23 22:34:51', NULL, '2017-09-23 22:34:57', 1);
/*!40000 ALTER TABLE `curriculum_requisite_ext` ENABLE KEYS */;

-- Dumping structure for table cictems.curriculum_requisite_line
CREATE TABLE IF NOT EXISTS `curriculum_requisite_line` (
  `id` int(11) NOT NULL AUTO_INCREMENT,
  `SUBJECT_id_get` int(11) DEFAULT NULL,
  `SUBJECT_id_req` int(11) DEFAULT NULL,
  `CURRICULUM_id` int(11) DEFAULT NULL,
  `created_date` datetime DEFAULT CURRENT_TIMESTAMP,
  `created_by` int(11) DEFAULT NULL,
  `removed_date` datetime DEFAULT NULL,
  `removed_by` int(11) DEFAULT NULL,
  `active` int(11) NOT NULL DEFAULT '1',
  PRIMARY KEY (`id`),
  KEY `curriculum_requisite_fk_from_subject_id` (`SUBJECT_id_get`),
  KEY `curriculum_requisite_fk_req_from_subject_id` (`SUBJECT_id_req`),
  KEY `cur_fk` (`CURRICULUM_id`),
  KEY `cur_req_created` (`created_by`),
  KEY `cur_req_removed` (`removed_by`),
  CONSTRAINT `cur_fk` FOREIGN KEY (`CURRICULUM_id`) REFERENCES `curriculum` (`id`),
  CONSTRAINT `cur_req_created` FOREIGN KEY (`created_by`) REFERENCES `faculty` (`id`),
  CONSTRAINT `cur_req_removed` FOREIGN KEY (`removed_by`) REFERENCES `faculty` (`id`),
  CONSTRAINT `curriculum_requisite_fk_from_subject_id` FOREIGN KEY (`SUBJECT_id_get`) REFERENCES `subject` (`id`),
  CONSTRAINT `curriculum_requisite_fk_req_from_subject_id` FOREIGN KEY (`SUBJECT_id_req`) REFERENCES `subject` (`id`)
) ENGINE=InnoDB AUTO_INCREMENT=147 DEFAULT CHARSET=utf8 COLLATE=utf8_unicode_ci;

-- Dumping data for table cictems.curriculum_requisite_line: ~102 rows (approximately)
/*!40000 ALTER TABLE `curriculum_requisite_line` DISABLE KEYS */;
INSERT INTO `curriculum_requisite_line` (`id`, `SUBJECT_id_get`, `SUBJECT_id_req`, `CURRICULUM_id`, `created_date`, `created_by`, `removed_date`, `removed_by`, `active`) VALUES
	(45, 124, 113, 6, '2017-09-09 09:49:21', 3, NULL, NULL, 1),
	(46, 147, 116, 6, '2017-09-09 09:49:48', 3, NULL, NULL, 1),
	(47, 126, 116, 6, '2017-09-09 09:50:13', 3, NULL, NULL, 1),
	(48, 149, 117, 6, '2017-09-09 09:50:33', 3, NULL, NULL, 1),
	(49, 129, 119, 6, '2017-09-09 09:50:48', 3, NULL, NULL, 1),
	(50, 172, 147, 6, '2017-09-09 09:51:37', 3, NULL, NULL, 1),
	(51, 172, 126, 6, '2017-09-09 09:51:37', 3, NULL, NULL, 1),
	(52, 133, 147, 6, '2017-09-09 09:52:14', 3, NULL, NULL, 1),
	(53, 133, 126, 6, '2017-09-09 09:52:14', 3, NULL, NULL, 1),
	(54, 134, 115, 6, '2017-09-09 09:52:49', 3, NULL, NULL, 1),
	(55, 135, 117, 6, '2017-09-09 09:53:09', 3, NULL, NULL, 1),
	(56, 136, 127, 6, '2017-09-09 11:22:42', 3, NULL, NULL, 1),
	(57, 139, 135, 6, '2017-09-09 09:57:05', 3, NULL, NULL, 1),
	(58, 140, 133, 6, '2017-09-09 09:57:27', 3, NULL, NULL, 1),
	(59, 140, 172, 6, '2017-09-09 09:57:27', 3, NULL, NULL, 1),
	(60, 142, 136, 6, '2017-09-09 09:58:14', 3, NULL, NULL, 1),
	(61, 143, 134, 6, '2017-09-09 09:58:37', 3, NULL, NULL, 1),
	(62, 124, 113, 7, '2017-09-09 10:21:39', 3, NULL, NULL, 1),
	(63, 147, 116, 7, '2017-09-09 10:22:04', 3, NULL, NULL, 1),
	(64, 149, 117, 7, '2017-09-09 10:22:31', 3, NULL, NULL, 1),
	(65, 129, 119, 7, '2017-09-09 10:22:53', 3, NULL, NULL, 1),
	(66, 172, 147, 7, '2017-09-09 10:23:25', 3, NULL, NULL, 1),
	(67, 126, 147, 7, '2017-09-09 10:24:41', 3, NULL, NULL, 1),
	(68, 133, 147, 7, '2017-09-09 10:24:57', 3, NULL, NULL, 1),
	(69, 134, 115, 7, '2017-09-09 10:25:45', 3, NULL, NULL, 1),
	(70, 135, 117, 7, '2017-09-09 10:26:07', 3, NULL, NULL, 1),
	(71, 139, 135, 7, '2017-09-09 10:29:37', 3, NULL, NULL, 1),
	(72, 140, 133, 7, '2017-09-09 10:29:56', 3, NULL, NULL, 1),
	(73, 140, 172, 7, '2017-09-09 10:29:56', 3, NULL, NULL, 1),
	(74, 136, 149, 7, '2017-09-09 10:31:21', 3, NULL, NULL, 1),
	(75, 143, 134, 7, '2017-09-09 10:39:09', 3, NULL, NULL, 1),
	(76, 162, 154, 7, '2017-09-09 10:57:13', 3, NULL, NULL, 1),
	(77, 162, 177, 7, '2017-09-09 10:57:13', 3, NULL, NULL, 1),
	(78, 163, 154, 7, '2017-09-09 10:58:36', 3, NULL, NULL, 1),
	(79, 163, 177, 7, '2017-09-09 10:58:36', 3, NULL, NULL, 1),
	(80, 165, 154, 7, '2017-09-09 11:01:02', 3, NULL, NULL, 1),
	(81, 165, 157, 7, '2017-09-09 11:01:02', 3, NULL, NULL, 1),
	(82, 121, 110, 8, '2017-09-09 13:08:40', 1, NULL, NULL, 1),
	(83, 202, 133, 7, '2017-09-23 11:03:44', 3, NULL, NULL, 1),
	(84, 202, 172, 7, '2017-09-23 11:03:44', 3, NULL, NULL, 1),
	(85, 186, 164, 7, '2017-09-23 11:44:03', 3, NULL, NULL, 1),
	(86, 186, 165, 7, '2017-09-23 11:44:03', 3, NULL, NULL, 1),
	(87, 169, 166, 7, '2017-09-23 11:44:26', 3, NULL, NULL, 1),
	(88, 188, 167, 7, '2017-09-23 11:44:38', 3, NULL, NULL, 1),
	(89, 197, 190, 9, '2017-09-23 20:05:32', 3, NULL, NULL, 1),
	(90, 198, 191, 9, '2017-09-23 20:05:47', 3, NULL, NULL, 1),
	(91, 199, 192, 9, '2017-09-23 20:06:09', 3, NULL, NULL, 1),
	(92, 121, 113, 9, '2017-09-23 20:06:28', 3, NULL, NULL, 1),
	(93, 120, 194, 9, '2017-09-23 20:06:44', 3, NULL, NULL, 1),
	(94, 204, 193, 9, '2017-09-23 20:07:11', 3, NULL, NULL, 1),
	(95, 129, 119, 9, '2017-09-23 20:07:26', 3, NULL, NULL, 1),
	(96, 207, 197, 9, '2017-09-23 20:07:55', 3, NULL, NULL, 1),
	(97, 208, 198, 9, '2017-09-23 20:08:10', 3, NULL, NULL, 1),
	(98, 209, 198, 9, '2017-09-23 20:08:26', 3, NULL, NULL, 1),
	(99, 210, 198, 9, '2017-09-23 20:08:40', 3, NULL, NULL, 1),
	(100, 211, 121, 9, '2017-09-23 20:09:00', 3, NULL, NULL, 1),
	(101, 212, 120, 9, '2017-09-23 20:09:17', 3, NULL, NULL, 1),
	(102, 216, 208, 9, '2017-09-23 20:09:41', 3, NULL, NULL, 1),
	(103, 217, 210, 9, '2017-09-23 20:09:56', 3, NULL, NULL, 1),
	(104, 217, 209, 9, '2017-09-23 20:09:56', 3, NULL, NULL, 1),
	(105, 218, 199, 9, '2017-09-23 20:10:18', 3, NULL, NULL, 1),
	(106, 219, 190, 9, '2017-09-23 20:10:37', 3, NULL, NULL, 1),
	(107, 220, 121, 9, '2017-09-23 20:10:52', 3, NULL, NULL, 1),
	(108, 223, 113, 9, '2017-09-23 20:11:15', 3, NULL, NULL, 1),
	(109, 226, 217, 9, '2017-09-23 20:11:38', 3, NULL, NULL, 1),
	(110, 226, 216, 9, '2017-09-23 20:11:38', 3, NULL, NULL, 1),
	(111, 227, 218, 9, '2017-09-23 20:12:01', 3, NULL, NULL, 1),
	(112, 228, 207, 9, '2017-09-23 20:12:16', 3, NULL, NULL, 1),
	(113, 229, 218, 9, '2017-09-23 20:12:40', 3, NULL, NULL, 1),
	(114, 230, 218, 9, '2017-09-23 20:13:02', 3, NULL, NULL, 1),
	(115, 230, 216, 9, '2017-09-23 20:13:02', 3, NULL, NULL, 1),
	(116, 234, 226, 9, '2017-09-23 20:13:53', 3, NULL, NULL, 1),
	(117, 235, 216, 9, '2017-09-23 20:15:04', 3, NULL, NULL, 1),
	(118, 235, 210, 9, '2017-09-23 20:15:04', 3, NULL, NULL, 1),
	(119, 236, 216, 9, '2017-09-23 20:15:33', 3, NULL, NULL, 1),
	(120, 236, 210, 9, '2017-09-23 20:15:33', 3, NULL, NULL, 1),
	(121, 237, 230, 9, '2017-09-23 20:16:00', 3, NULL, NULL, 1),
	(122, 240, 212, 9, '2017-09-23 20:16:17', 3, NULL, NULL, 1),
	(123, 242, 234, 9, '2017-09-23 20:17:59', 3, NULL, NULL, 1),
	(124, 253, 247, 10, '2017-09-23 21:20:48', 3, NULL, NULL, 1),
	(125, 254, 246, 10, '2017-09-23 21:21:10', 3, NULL, NULL, 1),
	(126, 256, 249, 10, '2017-09-23 21:21:28', 3, NULL, NULL, 1),
	(127, 260, 246, 10, '2017-09-23 21:21:47', 3, NULL, NULL, 1),
	(128, 260, 248, 10, '2017-09-23 21:21:47', 3, NULL, NULL, 1),
	(129, 261, 245, 10, '2017-09-23 21:22:06', 3, NULL, NULL, 1),
	(130, 262, 246, 10, '2017-09-23 21:22:25', 3, NULL, NULL, 1),
	(131, 262, 248, 10, '2017-09-23 21:22:25', 3, NULL, NULL, 1),
	(132, 262, 245, 10, '2017-09-23 21:22:25', 3, NULL, NULL, 1),
	(133, 263, 246, 10, '2017-09-23 21:23:12', 3, NULL, NULL, 1),
	(134, 263, 248, 10, '2017-09-23 21:23:12', 3, NULL, NULL, 1),
	(135, 264, 245, 10, '2017-09-23 21:23:45', 3, NULL, NULL, 1),
	(136, 265, 245, 10, '2017-09-23 21:24:04', 3, NULL, NULL, 1),
	(137, 267, 254, 10, '2017-09-23 22:16:02', 3, NULL, NULL, 1),
	(138, 268, 254, 10, '2017-09-23 22:16:16', 3, NULL, NULL, 1),
	(139, 276, 253, 10, '2017-09-23 22:32:34', 3, NULL, NULL, 1),
	(140, 277, 264, 10, '2017-09-23 22:32:52', 3, NULL, NULL, 1),
	(141, 278, 260, 10, '2017-09-23 22:33:08', 3, NULL, NULL, 1),
	(142, 283, 267, 10, '2017-09-23 22:33:31', 3, NULL, NULL, 1),
	(143, 283, 268, 10, '2017-09-23 22:33:31', 3, NULL, NULL, 1),
	(144, 283, 271, 10, '2017-09-23 22:33:31', 3, NULL, NULL, 1),
	(145, 285, 267, 10, '2017-09-23 22:34:25', 3, NULL, NULL, 1),
	(146, 286, 283, 10, '2017-09-23 22:34:40', 3, NULL, NULL, 1);
/*!40000 ALTER TABLE `curriculum_requisite_line` ENABLE KEYS */;

-- Dumping structure for table cictems.curriculum_subject
CREATE TABLE IF NOT EXISTS `curriculum_subject` (
  `id` int(11) NOT NULL AUTO_INCREMENT,
  `CURRICULUM_id` int(11) DEFAULT NULL,
  `SUBJECT_id` int(11) DEFAULT NULL,
  `year` int(11) NOT NULL DEFAULT '0',
  `semester` int(11) NOT NULL DEFAULT '0' COMMENT '3 for mid year',
  `sequence` int(11) NOT NULL DEFAULT '0',
  `added_by` int(11) DEFAULT NULL,
  `added_date` datetime DEFAULT CURRENT_TIMESTAMP,
  `removed_by` int(11) DEFAULT NULL,
  `removed_date` datetime DEFAULT CURRENT_TIMESTAMP,
  `active` int(11) NOT NULL DEFAULT '1',
  PRIMARY KEY (`id`),
  KEY `curriculum_subjects_fk_from_curriculum_id` (`CURRICULUM_id`),
  KEY `curriculum_subjects_fk_from_subject_id` (`SUBJECT_id`),
  KEY `cursub_fk_added_by` (`added_by`),
  KEY `cursub_fk_updated_by` (`removed_by`),
  CONSTRAINT `curriculum_subjects_fk_from_curriculum_id` FOREIGN KEY (`CURRICULUM_id`) REFERENCES `curriculum` (`id`),
  CONSTRAINT `curriculum_subjects_fk_from_subject_id` FOREIGN KEY (`SUBJECT_id`) REFERENCES `subject` (`id`),
  CONSTRAINT `cursub_fk_added_by` FOREIGN KEY (`added_by`) REFERENCES `faculty` (`id`),
  CONSTRAINT `cursub_fk_updated_by` FOREIGN KEY (`removed_by`) REFERENCES `faculty` (`id`)
) ENGINE=InnoDB AUTO_INCREMENT=331 DEFAULT CHARSET=utf8 COLLATE=utf8_unicode_ci;

-- Dumping data for table cictems.curriculum_subject: ~209 rows (approximately)
/*!40000 ALTER TABLE `curriculum_subject` DISABLE KEYS */;
INSERT INTO `curriculum_subject` (`id`, `CURRICULUM_id`, `SUBJECT_id`, `year`, `semester`, `sequence`, `added_by`, `added_date`, `removed_by`, `removed_date`, `active`) VALUES
	(119, 6, 110, 1, 1, 119, NULL, '2017-09-09 11:41:47', NULL, '2017-09-09 11:41:47', 1),
	(120, 6, 111, 1, 1, 120, NULL, '2017-09-09 11:41:47', NULL, '2017-09-09 11:41:47', 1),
	(121, 6, 112, 1, 1, 121, NULL, '2017-09-09 11:41:47', NULL, '2017-09-09 11:41:47', 1),
	(122, 6, 113, 1, 1, 122, NULL, '2017-09-09 11:41:47', NULL, '2017-09-09 11:41:47', 1),
	(123, 6, 114, 1, 1, 123, NULL, '2017-09-09 11:41:47', NULL, '2017-09-09 11:41:47', 1),
	(124, 6, 115, 1, 1, 124, NULL, '2017-09-09 11:41:47', NULL, '2017-09-09 11:41:47', 1),
	(125, 6, 116, 1, 1, 125, NULL, '2017-09-09 11:41:47', NULL, '2017-09-09 11:41:47', 1),
	(126, 6, 117, 1, 1, 126, NULL, '2017-09-09 11:41:47', NULL, '2017-09-09 11:41:47', 1),
	(127, 6, 118, 1, 1, 127, NULL, '2017-09-09 11:41:47', NULL, '2017-09-09 11:41:47', 1),
	(128, 6, 119, 1, 1, 128, NULL, '2017-09-09 11:41:47', NULL, '2017-09-09 11:41:47', 1),
	(129, 6, 120, 1, 2, 129, NULL, '2017-09-09 11:41:47', NULL, '2017-09-09 11:41:47', 1),
	(130, 6, 121, 1, 2, 130, NULL, '2017-09-09 11:41:47', NULL, '2017-09-09 11:41:47', 1),
	(131, 6, 122, 1, 2, 131, NULL, '2017-09-09 11:41:47', NULL, '2017-09-09 11:41:47', 1),
	(132, 6, 123, 1, 2, 132, NULL, '2017-09-09 11:41:47', NULL, '2017-09-09 11:41:47', 1),
	(133, 6, 124, 1, 2, 133, NULL, '2017-09-09 11:41:47', NULL, '2017-09-09 11:41:47', 1),
	(134, 6, 147, 1, 2, 134, NULL, '2017-09-09 11:41:47', NULL, '2017-09-09 11:41:47', 1),
	(135, 6, 126, 1, 2, 135, NULL, '2017-09-09 11:41:47', NULL, '2017-09-09 11:41:47', 1),
	(137, 6, 128, 1, 2, 137, NULL, '2017-09-09 11:41:47', NULL, '2017-09-09 11:41:47', 1),
	(138, 6, 129, 1, 2, 138, NULL, '2017-09-09 11:41:47', NULL, '2017-09-09 11:41:47', 1),
	(139, 6, 130, 2, 1, 139, NULL, '2017-09-09 11:41:47', NULL, '2017-09-09 11:41:47', 1),
	(140, 6, 131, 2, 1, 140, NULL, '2017-09-09 11:41:47', NULL, '2017-09-09 11:41:47', 1),
	(141, 6, 133, 2, 1, 141, NULL, '2017-09-09 11:41:47', NULL, '2017-09-09 11:41:47', 1),
	(142, 6, 134, 2, 1, 142, NULL, '2017-09-09 11:41:47', NULL, '2017-09-09 11:41:47', 1),
	(143, 6, 135, 2, 1, 143, NULL, '2017-09-09 11:41:47', NULL, '2017-09-09 11:41:47', 1),
	(144, 6, 136, 2, 1, 144, NULL, '2017-09-09 11:41:47', NULL, '2017-09-09 11:41:47', 1),
	(145, 6, 137, 2, 1, 145, NULL, '2017-09-09 11:41:47', NULL, '2017-09-09 11:41:47', 1),
	(146, 6, 138, 2, 2, 146, NULL, '2017-09-09 11:41:47', NULL, '2017-09-09 11:41:47', 1),
	(147, 6, 139, 2, 2, 147, NULL, '2017-09-09 11:41:47', NULL, '2017-09-09 11:41:47', 1),
	(148, 6, 140, 2, 2, 148, NULL, '2017-09-09 11:41:47', NULL, '2017-09-09 11:41:47', 1),
	(149, 6, 141, 2, 2, 149, NULL, '2017-09-09 11:41:47', NULL, '2017-09-09 11:41:47', 1),
	(150, 6, 142, 2, 2, 150, NULL, '2017-09-09 11:41:47', NULL, '2017-09-09 11:41:47', 1),
	(151, 6, 143, 2, 2, 151, NULL, '2017-09-09 11:41:47', NULL, '2017-09-09 11:41:47', 1),
	(152, 6, 144, 2, 2, 152, NULL, '2017-09-09 11:41:47', NULL, '2017-09-09 11:41:47', 1),
	(153, 6, 145, 2, 2, 153, NULL, '2017-09-09 11:41:47', NULL, '2017-09-09 11:41:47', 1),
	(154, 6, 172, 2, 1, 154, NULL, '2017-09-09 11:41:47', NULL, '2017-09-09 11:41:47', 1),
	(155, 7, 110, 1, 1, 155, NULL, '2017-09-09 11:41:47', NULL, '2017-09-09 11:41:47', 1),
	(156, 7, 111, 1, 1, 156, NULL, '2017-09-09 11:41:47', NULL, '2017-09-09 11:41:47', 1),
	(157, 7, 112, 1, 1, 157, NULL, '2017-09-09 11:41:47', NULL, '2017-09-09 11:41:47', 1),
	(158, 7, 113, 1, 1, 158, NULL, '2017-09-09 11:41:47', NULL, '2017-09-09 11:41:47', 1),
	(159, 7, 114, 1, 1, 159, NULL, '2017-09-09 11:41:47', NULL, '2017-09-09 11:41:47', 1),
	(160, 7, 115, 1, 1, 160, NULL, '2017-09-09 11:41:47', NULL, '2017-09-09 11:41:47', 1),
	(161, 7, 116, 1, 1, 161, NULL, '2017-09-09 11:41:47', NULL, '2017-09-09 11:41:47', 1),
	(162, 7, 117, 1, 1, 162, NULL, '2017-09-09 11:41:47', NULL, '2017-09-09 11:41:47', 1),
	(163, 7, 128, 1, 2, 163, NULL, '2017-09-09 11:41:47', NULL, '2017-09-09 11:41:47', 1),
	(164, 7, 118, 1, 1, 164, NULL, '2017-09-09 11:41:47', NULL, '2017-09-09 11:41:47', 1),
	(165, 7, 119, 1, 1, 165, NULL, '2017-09-09 11:41:47', NULL, '2017-09-09 11:41:47', 1),
	(166, 7, 120, 1, 2, 166, NULL, '2017-09-09 11:41:47', NULL, '2017-09-09 11:41:47', 1),
	(167, 7, 121, 1, 2, 167, NULL, '2017-09-09 11:41:47', NULL, '2017-09-09 11:41:47', 1),
	(168, 7, 122, 1, 2, 168, NULL, '2017-09-09 11:41:47', NULL, '2017-09-09 11:41:47', 1),
	(169, 7, 123, 1, 2, 169, NULL, '2017-09-09 11:41:47', NULL, '2017-09-09 11:41:47', 1),
	(170, 7, 147, 1, 2, 170, NULL, '2017-09-09 11:41:47', NULL, '2017-09-09 11:41:47', 1),
	(171, 7, 124, 1, 2, 171, NULL, '2017-09-09 11:41:47', NULL, '2017-09-09 11:41:47', 1),
	(172, 7, 148, 1, 2, 172, NULL, '2017-09-09 11:41:47', NULL, '2017-09-09 11:41:47', 1),
	(173, 7, 149, 1, 2, 173, NULL, '2017-09-09 11:41:47', NULL, '2017-09-09 11:41:47', 1),
	(174, 7, 129, 1, 2, 174, NULL, '2017-09-09 11:41:47', NULL, '2017-09-09 11:41:47', 1),
	(175, 7, 130, 2, 1, 175, NULL, '2017-09-09 11:41:47', NULL, '2017-09-09 11:41:47', 1),
	(176, 7, 131, 2, 1, 176, NULL, '2017-09-09 11:41:47', NULL, '2017-09-09 11:41:47', 1),
	(178, 7, 172, 2, 1, 178, NULL, '2017-09-09 11:41:47', NULL, '2017-09-09 11:41:47', 1),
	(179, 7, 126, 2, 1, 179, NULL, '2017-09-09 11:41:47', NULL, '2017-09-09 11:41:47', 1),
	(180, 7, 133, 2, 1, 180, NULL, '2017-09-09 11:41:47', NULL, '2017-09-09 11:41:47', 1),
	(181, 7, 134, 2, 1, 181, NULL, '2017-09-09 11:41:47', NULL, '2017-09-09 11:41:47', 1),
	(182, 7, 135, 2, 1, 182, NULL, '2017-09-09 11:41:47', NULL, '2017-09-09 11:41:47', 1),
	(183, 7, 137, 2, 1, 183, NULL, '2017-09-09 11:41:47', NULL, '2017-09-09 11:41:47', 1),
	(184, 6, 127, 1, 2, 184, NULL, '2017-09-09 11:41:47', NULL, '2017-09-09 11:41:47', 1),
	(185, 7, 138, 2, 2, 185, NULL, '2017-09-09 11:41:47', NULL, '2017-09-09 11:41:47', 1),
	(186, 7, 139, 2, 2, 186, NULL, '2017-09-09 11:41:47', NULL, '2017-09-09 11:41:47', 1),
	(187, 7, 140, 2, 2, 187, NULL, '2017-09-09 11:41:47', 3, '2017-09-23 11:00:41', 0),
	(188, 7, 141, 2, 2, 188, NULL, '2017-09-09 11:41:47', NULL, '2017-09-09 11:41:47', 1),
	(189, 7, 136, 2, 2, 189, NULL, '2017-09-09 11:41:47', NULL, '2017-09-09 11:41:47', 1),
	(190, 7, 142, 2, 2, 190, NULL, '2017-09-09 11:41:47', NULL, '2017-09-09 11:41:47', 1),
	(191, 7, 143, 2, 2, 191, NULL, '2017-09-09 11:41:47', NULL, '2017-09-09 11:41:47', 1),
	(192, 7, 145, 2, 2, 192, NULL, '2017-09-09 11:41:47', NULL, '2017-09-09 11:41:47', 1),
	(193, 7, 174, 3, 1, 193, NULL, '2017-09-09 11:41:47', NULL, '2017-09-09 11:41:47', 1),
	(195, 7, 152, 3, 1, 195, NULL, '2017-09-09 11:41:47', NULL, '2017-09-09 11:41:47', 1),
	(196, 7, 176, 3, 1, 196, NULL, '2017-09-09 11:41:47', NULL, '2017-09-09 11:41:47', 1),
	(197, 7, 154, 3, 1, 197, NULL, '2017-09-09 11:41:47', NULL, '2017-09-09 11:41:47', 1),
	(198, 7, 177, 3, 1, 198, NULL, '2017-09-09 11:41:47', NULL, '2017-09-09 11:41:47', 1),
	(199, 7, 156, 3, 1, 199, NULL, '2017-09-09 11:41:47', NULL, '2017-09-09 11:41:47', 1),
	(200, 7, 157, 3, 1, 200, NULL, '2017-09-09 11:41:47', NULL, '2017-09-09 11:41:47', 1),
	(201, 7, 179, 3, 1, 201, NULL, '2017-09-09 11:41:47', NULL, '2017-09-09 11:41:47', 1),
	(202, 7, 159, 3, 2, 202, NULL, '2017-09-09 11:41:47', NULL, '2017-09-09 11:41:47', 1),
	(203, 7, 160, 3, 2, 203, NULL, '2017-09-09 11:41:47', NULL, '2017-09-09 11:41:47', 1),
	(204, 7, 180, 3, 2, 204, NULL, '2017-09-09 11:41:47', NULL, '2017-09-09 11:41:47', 1),
	(205, 7, 162, 3, 2, 205, NULL, '2017-09-09 11:41:47', NULL, '2017-09-09 11:41:47', 1),
	(206, 7, 163, 3, 2, 206, NULL, '2017-09-09 11:41:47', NULL, '2017-09-09 11:41:47', 1),
	(207, 7, 164, 3, 2, 207, NULL, '2017-09-09 11:41:47', NULL, '2017-09-09 11:41:47', 1),
	(208, 7, 165, 3, 2, 208, NULL, '2017-09-09 11:41:47', NULL, '2017-09-09 11:41:47', 1),
	(209, 7, 166, 3, 2, 209, NULL, '2017-09-09 11:41:47', NULL, '2017-09-09 11:41:47', 1),
	(210, 7, 167, 3, 2, 210, NULL, '2017-09-09 11:41:47', NULL, '2017-09-09 11:41:47', 1),
	(211, 7, 186, 4, 1, 211, NULL, '2017-09-09 11:41:47', NULL, '2017-09-09 11:41:47', 1),
	(212, 7, 169, 4, 1, 212, NULL, '2017-09-09 11:41:47', NULL, '2017-09-09 11:41:47', 1),
	(213, 7, 188, 4, 1, 213, NULL, '2017-09-09 11:41:47', NULL, '2017-09-09 11:41:47', 1),
	(214, 7, 171, 4, 2, 214, NULL, '2017-09-09 11:41:47', NULL, '2017-09-09 11:41:47', 1),
	(215, 7, 175, 3, 1, 215, NULL, '2017-09-09 11:41:47', NULL, '2017-09-09 11:41:47', 1),
	(216, 8, 110, 1, 1, 216, NULL, '2017-09-09 13:04:23', NULL, '2017-09-09 13:04:23', 1),
	(217, 8, 121, 1, 2, 217, NULL, '2017-09-09 13:07:54', NULL, '2017-09-09 13:07:54', 1),
	(218, 7, 202, 2, 2, 218, NULL, '2017-09-23 11:03:10', NULL, '2017-09-23 11:03:10', 1),
	(219, 9, 190, 1, 1, 219, NULL, '2017-09-23 18:14:04', NULL, '2017-09-23 18:14:04', 1),
	(220, 9, 191, 1, 1, 220, NULL, '2017-09-23 18:14:13', NULL, '2017-09-23 18:14:13', 1),
	(221, 9, 192, 1, 1, 221, NULL, '2017-09-23 18:14:21', NULL, '2017-09-23 18:14:21', 1),
	(222, 9, 113, 1, 1, 222, NULL, '2017-09-23 18:14:33', NULL, '2017-09-23 18:14:33', 1),
	(223, 9, 194, 1, 1, 223, NULL, '2017-09-23 18:14:47', NULL, '2017-09-23 18:14:47', 1),
	(224, 9, 193, 1, 1, 224, NULL, '2017-09-23 18:15:01', NULL, '2017-09-23 18:15:01', 1),
	(225, 9, 203, 1, 1, 225, NULL, '2017-09-23 18:15:54', NULL, '2017-09-23 18:15:54', 1),
	(226, 9, 114, 1, 1, 226, NULL, '2017-09-23 18:16:10', NULL, '2017-09-23 18:16:10', 1),
	(227, 9, 196, 1, 1, 227, NULL, '2017-09-23 18:16:23', NULL, '2017-09-23 18:16:23', 1),
	(228, 9, 119, 1, 1, 228, NULL, '2017-09-23 18:16:34', NULL, '2017-09-23 18:16:34', 1),
	(229, 9, 197, 1, 2, 229, NULL, '2017-09-23 18:19:25', NULL, '2017-09-23 18:19:25', 1),
	(230, 9, 198, 1, 2, 230, NULL, '2017-09-23 18:19:33', NULL, '2017-09-23 18:19:33', 1),
	(231, 9, 199, 1, 2, 231, NULL, '2017-09-23 18:19:48', NULL, '2017-09-23 18:19:48', 1),
	(232, 9, 121, 1, 2, 232, NULL, '2017-09-23 18:19:58', NULL, '2017-09-23 18:19:58', 1),
	(233, 9, 120, 1, 2, 233, NULL, '2017-09-23 18:20:06', NULL, '2017-09-23 18:20:06', 1),
	(234, 9, 204, 1, 2, 234, NULL, '2017-09-23 18:20:54', NULL, '2017-09-23 18:20:54', 1),
	(235, 9, 201, 1, 2, 235, NULL, '2017-09-23 18:21:04', NULL, '2017-09-23 18:21:04', 1),
	(236, 9, 205, 1, 2, 236, NULL, '2017-09-23 18:25:25', NULL, '2017-09-23 18:25:25', 1),
	(237, 9, 129, 1, 2, 237, NULL, '2017-09-23 18:26:31', NULL, '2017-09-23 18:26:31', 1),
	(238, 9, 206, 1, 2, 238, NULL, '2017-09-23 18:27:31', NULL, '2017-09-23 18:27:31', 1),
	(239, 9, 207, 2, 1, 239, NULL, '2017-09-23 18:28:23', NULL, '2017-09-23 18:28:23', 1),
	(240, 9, 208, 2, 1, 240, NULL, '2017-09-23 18:29:06', NULL, '2017-09-23 18:29:06', 1),
	(241, 9, 209, 2, 1, 241, NULL, '2017-09-23 18:30:07', NULL, '2017-09-23 18:30:07', 1),
	(242, 9, 210, 2, 1, 242, NULL, '2017-09-23 18:30:43', NULL, '2017-09-23 18:30:43', 1),
	(243, 9, 211, 2, 1, 243, NULL, '2017-09-23 18:31:29', NULL, '2017-09-23 18:31:29', 1),
	(244, 9, 212, 2, 1, 244, NULL, '2017-09-23 18:32:16', NULL, '2017-09-23 18:32:16', 1),
	(245, 9, 213, 2, 1, 245, NULL, '2017-09-23 18:33:19', NULL, '2017-09-23 18:33:19', 1),
	(246, 9, 214, 2, 1, 246, NULL, '2017-09-23 18:33:51', NULL, '2017-09-23 18:33:51', 1),
	(247, 9, 215, 2, 1, 247, NULL, '2017-09-23 18:34:23', NULL, '2017-09-23 18:34:23', 1),
	(248, 9, 216, 2, 2, 248, NULL, '2017-09-23 18:35:14', NULL, '2017-09-23 18:35:14', 1),
	(249, 9, 217, 2, 2, 249, NULL, '2017-09-23 18:35:43', NULL, '2017-09-23 18:35:43', 1),
	(250, 9, 218, 2, 2, 250, NULL, '2017-09-23 18:36:25', NULL, '2017-09-23 18:36:25', 1),
	(251, 9, 219, 2, 2, 251, NULL, '2017-09-23 18:37:10', NULL, '2017-09-23 18:37:10', 1),
	(252, 9, 220, 2, 2, 252, NULL, '2017-09-23 18:37:41', NULL, '2017-09-23 18:37:41', 1),
	(253, 9, 221, 2, 2, 253, NULL, '2017-09-23 18:44:10', NULL, '2017-09-23 18:44:10', 1),
	(254, 9, 223, 2, 2, 254, NULL, '2017-09-23 18:44:48', NULL, '2017-09-23 18:44:48', 1),
	(255, 9, 224, 2, 2, 255, NULL, '2017-09-23 18:45:13', NULL, '2017-09-23 18:45:13', 1),
	(256, 9, 225, 2, 2, 256, NULL, '2017-09-23 18:46:15', NULL, '2017-09-23 18:46:15', 1),
	(257, 9, 226, 3, 1, 257, 3, '2017-09-23 19:13:35', NULL, '2017-09-23 19:14:27', 1),
	(258, 9, 227, 3, 1, 258, 3, '2017-09-23 19:13:35', NULL, '2017-09-23 19:15:08', 1),
	(259, 9, 228, 3, 1, 259, 3, '2017-09-23 19:13:35', NULL, '2017-09-23 19:15:32', 1),
	(260, 9, 229, 3, 1, 260, 3, '2017-09-23 19:13:35', NULL, '2017-09-23 19:16:24', 1),
	(261, 9, 230, 3, 1, 261, 3, '2017-09-23 19:13:35', NULL, '2017-09-23 19:17:15', 1),
	(262, 9, 231, 3, 1, 262, 3, '2017-09-23 19:13:35', NULL, '2017-09-23 19:18:06', 1),
	(263, 9, 232, 3, 1, 263, 3, '2017-09-23 19:20:09', NULL, '2017-09-23 19:20:19', 1),
	(264, 9, 233, 3, 1, 264, 3, '2017-09-23 19:20:09', NULL, '2017-09-23 19:21:00', 1),
	(265, 9, 234, 3, 2, 265, 3, '2017-09-23 19:52:45', NULL, '2017-09-23 19:53:53', 1),
	(266, 9, 235, 3, 2, 266, 3, '2017-09-23 19:52:45', NULL, '2017-09-23 19:54:46', 1),
	(267, 9, 236, 3, 2, 267, 3, '2017-09-23 19:52:45', NULL, '2017-09-23 19:55:25', 1),
	(268, 9, 237, 3, 2, 268, 3, '2017-09-23 19:52:45', NULL, '2017-09-23 19:56:01', 1),
	(269, 9, 238, 3, 2, 269, 3, '2017-09-23 19:52:45', NULL, '2017-09-23 19:56:41', 1),
	(270, 9, 239, 3, 2, 270, 3, '2017-09-23 19:52:45', NULL, '2017-09-23 19:57:24', 1),
	(271, 9, 240, 3, 2, 271, 3, '2017-09-23 19:52:45', NULL, '2017-09-23 19:58:05', 1),
	(272, 9, 241, 3, 2, 272, 3, '2017-09-23 19:52:45', NULL, '2017-09-23 19:59:06', 1),
	(273, 9, 243, 4, 1, 273, 3, '2017-09-23 20:01:07', NULL, '2017-09-23 20:03:33', 1),
	(274, 9, 244, 4, 1, 274, 3, '2017-09-23 20:01:07', NULL, '2017-09-23 20:04:26', 1),
	(275, 9, 242, 4, 1, 275, 3, '2017-09-23 20:04:48', NULL, '2017-09-23 20:04:54', 1),
	(276, 9, 171, 4, 2, 276, 3, '2017-09-23 20:05:00', NULL, '2017-09-23 20:05:13', 1),
	(277, 10, 245, 1, 1, 277, 3, '2017-09-23 20:56:35', NULL, '2017-09-23 20:58:22', 1),
	(278, 10, 246, 1, 1, 278, 3, '2017-09-23 20:56:35', NULL, '2017-09-23 20:58:56', 1),
	(279, 10, 247, 1, 1, 279, 3, '2017-09-23 20:56:35', NULL, '2017-09-23 20:59:50', 1),
	(280, 10, 248, 1, 1, 280, 3, '2017-09-23 20:56:35', NULL, '2017-09-23 21:00:44', 1),
	(281, 10, 249, 1, 1, 281, 3, '2017-09-23 20:56:35', NULL, '2017-09-23 21:01:24', 1),
	(282, 10, 250, 1, 1, 282, 3, '2017-09-23 20:56:35', NULL, '2017-09-23 21:02:12', 1),
	(283, 10, 251, 1, 1, 283, 3, '2017-09-23 20:56:35', NULL, '2017-09-23 21:02:51', 1),
	(284, 10, 252, 1, 1, 284, 3, '2017-09-23 20:56:35', NULL, '2017-09-23 21:03:13', 1),
	(285, 10, 196, 1, 1, 285, 3, '2017-09-23 20:56:35', NULL, '2017-09-23 21:03:23', 1),
	(286, 10, 119, 1, 1, 286, 3, '2017-09-23 20:56:35', NULL, '2017-09-23 21:03:34', 1),
	(287, 10, 253, 1, 2, 287, 3, '2017-09-23 21:04:48', NULL, '2017-09-23 21:05:26', 1),
	(288, 10, 254, 1, 2, 288, 3, '2017-09-23 21:04:48', NULL, '2017-09-23 21:05:51', 1),
	(289, 10, 255, 1, 2, 289, 3, '2017-09-23 21:04:48', NULL, '2017-09-23 21:06:23', 1),
	(290, 10, 256, 1, 2, 290, 3, '2017-09-23 21:04:48', NULL, '2017-09-23 21:09:56', 1),
	(291, 10, 257, 1, 2, 291, 3, '2017-09-23 21:04:48', NULL, '2017-09-23 21:10:40', 1),
	(292, 10, 258, 1, 2, 292, 3, '2017-09-23 21:04:48', NULL, '2017-09-23 21:11:17', 1),
	(293, 10, 259, 1, 2, 293, 3, '2017-09-23 21:04:48', NULL, '2017-09-23 21:11:50', 1),
	(294, 10, 206, 1, 2, 294, 3, '2017-09-23 21:04:48', NULL, '2017-09-23 21:12:01', 1),
	(295, 10, 129, 1, 2, 295, 3, '2017-09-23 21:04:48', NULL, '2017-09-23 21:12:10', 1),
	(296, 10, 260, 2, 1, 296, 3, '2017-09-23 21:15:14', NULL, '2017-09-23 21:16:14', 1),
	(297, 10, 261, 2, 1, 297, 3, '2017-09-23 21:15:14', NULL, '2017-09-23 21:17:05', 1),
	(298, 10, 262, 2, 1, 298, 3, '2017-09-23 21:15:14', NULL, '2017-09-23 21:18:00', 1),
	(299, 10, 263, 2, 1, 299, 3, '2017-09-23 21:15:14', NULL, '2017-09-23 21:18:40', 1),
	(300, 10, 264, 2, 1, 300, 3, '2017-09-23 21:15:14', NULL, '2017-09-23 21:19:29', 1),
	(301, 10, 265, 2, 1, 301, 3, '2017-09-23 21:15:14', NULL, '2017-09-23 21:20:15', 1),
	(302, 10, 215, 2, 1, 302, 3, '2017-09-23 21:15:14', NULL, '2017-09-23 21:20:24', 1),
	(303, 10, 266, 2, 2, 303, 3, '2017-09-23 21:25:49', NULL, '2017-09-23 21:25:57', 1),
	(304, 10, 267, 3, 1, 304, 3, '2017-09-23 22:08:16', NULL, '2017-09-23 22:09:02', 1),
	(305, 10, 268, 3, 1, 305, 3, '2017-09-23 22:08:16', NULL, '2017-09-23 22:09:34', 1),
	(306, 10, 269, 3, 1, 306, 3, '2017-09-23 22:08:16', NULL, '2017-09-23 22:10:22', 1),
	(307, 10, 270, 3, 1, 307, 3, '2017-09-23 22:08:16', NULL, '2017-09-23 22:11:42', 1),
	(308, 10, 271, 3, 1, 308, 3, '2017-09-23 22:08:16', NULL, '2017-09-23 22:13:05', 1),
	(309, 10, 272, 3, 1, 309, 3, '2017-09-23 22:08:16', NULL, '2017-09-23 22:13:33', 1),
	(310, 10, 273, 3, 1, 310, 3, '2017-09-23 22:08:16', NULL, '2017-09-23 22:13:56', 1),
	(311, 10, 274, 3, 1, 311, 3, '2017-09-23 22:08:16', NULL, '2017-09-23 22:14:54', 1),
	(312, 10, 275, 3, 1, 312, 3, '2017-09-23 22:08:16', NULL, '2017-09-23 22:15:34', 1),
	(313, 10, 276, 3, 2, 313, 3, '2017-09-23 22:16:36', NULL, '2017-09-23 22:17:17', 1),
	(314, 10, 277, 3, 2, 314, 3, '2017-09-23 22:16:36', NULL, '2017-09-23 22:18:05', 1),
	(315, 10, 279, 3, 2, 315, 3, '2017-09-23 22:16:36', NULL, '2017-09-23 22:19:39', 1),
	(316, 10, 280, 3, 2, 316, 3, '2017-09-23 22:16:36', NULL, '2017-09-23 22:20:06', 1),
	(317, 10, 281, 3, 2, 317, 3, '2017-09-23 22:16:36', NULL, '2017-09-23 22:20:54', 1),
	(318, 10, 282, 3, 2, 318, 3, '2017-09-23 22:16:36', NULL, '2017-09-23 22:21:24', 1),
	(319, 10, 283, 3, 2, 319, 3, '2017-09-23 22:16:36', NULL, '2017-09-23 22:22:09', 1),
	(320, 10, 284, 3, 2, 320, 3, '2017-09-23 22:16:36', NULL, '2017-09-23 22:23:15', 1),
	(321, 10, 278, 3, 2, 321, 3, '2017-09-23 22:24:32', NULL, '2017-09-23 22:24:45', 1),
	(322, 10, 285, 4, 1, 322, 3, '2017-09-23 22:25:37', NULL, '2017-09-23 22:26:29', 1),
	(323, 10, 286, 4, 1, 323, 3, '2017-09-23 22:25:37', NULL, '2017-09-23 22:27:05', 1),
	(324, 10, 287, 4, 1, 324, 3, '2017-09-23 22:25:37', NULL, '2017-09-23 22:27:37', 1),
	(325, 10, 288, 4, 1, 325, 3, '2017-09-23 22:25:37', NULL, '2017-09-23 22:28:19', 1),
	(326, 10, 289, 4, 1, 326, 3, '2017-09-23 22:25:37', NULL, '2017-09-23 22:28:54', 1),
	(327, 10, 290, 4, 1, 327, 3, '2017-09-23 22:25:37', NULL, '2017-09-23 22:29:30', 1),
	(328, 10, 291, 4, 1, 328, 3, '2017-09-23 22:25:37', NULL, '2017-09-23 22:29:57', 1),
	(329, 10, 292, 4, 1, 329, 3, '2017-09-23 22:30:30', NULL, '2017-09-23 22:31:05', 1),
	(330, 10, 293, 4, 2, 330, 3, '2017-09-23 22:31:14', NULL, '2017-09-23 22:31:52', 1);
/*!40000 ALTER TABLE `curriculum_subject` ENABLE KEYS */;

-- Dumping structure for table cictems.evaluation
CREATE TABLE IF NOT EXISTS `evaluation` (
  `id` int(30) NOT NULL AUTO_INCREMENT,
  `STUDENT_id` int(11) DEFAULT NULL,
  `ACADTERM_id` int(11) DEFAULT NULL,
  `FACULTY_id` int(11) DEFAULT NULL,
  `adding_reference_id` int(11) DEFAULT NULL COMMENT 'the previous evaluation reference',
  `evaluation_date` datetime DEFAULT NULL,
  `year_level` int(11) DEFAULT NULL,
  `type` varchar(50) COLLATE utf8_unicode_ci DEFAULT NULL COMMENT 'REGULAR, , ADDING/CHANGING, SUMMER, MIDYEAR',
  `remarks` varchar(50) COLLATE utf8_unicode_ci DEFAULT 'ACCEPTED' COMMENT 'OVERWRITTEN',
  `cancelled_by` int(11) DEFAULT NULL,
  `cancelled_date` datetime DEFAULT NULL,
  `active` int(1) DEFAULT '1',
  PRIMARY KEY (`id`),
  KEY `evaluation_fk_from_student_cict_id` (`STUDENT_id`),
  KEY `evaluation_fk_from_academic_term_id` (`ACADTERM_id`),
  KEY `evaluation_fk_from_faculty_id` (`FACULTY_id`),
  KEY `evaluation_fk_self` (`adding_reference_id`),
  CONSTRAINT `evaluation_fk_from_academic_term_id` FOREIGN KEY (`ACADTERM_id`) REFERENCES `academic_term` (`id`),
  CONSTRAINT `evaluation_fk_from_faculty_id` FOREIGN KEY (`FACULTY_id`) REFERENCES `faculty` (`id`),
  CONSTRAINT `evaluation_fk_from_student_cict_id` FOREIGN KEY (`STUDENT_id`) REFERENCES `student` (`cict_id`),
  CONSTRAINT `evaluation_fk_self` FOREIGN KEY (`adding_reference_id`) REFERENCES `evaluation` (`id`)
) ENGINE=InnoDB AUTO_INCREMENT=4 DEFAULT CHARSET=utf8 COLLATE=utf8_unicode_ci COMMENT='has a duplication of student_id in the load_subjects';

-- Dumping data for table cictems.evaluation: ~3 rows (approximately)
/*!40000 ALTER TABLE `evaluation` DISABLE KEYS */;
INSERT INTO `evaluation` (`id`, `STUDENT_id`, `ACADTERM_id`, `FACULTY_id`, `adding_reference_id`, `evaluation_date`, `year_level`, `type`, `remarks`, `cancelled_by`, `cancelled_date`, `active`) VALUES
	(1, 59, 11, 1, NULL, '2017-09-16 10:39:44', 1, 'REGULAR', 'REVOKED', 3, '2017-09-23 12:19:24', 0),
	(2, 57, 11, 1, NULL, '2017-09-21 20:40:03', 1, 'REGULAR', 'REVOKED', 3, '2017-09-23 00:30:13', 0),
	(3, 58, 11, 3, NULL, '2017-09-22 19:24:51', 1, 'REGULAR', 'REVOKED', 3, '2017-09-23 12:07:07', 0);
/*!40000 ALTER TABLE `evaluation` ENABLE KEYS */;

-- Dumping structure for table cictems.faculty
CREATE TABLE IF NOT EXISTS `faculty` (
  `id` int(30) NOT NULL AUTO_INCREMENT,
  `bulsu_id` varchar(50) COLLATE utf8_unicode_ci DEFAULT NULL,
  `last_name` varchar(100) COLLATE utf8_unicode_ci DEFAULT NULL,
  `first_name` varchar(100) COLLATE utf8_unicode_ci DEFAULT NULL,
  `middle_name` varchar(100) COLLATE utf8_unicode_ci DEFAULT NULL,
  `gender` varchar(100) COLLATE utf8_unicode_ci DEFAULT NULL,
  `rank` varchar(50) COLLATE utf8_unicode_ci DEFAULT NULL,
  `designation` varchar(50) COLLATE utf8_unicode_ci DEFAULT NULL,
  `transaction_pin` varchar(6) COLLATE utf8_unicode_ci DEFAULT '123456',
  `active` int(1) DEFAULT '1',
  PRIMARY KEY (`id`)
) ENGINE=InnoDB AUTO_INCREMENT=5 DEFAULT CHARSET=utf8 COLLATE=utf8_unicode_ci;

-- Dumping data for table cictems.faculty: ~4 rows (approximately)
/*!40000 ALTER TABLE `faculty` DISABLE KEYS */;
INSERT INTO `faculty` (`id`, `bulsu_id`, `last_name`, `first_name`, `middle_name`, `gender`, `rank`, `designation`, `transaction_pin`, `active`) VALUES
	(1, '2017-A', 'PERELLO', 'JHON MELVIN', 'NIETO', 'MALE', 'INSTRUCTOR', 'FACULTY', '123456', 1),
	(2, '2017-e', 'SAMSON', 'EVELYN', NULL, 'FEMALE', 'ASSOCIATE PROFESSOR III', 'LOCAL REGISTRAR', '123456', 1),
	(3, '2017-B', 'DE LA CRUZ', 'JOEMAR', 'NUCOM', 'MALE', 'INSTRUCTOR', 'FACULTY', '123456', 1),
	(4, '2017-C', 'CALIZON', 'JOHN MICHAEL', 'EWAN', 'MALE', 'INSTRUCTOR', 'FACULTY', '123456', 1);
/*!40000 ALTER TABLE `faculty` ENABLE KEYS */;

-- Dumping structure for table cictems.grade
CREATE TABLE IF NOT EXISTS `grade` (
  `id` int(30) NOT NULL AUTO_INCREMENT,
  `STUDENT_id` int(30) DEFAULT NULL,
  `SUBJECT_id` int(30) DEFAULT NULL,
  `ACADTERM_id` int(30) DEFAULT NULL,
  `rating` varchar(50) COLLATE utf8_unicode_ci DEFAULT 'UNPOSTED',
  `remarks` varchar(100) COLLATE utf8_unicode_ci DEFAULT 'UNPOSTED',
  `credit` double DEFAULT '0',
  `credit_method` varchar(100) COLLATE utf8_unicode_ci DEFAULT 'REGULAR' COMMENT 'REGULAR, CREDIT, CROSS_ENROLL',
  `created_by` int(11) DEFAULT NULL COMMENT 'FACULTY ID',
  `created_date` datetime DEFAULT CURRENT_TIMESTAMP,
  `posted` int(1) DEFAULT '0',
  `posted_by` int(11) DEFAULT NULL COMMENT 'EMS-01-JOEMAR DELA CRUZ',
  `posting_date` datetime DEFAULT NULL,
  `inc_expire` datetime DEFAULT NULL COMMENT 'if remarks is INC +1 year in the posting date else make it default',
  `updated_by` int(11) DEFAULT NULL,
  `updated_date` datetime(6) DEFAULT NULL,
  `reason_for_update` varchar(50) COLLATE utf8_unicode_ci DEFAULT '' COMMENT 'IF the grade will be changed',
  `active` int(1) DEFAULT '1',
  PRIMARY KEY (`id`),
  KEY `grade_fk_from_student_id` (`STUDENT_id`),
  KEY `grade_fk_from_subject_id` (`SUBJECT_id`),
  KEY `grade_fk_from_academic_term_id` (`ACADTERM_id`),
  KEY `grade_fk_from_faculty_id_posted` (`posted_by`),
  KEY `grade_fk_from_faculty_id_update` (`updated_by`),
  KEY `grade_fk_from_faculty_id_created` (`created_by`),
  CONSTRAINT `grade_fk_from_academic_term_id` FOREIGN KEY (`ACADTERM_id`) REFERENCES `academic_term` (`id`),
  CONSTRAINT `grade_fk_from_faculty_id_created` FOREIGN KEY (`created_by`) REFERENCES `faculty` (`id`),
  CONSTRAINT `grade_fk_from_faculty_id_posted` FOREIGN KEY (`posted_by`) REFERENCES `faculty` (`id`),
  CONSTRAINT `grade_fk_from_faculty_id_update` FOREIGN KEY (`updated_by`) REFERENCES `faculty` (`id`),
  CONSTRAINT `grade_fk_from_student_id` FOREIGN KEY (`STUDENT_id`) REFERENCES `student` (`cict_id`),
  CONSTRAINT `grade_fk_from_subject_id` FOREIGN KEY (`SUBJECT_id`) REFERENCES `subject` (`id`)
) ENGINE=InnoDB AUTO_INCREMENT=35 DEFAULT CHARSET=utf8 COLLATE=utf8_unicode_ci COMMENT='evaluation id will be null until evaluated';

-- Dumping data for table cictems.grade: ~32 rows (approximately)
/*!40000 ALTER TABLE `grade` DISABLE KEYS */;
INSERT INTO `grade` (`id`, `STUDENT_id`, `SUBJECT_id`, `ACADTERM_id`, `rating`, `remarks`, `credit`, `credit_method`, `created_by`, `created_date`, `posted`, `posted_by`, `posting_date`, `inc_expire`, `updated_by`, `updated_date`, `reason_for_update`, `active`) VALUES
	(3, 57, 177, NULL, '1.00', 'PASSED', 3, 'REGULAR', NULL, '2017-09-13 00:10:00', 1, 1, '2017-09-13 00:10:00', NULL, NULL, NULL, '', 1),
	(4, 57, 115, NULL, '1.00', 'PASSED', 3, 'REGULAR', NULL, '2017-09-13 00:20:25', 1, 1, '2017-09-13 00:20:25', NULL, NULL, NULL, '', 1),
	(5, 57, 154, NULL, '1.00', 'PASSED', 3, 'REGULAR', NULL, '2017-09-13 00:36:42', 1, 1, '2017-09-13 00:36:42', NULL, NULL, NULL, '', 1),
	(6, 59, 114, 11, 'CANCELLED', 'CANCELLED', 0, 'REGULAR', 1, '2017-09-16 10:39:44', 0, NULL, NULL, NULL, 3, '2017-09-23 12:19:24.000000', 'REVOKED_EVALUATION', 0),
	(7, 59, 118, 11, 'CANCELLED', 'CANCELLED', 0, 'REGULAR', 1, '2017-09-16 10:39:44', 0, NULL, NULL, NULL, 3, '2017-09-23 12:19:24.000000', 'REVOKED_EVALUATION', 0),
	(8, 59, 119, 11, 'CANCELLED', 'CANCELLED', 0, 'REGULAR', 1, '2017-09-16 10:39:44', 0, NULL, NULL, NULL, 3, '2017-09-23 12:19:24.000000', 'REVOKED_EVALUATION', 0),
	(9, 59, 115, 11, 'CANCELLED', 'CANCELLED', 0, 'REGULAR', 1, '2017-09-16 10:39:44', 0, NULL, NULL, NULL, 3, '2017-09-23 12:19:24.000000', 'REVOKED_EVALUATION', 0),
	(10, 59, 117, 11, 'CANCELLED', 'CANCELLED', 0, 'REGULAR', 1, '2017-09-16 10:39:44', 0, NULL, NULL, NULL, 3, '2017-09-23 12:19:24.000000', 'REVOKED_EVALUATION', 0),
	(11, 59, 113, 11, 'CANCELLED', 'CANCELLED', 0, 'REGULAR', 1, '2017-09-16 10:39:44', 0, NULL, NULL, NULL, 3, '2017-09-23 12:19:24.000000', 'REVOKED_EVALUATION', 0),
	(12, 59, 116, 11, 'CANCELLED', 'CANCELLED', 0, 'REGULAR', 1, '2017-09-16 10:39:44', 0, NULL, NULL, NULL, 3, '2017-09-23 12:19:24.000000', 'REVOKED_EVALUATION', 0),
	(13, 59, 112, 11, 'CANCELLED', 'CANCELLED', 0, 'REGULAR', 1, '2017-09-16 10:39:44', 0, NULL, NULL, NULL, 3, '2017-09-23 12:19:24.000000', 'REVOKED_EVALUATION', 0),
	(14, 59, 110, 11, 'CANCELLED', 'CANCELLED', 0, 'REGULAR', 1, '2017-09-16 10:39:44', 0, NULL, NULL, NULL, 3, '2017-09-23 12:19:24.000000', 'REVOKED_EVALUATION', 0),
	(15, 59, 111, 11, 'CANCELLED', 'CANCELLED', 0, 'REGULAR', 1, '2017-09-16 10:39:44', 0, NULL, NULL, NULL, 3, '2017-09-23 12:19:24.000000', 'REVOKED_EVALUATION', 0),
	(16, 57, 114, 11, 'CANCELLED', 'CANCELLED', 0, 'REGULAR', 1, '2017-09-21 20:40:03', 0, NULL, NULL, NULL, 3, '2017-09-23 00:30:13.000000', 'REVOKED_EVALUATION', 0),
	(17, 57, 117, 11, 'CANCELLED', 'CANCELLED', 0, 'REGULAR', 1, '2017-09-21 20:40:03', 0, NULL, NULL, NULL, 3, '2017-09-23 00:30:13.000000', 'REVOKED_EVALUATION', 0),
	(18, 57, 116, 11, 'CANCELLED', 'CANCELLED', 0, 'REGULAR', 1, '2017-09-21 20:40:03', 0, NULL, NULL, NULL, 3, '2017-09-23 00:30:13.000000', 'REVOKED_EVALUATION', 0),
	(19, 57, 119, 11, 'CANCELLED', 'CANCELLED', 0, 'REGULAR', 1, '2017-09-21 20:40:03', 0, NULL, NULL, NULL, 3, '2017-09-23 00:30:13.000000', 'REVOKED_EVALUATION', 0),
	(20, 57, 118, 11, 'CANCELLED', 'CANCELLED', 0, 'REGULAR', 1, '2017-09-21 20:40:03', 0, NULL, NULL, NULL, 3, '2017-09-23 00:30:13.000000', 'REVOKED_EVALUATION', 0),
	(21, 57, 113, 11, 'CANCELLED', 'CANCELLED', 0, 'REGULAR', 1, '2017-09-21 20:40:03', 0, NULL, NULL, NULL, 3, '2017-09-23 00:30:13.000000', 'REVOKED_EVALUATION', 0),
	(22, 57, 110, 11, 'CANCELLED', 'CANCELLED', 0, 'REGULAR', 1, '2017-09-21 20:40:03', 0, NULL, NULL, NULL, 3, '2017-09-23 00:30:13.000000', 'REVOKED_EVALUATION', 0),
	(23, 57, 112, 11, 'CANCELLED', 'CANCELLED', 0, 'REGULAR', 1, '2017-09-21 20:40:03', 0, NULL, NULL, NULL, 3, '2017-09-23 00:30:13.000000', 'REVOKED_EVALUATION', 0),
	(24, 57, 111, 11, 'CANCELLED', 'CANCELLED', 0, 'REGULAR', 1, '2017-09-21 20:40:03', 0, NULL, NULL, NULL, 3, '2017-09-23 00:30:13.000000', 'REVOKED_EVALUATION', 0),
	(25, 58, 112, 11, 'CANCELLED', 'CANCELLED', 0, 'REGULAR', 3, '2017-09-22 19:24:51', 0, NULL, NULL, NULL, 3, '2017-09-23 12:07:07.000000', 'REVOKED_EVALUATION', 0),
	(26, 58, 118, 11, 'CANCELLED', 'CANCELLED', 0, 'REGULAR', 3, '2017-09-22 19:24:51', 0, NULL, NULL, NULL, 3, '2017-09-23 12:07:07.000000', 'REVOKED_EVALUATION', 0),
	(27, 58, 110, 11, 'CANCELLED', 'CANCELLED', 0, 'REGULAR', 3, '2017-09-22 19:24:51', 0, NULL, NULL, NULL, 3, '2017-09-23 12:07:07.000000', 'REVOKED_EVALUATION', 0),
	(28, 58, 113, 11, 'CANCELLED', 'CANCELLED', 0, 'REGULAR', 3, '2017-09-22 19:24:51', 0, NULL, NULL, NULL, 3, '2017-09-23 12:07:07.000000', 'REVOKED_EVALUATION', 0),
	(29, 58, 111, 11, 'CANCELLED', 'CANCELLED', 0, 'REGULAR', 3, '2017-09-22 19:24:51', 0, NULL, NULL, NULL, 3, '2017-09-23 12:07:07.000000', 'REVOKED_EVALUATION', 0),
	(30, 58, 116, 11, 'CANCELLED', 'CANCELLED', 0, 'REGULAR', 3, '2017-09-22 19:24:51', 0, NULL, NULL, NULL, 3, '2017-09-23 12:07:07.000000', 'REVOKED_EVALUATION', 0),
	(31, 58, 114, 11, 'CANCELLED', 'CANCELLED', 0, 'REGULAR', 3, '2017-09-22 19:24:51', 0, NULL, NULL, NULL, 3, '2017-09-23 12:07:07.000000', 'REVOKED_EVALUATION', 0),
	(32, 58, 115, 11, 'CANCELLED', 'CANCELLED', 0, 'REGULAR', 3, '2017-09-22 19:24:51', 0, NULL, NULL, NULL, 3, '2017-09-23 12:07:07.000000', 'REVOKED_EVALUATION', 0),
	(33, 58, 117, 11, 'CANCELLED', 'CANCELLED', 0, 'REGULAR', 3, '2017-09-22 19:24:51', 0, NULL, NULL, NULL, 3, '2017-09-23 12:07:07.000000', 'REVOKED_EVALUATION', 0),
	(34, 58, 119, 11, 'CANCELLED', 'CANCELLED', 0, 'REGULAR', 3, '2017-09-22 19:24:51', 0, NULL, NULL, NULL, 3, '2017-09-23 12:07:07.000000', 'REVOKED_EVALUATION', 0);
/*!40000 ALTER TABLE `grade` ENABLE KEYS */;

-- Dumping structure for table cictems.linked_entrance
CREATE TABLE IF NOT EXISTS `linked_entrance` (
  `reference_id` int(11) NOT NULL AUTO_INCREMENT,
  `student_number` varchar(50) COLLATE utf8_unicode_ci DEFAULT NULL,
  `name` varchar(50) COLLATE utf8_unicode_ci DEFAULT NULL,
  `status` varchar(50) COLLATE utf8_unicode_ci DEFAULT 'NONE',
  `faculty_name` varchar(50) COLLATE utf8_unicode_ci DEFAULT 'NONE',
  `floor_assignment` int(11) DEFAULT NULL,
  `active` tinyint(4) DEFAULT '1',
  PRIMARY KEY (`reference_id`)
) ENGINE=InnoDB DEFAULT CHARSET=utf8 COLLATE=utf8_unicode_ci;

-- Dumping data for table cictems.linked_entrance: ~0 rows (approximately)
/*!40000 ALTER TABLE `linked_entrance` DISABLE KEYS */;
/*!40000 ALTER TABLE `linked_entrance` ENABLE KEYS */;

-- Dumping structure for table cictems.linked_marshall_session
CREATE TABLE IF NOT EXISTS `linked_marshall_session` (
  `ses_id` int(11) NOT NULL AUTO_INCREMENT,
  `cict_id` int(11) DEFAULT NULL,
  `account_id` int(11) DEFAULT NULL,
  `name` varchar(50) COLLATE utf8_unicode_ci DEFAULT NULL,
  `org` varchar(50) COLLATE utf8_unicode_ci DEFAULT NULL,
  `imei` varchar(100) COLLATE utf8_unicode_ci DEFAULT NULL,
  `session_start` datetime DEFAULT CURRENT_TIMESTAMP,
  `session_end` datetime DEFAULT NULL,
  `status` varchar(50) COLLATE utf8_unicode_ci DEFAULT 'ONLINE',
  `active` int(11) DEFAULT '1',
  PRIMARY KEY (`ses_id`),
  KEY `marshall_session_fk_from_student_cict_id` (`cict_id`),
  KEY `marshall_session_fk_from_account_student_id` (`account_id`),
  CONSTRAINT `marshall_session_fk_from_account_student_id` FOREIGN KEY (`account_id`) REFERENCES `account_student` (`id`),
  CONSTRAINT `marshall_session_fk_from_student_cict_id` FOREIGN KEY (`cict_id`) REFERENCES `student` (`cict_id`)
) ENGINE=InnoDB AUTO_INCREMENT=22 DEFAULT CHARSET=utf8 COLLATE=utf8_unicode_ci;

-- Dumping data for table cictems.linked_marshall_session: ~1 rows (approximately)
/*!40000 ALTER TABLE `linked_marshall_session` DISABLE KEYS */;
INSERT INTO `linked_marshall_session` (`ses_id`, `cict_id`, `account_id`, `name`, `org`, `imei`, `session_start`, `session_end`, `status`, `active`) VALUES
	(21, 59, 24, 'MERCADO JELYN CARLOS', 'NONE', '867542024313101', '2017-09-13 23:11:29', NULL, 'ONLINE', 1);
/*!40000 ALTER TABLE `linked_marshall_session` ENABLE KEYS */;

-- Dumping structure for table cictems.linked_pila
CREATE TABLE IF NOT EXISTS `linked_pila` (
  `id` int(11) NOT NULL AUTO_INCREMENT,
  `ACADTERM_id` int(11) DEFAULT NULL,
  `STUDENT_id` int(11) DEFAULT NULL,
  `ACCOUNT_id` int(11) DEFAULT NULL,
  `SETTINGS_id` int(11) DEFAULT NULL,
  `conforme` varchar(50) COLLATE utf8_unicode_ci DEFAULT NULL,
  `course` varchar(50) COLLATE utf8_unicode_ci DEFAULT NULL,
  `imei` varchar(50) COLLATE utf8_unicode_ci DEFAULT NULL,
  `request_accepted` datetime DEFAULT CURRENT_TIMESTAMP,
  `request_called` datetime DEFAULT NULL,
  `request_validity` datetime DEFAULT NULL,
  `floor_assignment` int(11) DEFAULT '0',
  `status` varchar(50) COLLATE utf8_unicode_ci NOT NULL DEFAULT 'INLINE' COMMENT 'INLINE, VOID, CALLED',
  `remarks` varchar(50) COLLATE utf8_unicode_ci NOT NULL DEFAULT 'NONE',
  `active` int(11) DEFAULT '1',
  PRIMARY KEY (`id`),
  KEY `pila_fk_from_academic_term_id` (`ACADTERM_id`),
  KEY `pila_fk_from_student_cict_id` (`STUDENT_id`),
  KEY `pila_fk_from_account_student_id` (`ACCOUNT_id`),
  CONSTRAINT `pila_fk_from_academic_term_id` FOREIGN KEY (`ACADTERM_id`) REFERENCES `academic_term` (`id`),
  CONSTRAINT `pila_fk_from_account_student_id` FOREIGN KEY (`ACCOUNT_id`) REFERENCES `account_student` (`id`),
  CONSTRAINT `pila_fk_from_student_cict_id` FOREIGN KEY (`STUDENT_id`) REFERENCES `student` (`cict_id`)
) ENGINE=InnoDB DEFAULT CHARSET=utf8 COLLATE=utf8_unicode_ci;

-- Dumping data for table cictems.linked_pila: ~0 rows (approximately)
/*!40000 ALTER TABLE `linked_pila` DISABLE KEYS */;
/*!40000 ALTER TABLE `linked_pila` ENABLE KEYS */;

-- Dumping structure for table cictems.linked_pila_3f
CREATE TABLE IF NOT EXISTS `linked_pila_3f` (
  `id` int(11) NOT NULL AUTO_INCREMENT,
  `pila_id` int(11) DEFAULT NULL,
  `active` int(11) DEFAULT '1',
  PRIMARY KEY (`id`),
  KEY `pila_fk_id` (`pila_id`),
  CONSTRAINT `pila_fk_id` FOREIGN KEY (`pila_id`) REFERENCES `linked_pila` (`id`)
) ENGINE=InnoDB DEFAULT CHARSET=utf8 COLLATE=utf8_unicode_ci;

-- Dumping data for table cictems.linked_pila_3f: ~0 rows (approximately)
/*!40000 ALTER TABLE `linked_pila_3f` DISABLE KEYS */;
/*!40000 ALTER TABLE `linked_pila_3f` ENABLE KEYS */;

-- Dumping structure for table cictems.linked_pila_4f
CREATE TABLE IF NOT EXISTS `linked_pila_4f` (
  `id` int(11) NOT NULL AUTO_INCREMENT,
  `pila_id` int(11) DEFAULT NULL,
  `active` int(11) DEFAULT '1',
  PRIMARY KEY (`id`),
  KEY `pila_fk` (`pila_id`),
  CONSTRAINT `pila_fk` FOREIGN KEY (`pila_id`) REFERENCES `linked_pila` (`id`)
) ENGINE=InnoDB DEFAULT CHARSET=utf8 COLLATE=utf8_unicode_ci;

-- Dumping data for table cictems.linked_pila_4f: ~0 rows (approximately)
/*!40000 ALTER TABLE `linked_pila_4f` DISABLE KEYS */;
/*!40000 ALTER TABLE `linked_pila_4f` ENABLE KEYS */;

-- Dumping structure for table cictems.linked_settings
CREATE TABLE IF NOT EXISTS `linked_settings` (
  `id` int(11) NOT NULL AUTO_INCREMENT,
  `floor_3_max` int(11) DEFAULT '0',
  `floor_4_max` int(11) DEFAULT '0',
  `floor_3_name` varchar(50) COLLATE utf8_unicode_ci DEFAULT NULL,
  `floor_4_name` varchar(50) COLLATE utf8_unicode_ci DEFAULT NULL,
  `floor_3_last` int(11) DEFAULT '0',
  `floor_4_last` int(11) DEFAULT '0',
  `floor_3_cut` int(11) DEFAULT '0',
  `floor_4_cut` int(11) DEFAULT '0',
  `created_by` int(11) DEFAULT NULL,
  `created_date` datetime DEFAULT CURRENT_TIMESTAMP,
  `active` int(11) DEFAULT '1',
  PRIMARY KEY (`id`)
) ENGINE=InnoDB AUTO_INCREMENT=2 DEFAULT CHARSET=utf8 COLLATE=utf8_unicode_ci;

-- Dumping data for table cictems.linked_settings: ~1 rows (approximately)
/*!40000 ALTER TABLE `linked_settings` DISABLE KEYS */;
INSERT INTO `linked_settings` (`id`, `floor_3_max`, `floor_4_max`, `floor_3_name`, `floor_4_name`, `floor_3_last`, `floor_4_last`, `floor_3_cut`, `floor_4_cut`, `created_by`, `created_date`, `active`) VALUES
	(1, 1000, 1000, '3FLR/IT8', '4FLR/CT6', 25, 0, 0, 1, 1, '2017-09-10 08:25:36', 1);
/*!40000 ALTER TABLE `linked_settings` ENABLE KEYS */;

-- Dumping structure for table cictems.linked_telemetry
CREATE TABLE IF NOT EXISTS `linked_telemetry` (
  `id` int(11) NOT NULL AUTO_INCREMENT,
  `class_name` varchar(50) COLLATE utf8_unicode_ci NOT NULL DEFAULT 'Unknown',
  `method_name` varchar(50) COLLATE utf8_unicode_ci NOT NULL DEFAULT 'Unknown',
  `line` varchar(50) COLLATE utf8_unicode_ci NOT NULL DEFAULT 'Unknown',
  `classification` varchar(50) COLLATE utf8_unicode_ci NOT NULL DEFAULT 'Unknown',
  `exception_type` varchar(50) COLLATE utf8_unicode_ci NOT NULL DEFAULT 'Unknown',
  `description` varchar(200) COLLATE utf8_unicode_ci NOT NULL DEFAULT 'Unknown',
  `student_number` varchar(30) COLLATE utf8_unicode_ci NOT NULL DEFAULT 'Unknown',
  `student_name` varchar(100) COLLATE utf8_unicode_ci NOT NULL DEFAULT 'Unknown',
  `version` varchar(100) COLLATE utf8_unicode_ci NOT NULL DEFAULT 'Unknown',
  `build` varchar(100) COLLATE utf8_unicode_ci NOT NULL DEFAULT 'Unknown',
  `model` varchar(100) COLLATE utf8_unicode_ci NOT NULL DEFAULT 'Unknown',
  `board` varchar(100) COLLATE utf8_unicode_ci NOT NULL DEFAULT 'Unknown',
  `brand` varchar(100) COLLATE utf8_unicode_ci NOT NULL DEFAULT 'Unknown',
  `hardware` varchar(100) COLLATE utf8_unicode_ci NOT NULL DEFAULT 'Unknown',
  `manufacturer` varchar(100) COLLATE utf8_unicode_ci NOT NULL DEFAULT 'Unknown',
  `serial` varchar(100) COLLATE utf8_unicode_ci NOT NULL DEFAULT 'Unknown',
  `date_submitted` datetime NOT NULL DEFAULT CURRENT_TIMESTAMP,
  `active` int(11) NOT NULL DEFAULT '1',
  PRIMARY KEY (`id`)
) ENGINE=InnoDB DEFAULT CHARSET=utf8 COLLATE=utf8_unicode_ci;

-- Dumping data for table cictems.linked_telemetry: ~0 rows (approximately)
/*!40000 ALTER TABLE `linked_telemetry` DISABLE KEYS */;
/*!40000 ALTER TABLE `linked_telemetry` ENABLE KEYS */;

-- Dumping structure for table cictems.load_group
CREATE TABLE IF NOT EXISTS `load_group` (
  `id` int(11) NOT NULL AUTO_INCREMENT,
  `SUBJECT_id` int(11) DEFAULT NULL,
  `LOADSEC_id` int(11) DEFAULT NULL,
  `faculty` int(11) DEFAULT NULL,
  `group_type` varchar(50) COLLATE utf8_unicode_ci DEFAULT 'REGULAR' COMMENT 'REGULAR,TUTORIAL',
  `added_date` datetime DEFAULT CURRENT_TIMESTAMP,
  `added_by` int(11) DEFAULT NULL,
  `removed_date` datetime DEFAULT NULL,
  `removed_by` int(11) DEFAULT NULL,
  `active` int(11) DEFAULT '1',
  PRIMARY KEY (`id`),
  KEY `load_group_fk_from_subject_id` (`SUBJECT_id`),
  KEY `load_group_fk_from_load_section_id` (`LOADSEC_id`),
  CONSTRAINT `load_group_fk_from_load_section_id` FOREIGN KEY (`LOADSEC_id`) REFERENCES `load_section` (`id`),
  CONSTRAINT `load_group_fk_from_subject_id` FOREIGN KEY (`SUBJECT_id`) REFERENCES `subject` (`id`)
) ENGINE=InnoDB AUTO_INCREMENT=4465 DEFAULT CHARSET=utf8 COLLATE=utf8_unicode_ci COMMENT='all the subjects in that section';

-- Dumping data for table cictems.load_group: ~2,497 rows (approximately)
/*!40000 ALTER TABLE `load_group` DISABLE KEYS */;
INSERT INTO `load_group` (`id`, `SUBJECT_id`, `LOADSEC_id`, `faculty`, `group_type`, `added_date`, `added_by`, `removed_date`, `removed_by`, `active`) VALUES
	(1968, 110, 679, NULL, 'REGULAR', '2017-09-14 22:28:48', NULL, NULL, NULL, 1),
	(1969, 111, 679, NULL, 'REGULAR', '2017-09-14 22:28:48', NULL, NULL, NULL, 1),
	(1970, 112, 679, NULL, 'REGULAR', '2017-09-14 22:28:48', NULL, NULL, NULL, 1),
	(1971, 113, 679, NULL, 'REGULAR', '2017-09-14 22:28:48', NULL, NULL, NULL, 1),
	(1972, 114, 679, NULL, 'REGULAR', '2017-09-14 22:28:48', NULL, NULL, NULL, 1),
	(1973, 115, 679, NULL, 'REGULAR', '2017-09-14 22:28:48', NULL, NULL, NULL, 1),
	(1974, 116, 679, NULL, 'REGULAR', '2017-09-14 22:28:48', NULL, NULL, NULL, 1),
	(1975, 117, 679, NULL, 'REGULAR', '2017-09-14 22:28:48', NULL, NULL, NULL, 1),
	(1976, 118, 679, NULL, 'REGULAR', '2017-09-14 22:28:48', NULL, NULL, NULL, 1),
	(1977, 119, 679, NULL, 'REGULAR', '2017-09-14 22:28:48', NULL, NULL, NULL, 1),
	(1978, 110, 680, NULL, 'REGULAR', '2017-09-14 22:28:48', NULL, NULL, NULL, 1),
	(1979, 111, 680, NULL, 'REGULAR', '2017-09-14 22:28:48', NULL, NULL, NULL, 1),
	(1980, 112, 680, NULL, 'REGULAR', '2017-09-14 22:28:48', NULL, NULL, NULL, 1),
	(1981, 113, 680, NULL, 'REGULAR', '2017-09-14 22:28:48', NULL, NULL, NULL, 1),
	(1982, 114, 680, NULL, 'REGULAR', '2017-09-14 22:28:48', NULL, NULL, NULL, 1),
	(1983, 115, 680, NULL, 'REGULAR', '2017-09-14 22:28:48', NULL, NULL, NULL, 1),
	(1984, 116, 680, NULL, 'REGULAR', '2017-09-14 22:28:48', NULL, NULL, NULL, 1),
	(1985, 117, 680, NULL, 'REGULAR', '2017-09-14 22:28:48', NULL, NULL, NULL, 1),
	(1986, 118, 680, NULL, 'REGULAR', '2017-09-14 22:28:48', NULL, NULL, NULL, 1),
	(1987, 119, 680, NULL, 'REGULAR', '2017-09-14 22:28:48', NULL, NULL, NULL, 1),
	(1988, 130, 681, NULL, 'REGULAR', '2017-09-14 22:28:48', NULL, NULL, NULL, 1),
	(1989, 131, 681, NULL, 'REGULAR', '2017-09-14 22:28:48', NULL, NULL, NULL, 1),
	(1990, 172, 681, NULL, 'REGULAR', '2017-09-14 22:28:48', NULL, NULL, NULL, 1),
	(1991, 126, 681, NULL, 'REGULAR', '2017-09-14 22:28:48', NULL, NULL, NULL, 1),
	(1992, 133, 681, NULL, 'REGULAR', '2017-09-14 22:28:48', NULL, NULL, NULL, 1),
	(1993, 134, 681, NULL, 'REGULAR', '2017-09-14 22:28:48', NULL, NULL, NULL, 1),
	(1994, 135, 681, NULL, 'REGULAR', '2017-09-14 22:28:48', NULL, NULL, NULL, 1),
	(1995, 137, 681, NULL, 'REGULAR', '2017-09-14 22:28:49', NULL, NULL, NULL, 1),
	(1996, 130, 682, NULL, 'REGULAR', '2017-09-14 22:28:49', NULL, NULL, NULL, 1),
	(1997, 131, 682, NULL, 'REGULAR', '2017-09-14 22:28:49', NULL, NULL, NULL, 1),
	(1998, 172, 682, NULL, 'REGULAR', '2017-09-14 22:28:49', NULL, NULL, NULL, 1),
	(1999, 126, 682, NULL, 'REGULAR', '2017-09-14 22:28:49', NULL, NULL, NULL, 1),
	(2000, 133, 682, NULL, 'REGULAR', '2017-09-14 22:28:49', NULL, NULL, NULL, 1),
	(2001, 134, 682, NULL, 'REGULAR', '2017-09-14 22:28:49', NULL, NULL, NULL, 1),
	(2002, 135, 682, NULL, 'REGULAR', '2017-09-14 22:28:49', NULL, NULL, NULL, 1),
	(2003, 137, 682, NULL, 'REGULAR', '2017-09-14 22:28:49', NULL, NULL, NULL, 1),
	(2004, 174, 683, NULL, 'REGULAR', '2017-09-14 22:28:49', NULL, NULL, NULL, 1),
	(2005, 152, 683, NULL, 'REGULAR', '2017-09-14 22:28:49', NULL, NULL, NULL, 1),
	(2006, 176, 683, NULL, 'REGULAR', '2017-09-14 22:28:49', NULL, NULL, NULL, 1),
	(2007, 154, 683, NULL, 'REGULAR', '2017-09-14 22:28:49', NULL, NULL, NULL, 1),
	(2008, 177, 683, NULL, 'REGULAR', '2017-09-14 22:28:49', NULL, NULL, NULL, 1),
	(2009, 156, 683, NULL, 'REGULAR', '2017-09-14 22:28:49', NULL, NULL, NULL, 1),
	(2010, 157, 683, NULL, 'REGULAR', '2017-09-14 22:28:49', NULL, NULL, NULL, 1),
	(2011, 179, 683, NULL, 'REGULAR', '2017-09-14 22:28:49', NULL, NULL, NULL, 1),
	(2012, 175, 683, NULL, 'REGULAR', '2017-09-14 22:28:49', NULL, NULL, NULL, 1),
	(2013, 174, 684, NULL, 'REGULAR', '2017-09-14 22:28:49', NULL, NULL, NULL, 1),
	(2014, 152, 684, NULL, 'REGULAR', '2017-09-14 22:28:49', NULL, NULL, NULL, 1),
	(2015, 176, 684, NULL, 'REGULAR', '2017-09-14 22:28:49', NULL, NULL, NULL, 1),
	(2016, 154, 684, NULL, 'REGULAR', '2017-09-14 22:28:49', NULL, NULL, NULL, 1),
	(2017, 177, 684, NULL, 'REGULAR', '2017-09-14 22:28:49', NULL, NULL, NULL, 1),
	(2018, 156, 684, NULL, 'REGULAR', '2017-09-14 22:28:49', NULL, NULL, NULL, 1),
	(2019, 157, 684, NULL, 'REGULAR', '2017-09-14 22:28:49', NULL, NULL, NULL, 1),
	(2020, 179, 684, NULL, 'REGULAR', '2017-09-14 22:28:49', NULL, NULL, NULL, 1),
	(2021, 175, 684, NULL, 'REGULAR', '2017-09-14 22:28:49', NULL, NULL, NULL, 1),
	(2022, 186, 685, NULL, 'REGULAR', '2017-09-14 22:28:49', NULL, NULL, NULL, 1),
	(2023, 169, 685, NULL, 'REGULAR', '2017-09-14 22:28:49', NULL, NULL, NULL, 1),
	(2024, 188, 685, NULL, 'REGULAR', '2017-09-14 22:28:49', NULL, NULL, NULL, 1),
	(2025, 186, 686, NULL, 'REGULAR', '2017-09-14 22:28:49', NULL, NULL, NULL, 1),
	(2026, 169, 686, NULL, 'REGULAR', '2017-09-14 22:28:49', NULL, NULL, NULL, 1),
	(2027, 188, 686, NULL, 'REGULAR', '2017-09-14 22:28:49', NULL, NULL, NULL, 1),
	(2028, 110, 687, NULL, 'REGULAR', '2017-09-14 22:28:49', NULL, NULL, NULL, 1),
	(2029, 111, 687, NULL, 'REGULAR', '2017-09-14 22:28:49', NULL, NULL, NULL, 1),
	(2030, 112, 687, NULL, 'REGULAR', '2017-09-14 22:28:49', NULL, NULL, NULL, 1),
	(2031, 113, 687, NULL, 'REGULAR', '2017-09-14 22:28:49', NULL, NULL, NULL, 1),
	(2032, 114, 687, NULL, 'REGULAR', '2017-09-14 22:28:49', NULL, NULL, NULL, 1),
	(2033, 115, 687, NULL, 'REGULAR', '2017-09-14 22:28:49', NULL, NULL, NULL, 1),
	(2034, 116, 687, NULL, 'REGULAR', '2017-09-14 22:28:49', NULL, NULL, NULL, 1),
	(2035, 117, 687, NULL, 'REGULAR', '2017-09-14 22:28:49', NULL, NULL, NULL, 1),
	(2036, 118, 687, NULL, 'REGULAR', '2017-09-14 22:28:49', NULL, NULL, NULL, 1),
	(2037, 119, 687, NULL, 'REGULAR', '2017-09-14 22:28:49', NULL, NULL, NULL, 1),
	(2038, 110, 688, NULL, 'REGULAR', '2017-09-14 22:28:49', NULL, NULL, NULL, 1),
	(2039, 111, 688, NULL, 'REGULAR', '2017-09-14 22:28:49', NULL, NULL, NULL, 1),
	(2040, 112, 688, NULL, 'REGULAR', '2017-09-14 22:28:49', NULL, NULL, NULL, 1),
	(2041, 113, 688, NULL, 'REGULAR', '2017-09-14 22:28:49', NULL, NULL, NULL, 1),
	(2042, 114, 688, NULL, 'REGULAR', '2017-09-14 22:28:49', NULL, NULL, NULL, 1),
	(2043, 115, 688, NULL, 'REGULAR', '2017-09-14 22:28:49', NULL, NULL, NULL, 1),
	(2044, 116, 688, NULL, 'REGULAR', '2017-09-14 22:28:49', NULL, NULL, NULL, 1),
	(2045, 117, 688, NULL, 'REGULAR', '2017-09-14 22:28:49', NULL, NULL, NULL, 1),
	(2046, 118, 688, NULL, 'REGULAR', '2017-09-14 22:28:49', NULL, NULL, NULL, 1),
	(2047, 119, 688, NULL, 'REGULAR', '2017-09-14 22:28:49', NULL, NULL, NULL, 1),
	(2048, 130, 689, NULL, 'REGULAR', '2017-09-14 22:28:49', NULL, NULL, NULL, 1),
	(2049, 131, 689, NULL, 'REGULAR', '2017-09-14 22:28:49', NULL, NULL, NULL, 1),
	(2050, 172, 689, NULL, 'REGULAR', '2017-09-14 22:28:49', NULL, NULL, NULL, 1),
	(2051, 126, 689, NULL, 'REGULAR', '2017-09-14 22:28:49', NULL, NULL, NULL, 1),
	(2052, 133, 689, NULL, 'REGULAR', '2017-09-14 22:28:49', NULL, NULL, NULL, 1),
	(2053, 134, 689, NULL, 'REGULAR', '2017-09-14 22:28:49', NULL, NULL, NULL, 1),
	(2054, 135, 689, NULL, 'REGULAR', '2017-09-14 22:28:49', NULL, NULL, NULL, 1),
	(2055, 137, 689, NULL, 'REGULAR', '2017-09-14 22:28:49', NULL, NULL, NULL, 1),
	(2056, 130, 690, NULL, 'REGULAR', '2017-09-14 22:28:49', NULL, NULL, NULL, 1),
	(2057, 131, 690, NULL, 'REGULAR', '2017-09-14 22:28:49', NULL, NULL, NULL, 1),
	(2058, 172, 690, NULL, 'REGULAR', '2017-09-14 22:28:49', NULL, NULL, NULL, 1),
	(2059, 126, 690, NULL, 'REGULAR', '2017-09-14 22:28:49', NULL, NULL, NULL, 1),
	(2060, 133, 690, NULL, 'REGULAR', '2017-09-14 22:28:49', NULL, NULL, NULL, 1),
	(2061, 134, 690, NULL, 'REGULAR', '2017-09-14 22:28:49', NULL, NULL, NULL, 1),
	(2062, 135, 690, NULL, 'REGULAR', '2017-09-14 22:28:49', NULL, NULL, NULL, 1),
	(2063, 137, 690, NULL, 'REGULAR', '2017-09-14 22:28:49', NULL, NULL, NULL, 1),
	(2064, 174, 691, NULL, 'REGULAR', '2017-09-14 22:28:49', NULL, NULL, NULL, 1),
	(2065, 152, 691, NULL, 'REGULAR', '2017-09-14 22:28:49', NULL, NULL, NULL, 1),
	(2066, 176, 691, NULL, 'REGULAR', '2017-09-14 22:28:49', NULL, NULL, NULL, 1),
	(2067, 154, 691, NULL, 'REGULAR', '2017-09-14 22:28:49', NULL, NULL, NULL, 1),
	(2068, 177, 691, NULL, 'REGULAR', '2017-09-14 22:28:49', NULL, NULL, NULL, 1),
	(2069, 156, 691, NULL, 'REGULAR', '2017-09-14 22:28:49', NULL, NULL, NULL, 1),
	(2070, 157, 691, NULL, 'REGULAR', '2017-09-14 22:28:49', NULL, NULL, NULL, 1),
	(2071, 179, 691, NULL, 'REGULAR', '2017-09-14 22:28:49', NULL, NULL, NULL, 1),
	(2072, 175, 691, NULL, 'REGULAR', '2017-09-14 22:28:49', NULL, NULL, NULL, 1),
	(2073, 174, 692, NULL, 'REGULAR', '2017-09-14 22:28:49', NULL, NULL, NULL, 1),
	(2074, 152, 692, NULL, 'REGULAR', '2017-09-14 22:28:49', NULL, NULL, NULL, 1),
	(2075, 176, 692, NULL, 'REGULAR', '2017-09-14 22:28:49', NULL, NULL, NULL, 1),
	(2076, 154, 692, NULL, 'REGULAR', '2017-09-14 22:28:49', NULL, NULL, NULL, 1),
	(2077, 177, 692, NULL, 'REGULAR', '2017-09-14 22:28:49', NULL, NULL, NULL, 1),
	(2078, 156, 692, NULL, 'REGULAR', '2017-09-14 22:28:49', NULL, NULL, NULL, 1),
	(2079, 157, 692, NULL, 'REGULAR', '2017-09-14 22:28:49', NULL, NULL, NULL, 1),
	(2080, 179, 692, NULL, 'REGULAR', '2017-09-14 22:28:49', NULL, NULL, NULL, 1),
	(2081, 175, 692, NULL, 'REGULAR', '2017-09-14 22:28:49', NULL, NULL, NULL, 1),
	(2082, 186, 693, NULL, 'REGULAR', '2017-09-14 22:28:49', NULL, NULL, NULL, 1),
	(2083, 169, 693, NULL, 'REGULAR', '2017-09-14 22:28:49', NULL, NULL, NULL, 1),
	(2084, 188, 693, NULL, 'REGULAR', '2017-09-14 22:28:49', NULL, NULL, NULL, 1),
	(2085, 186, 694, NULL, 'REGULAR', '2017-09-14 22:28:49', NULL, NULL, NULL, 1),
	(2086, 169, 694, NULL, 'REGULAR', '2017-09-14 22:28:49', NULL, NULL, NULL, 1),
	(2087, 188, 694, NULL, 'REGULAR', '2017-09-14 22:28:49', NULL, NULL, NULL, 1),
	(2088, 110, 695, NULL, 'REGULAR', '2017-09-14 22:28:49', NULL, NULL, NULL, 1),
	(2089, 111, 695, NULL, 'REGULAR', '2017-09-14 22:28:49', NULL, NULL, NULL, 1),
	(2090, 112, 695, NULL, 'REGULAR', '2017-09-14 22:28:49', NULL, NULL, NULL, 1),
	(2091, 113, 695, NULL, 'REGULAR', '2017-09-14 22:28:49', NULL, NULL, NULL, 1),
	(2092, 114, 695, NULL, 'REGULAR', '2017-09-14 22:28:49', NULL, NULL, NULL, 1),
	(2093, 115, 695, NULL, 'REGULAR', '2017-09-14 22:28:49', NULL, NULL, NULL, 1),
	(2094, 116, 695, NULL, 'REGULAR', '2017-09-14 22:28:49', NULL, NULL, NULL, 1),
	(2095, 117, 695, NULL, 'REGULAR', '2017-09-14 22:28:49', NULL, NULL, NULL, 1),
	(2096, 118, 695, NULL, 'REGULAR', '2017-09-14 22:28:49', NULL, NULL, NULL, 1),
	(2097, 119, 695, NULL, 'REGULAR', '2017-09-14 22:28:49', NULL, NULL, NULL, 1),
	(2098, 110, 696, NULL, 'REGULAR', '2017-09-14 22:28:49', NULL, NULL, NULL, 1),
	(2099, 111, 696, NULL, 'REGULAR', '2017-09-14 22:28:49', NULL, NULL, NULL, 1),
	(2100, 112, 696, NULL, 'REGULAR', '2017-09-14 22:28:49', NULL, NULL, NULL, 1),
	(2101, 113, 696, NULL, 'REGULAR', '2017-09-14 22:28:49', NULL, NULL, NULL, 1),
	(2102, 114, 696, NULL, 'REGULAR', '2017-09-14 22:28:49', NULL, NULL, NULL, 1),
	(2103, 115, 696, NULL, 'REGULAR', '2017-09-14 22:28:49', NULL, NULL, NULL, 1),
	(2104, 116, 696, NULL, 'REGULAR', '2017-09-14 22:28:49', NULL, NULL, NULL, 1),
	(2105, 117, 696, NULL, 'REGULAR', '2017-09-14 22:28:49', NULL, NULL, NULL, 1),
	(2106, 118, 696, NULL, 'REGULAR', '2017-09-14 22:28:49', NULL, NULL, NULL, 1),
	(2107, 119, 696, NULL, 'REGULAR', '2017-09-14 22:28:49', NULL, NULL, NULL, 1),
	(2108, 130, 697, NULL, 'REGULAR', '2017-09-14 22:28:49', NULL, NULL, NULL, 1),
	(2109, 131, 697, NULL, 'REGULAR', '2017-09-14 22:28:49', NULL, NULL, NULL, 1),
	(2110, 172, 697, NULL, 'REGULAR', '2017-09-14 22:28:49', NULL, NULL, NULL, 1),
	(2111, 126, 697, NULL, 'REGULAR', '2017-09-14 22:28:49', NULL, NULL, NULL, 1),
	(2112, 133, 697, NULL, 'REGULAR', '2017-09-14 22:28:49', NULL, NULL, NULL, 1),
	(2113, 134, 697, NULL, 'REGULAR', '2017-09-14 22:28:49', NULL, NULL, NULL, 1),
	(2114, 135, 697, NULL, 'REGULAR', '2017-09-14 22:28:49', NULL, NULL, NULL, 1),
	(2115, 137, 697, NULL, 'REGULAR', '2017-09-14 22:28:49', NULL, NULL, NULL, 1),
	(2116, 130, 698, NULL, 'REGULAR', '2017-09-14 22:28:49', NULL, NULL, NULL, 1),
	(2117, 131, 698, NULL, 'REGULAR', '2017-09-14 22:28:49', NULL, NULL, NULL, 1),
	(2118, 172, 698, NULL, 'REGULAR', '2017-09-14 22:28:49', NULL, NULL, NULL, 1),
	(2119, 126, 698, NULL, 'REGULAR', '2017-09-14 22:28:49', NULL, NULL, NULL, 1),
	(2120, 133, 698, NULL, 'REGULAR', '2017-09-14 22:28:49', NULL, NULL, NULL, 1),
	(2121, 134, 698, NULL, 'REGULAR', '2017-09-14 22:28:49', NULL, NULL, NULL, 1),
	(2122, 135, 698, NULL, 'REGULAR', '2017-09-14 22:28:49', NULL, NULL, NULL, 1),
	(2123, 137, 698, NULL, 'REGULAR', '2017-09-14 22:28:49', NULL, NULL, NULL, 1),
	(2124, 174, 699, NULL, 'REGULAR', '2017-09-14 22:28:49', NULL, NULL, NULL, 1),
	(2125, 152, 699, NULL, 'REGULAR', '2017-09-14 22:28:49', NULL, NULL, NULL, 1),
	(2126, 176, 699, NULL, 'REGULAR', '2017-09-14 22:28:49', NULL, NULL, NULL, 1),
	(2127, 154, 699, NULL, 'REGULAR', '2017-09-14 22:28:49', NULL, NULL, NULL, 1),
	(2128, 177, 699, NULL, 'REGULAR', '2017-09-14 22:28:49', NULL, NULL, NULL, 1),
	(2129, 156, 699, NULL, 'REGULAR', '2017-09-14 22:28:49', NULL, NULL, NULL, 1),
	(2130, 157, 699, NULL, 'REGULAR', '2017-09-14 22:28:49', NULL, NULL, NULL, 1),
	(2131, 179, 699, NULL, 'REGULAR', '2017-09-14 22:28:49', NULL, NULL, NULL, 1),
	(2132, 175, 699, NULL, 'REGULAR', '2017-09-14 22:28:49', NULL, NULL, NULL, 1),
	(2133, 174, 700, NULL, 'REGULAR', '2017-09-14 22:28:49', NULL, NULL, NULL, 1),
	(2134, 152, 700, NULL, 'REGULAR', '2017-09-14 22:28:49', NULL, NULL, NULL, 1),
	(2135, 176, 700, NULL, 'REGULAR', '2017-09-14 22:28:49', NULL, NULL, NULL, 1),
	(2136, 154, 700, NULL, 'REGULAR', '2017-09-14 22:28:49', NULL, NULL, NULL, 1),
	(2137, 177, 700, NULL, 'REGULAR', '2017-09-14 22:28:49', NULL, NULL, NULL, 1),
	(2138, 156, 700, NULL, 'REGULAR', '2017-09-14 22:28:49', NULL, NULL, NULL, 1),
	(2139, 157, 700, NULL, 'REGULAR', '2017-09-14 22:28:49', NULL, NULL, NULL, 1),
	(2140, 179, 700, NULL, 'REGULAR', '2017-09-14 22:28:49', NULL, NULL, NULL, 1),
	(2141, 175, 700, NULL, 'REGULAR', '2017-09-14 22:28:49', NULL, NULL, NULL, 1),
	(2142, 186, 701, NULL, 'REGULAR', '2017-09-14 22:28:49', NULL, NULL, NULL, 1),
	(2143, 169, 701, NULL, 'REGULAR', '2017-09-14 22:28:49', NULL, NULL, NULL, 1),
	(2144, 188, 701, NULL, 'REGULAR', '2017-09-14 22:28:49', NULL, NULL, NULL, 1),
	(2145, 186, 702, NULL, 'REGULAR', '2017-09-14 22:28:49', NULL, NULL, NULL, 1),
	(2146, 169, 702, NULL, 'REGULAR', '2017-09-14 22:28:49', NULL, NULL, NULL, 1),
	(2147, 188, 702, NULL, 'REGULAR', '2017-09-14 22:28:49', NULL, NULL, NULL, 1),
	(2148, 110, 703, NULL, 'REGULAR', '2017-09-14 22:28:49', NULL, NULL, NULL, 1),
	(2149, 111, 703, NULL, 'REGULAR', '2017-09-14 22:28:49', NULL, NULL, NULL, 1),
	(2150, 112, 703, NULL, 'REGULAR', '2017-09-14 22:28:49', NULL, NULL, NULL, 1),
	(2151, 113, 703, NULL, 'REGULAR', '2017-09-14 22:28:49', NULL, NULL, NULL, 1),
	(2152, 114, 703, NULL, 'REGULAR', '2017-09-14 22:28:49', NULL, NULL, NULL, 1),
	(2153, 115, 703, NULL, 'REGULAR', '2017-09-14 22:28:49', NULL, NULL, NULL, 1),
	(2154, 116, 703, NULL, 'REGULAR', '2017-09-14 22:28:49', NULL, NULL, NULL, 1),
	(2155, 117, 703, NULL, 'REGULAR', '2017-09-14 22:28:49', NULL, NULL, NULL, 1),
	(2156, 118, 703, NULL, 'REGULAR', '2017-09-14 22:28:49', NULL, NULL, NULL, 1),
	(2157, 119, 703, NULL, 'REGULAR', '2017-09-14 22:28:49', NULL, NULL, NULL, 1),
	(2158, 110, 704, NULL, 'REGULAR', '2017-09-14 22:28:49', NULL, NULL, NULL, 1),
	(2159, 111, 704, NULL, 'REGULAR', '2017-09-14 22:28:49', NULL, NULL, NULL, 1),
	(2160, 112, 704, NULL, 'REGULAR', '2017-09-14 22:28:49', NULL, NULL, NULL, 1),
	(2161, 113, 704, NULL, 'REGULAR', '2017-09-14 22:28:49', NULL, NULL, NULL, 1),
	(2162, 114, 704, NULL, 'REGULAR', '2017-09-14 22:28:49', NULL, NULL, NULL, 1),
	(2163, 115, 704, NULL, 'REGULAR', '2017-09-14 22:28:49', NULL, NULL, NULL, 1),
	(2164, 116, 704, NULL, 'REGULAR', '2017-09-14 22:28:49', NULL, NULL, NULL, 1),
	(2165, 117, 704, NULL, 'REGULAR', '2017-09-14 22:28:49', NULL, NULL, NULL, 1),
	(2166, 118, 704, NULL, 'REGULAR', '2017-09-14 22:28:49', NULL, NULL, NULL, 1),
	(2167, 119, 704, NULL, 'REGULAR', '2017-09-14 22:28:49', NULL, NULL, NULL, 1),
	(2168, 130, 705, NULL, 'REGULAR', '2017-09-14 22:28:49', NULL, NULL, NULL, 1),
	(2169, 131, 705, NULL, 'REGULAR', '2017-09-14 22:28:49', NULL, NULL, NULL, 1),
	(2170, 172, 705, NULL, 'REGULAR', '2017-09-14 22:28:49', NULL, NULL, NULL, 1),
	(2171, 126, 705, NULL, 'REGULAR', '2017-09-14 22:28:49', NULL, NULL, NULL, 1),
	(2172, 133, 705, NULL, 'REGULAR', '2017-09-14 22:28:49', NULL, NULL, NULL, 1),
	(2173, 134, 705, NULL, 'REGULAR', '2017-09-14 22:28:49', NULL, NULL, NULL, 1),
	(2174, 135, 705, NULL, 'REGULAR', '2017-09-14 22:28:49', NULL, NULL, NULL, 1),
	(2175, 137, 705, NULL, 'REGULAR', '2017-09-14 22:28:49', NULL, NULL, NULL, 1),
	(2176, 130, 706, NULL, 'REGULAR', '2017-09-14 22:28:49', NULL, NULL, NULL, 1),
	(2177, 131, 706, NULL, 'REGULAR', '2017-09-14 22:28:49', NULL, NULL, NULL, 1),
	(2178, 172, 706, NULL, 'REGULAR', '2017-09-14 22:28:49', NULL, NULL, NULL, 1),
	(2179, 126, 706, NULL, 'REGULAR', '2017-09-14 22:28:49', NULL, NULL, NULL, 1),
	(2180, 133, 706, NULL, 'REGULAR', '2017-09-14 22:28:49', NULL, NULL, NULL, 1),
	(2181, 134, 706, NULL, 'REGULAR', '2017-09-14 22:28:49', NULL, NULL, NULL, 1),
	(2182, 135, 706, NULL, 'REGULAR', '2017-09-14 22:28:49', NULL, NULL, NULL, 1),
	(2183, 137, 706, NULL, 'REGULAR', '2017-09-14 22:28:49', NULL, NULL, NULL, 1),
	(2184, 174, 707, NULL, 'REGULAR', '2017-09-14 22:28:49', NULL, NULL, NULL, 1),
	(2185, 152, 707, NULL, 'REGULAR', '2017-09-14 22:28:49', NULL, NULL, NULL, 1),
	(2186, 176, 707, NULL, 'REGULAR', '2017-09-14 22:28:49', NULL, NULL, NULL, 1),
	(2187, 154, 707, NULL, 'REGULAR', '2017-09-14 22:28:49', NULL, NULL, NULL, 1),
	(2188, 177, 707, NULL, 'REGULAR', '2017-09-14 22:28:49', NULL, NULL, NULL, 1),
	(2189, 156, 707, NULL, 'REGULAR', '2017-09-14 22:28:49', NULL, NULL, NULL, 1),
	(2190, 157, 707, NULL, 'REGULAR', '2017-09-14 22:28:49', NULL, NULL, NULL, 1),
	(2191, 179, 707, NULL, 'REGULAR', '2017-09-14 22:28:49', NULL, NULL, NULL, 1),
	(2192, 175, 707, NULL, 'REGULAR', '2017-09-14 22:28:49', NULL, NULL, NULL, 1),
	(2193, 174, 708, NULL, 'REGULAR', '2017-09-14 22:28:49', NULL, NULL, NULL, 1),
	(2194, 152, 708, NULL, 'REGULAR', '2017-09-14 22:28:49', NULL, NULL, NULL, 1),
	(2195, 176, 708, NULL, 'REGULAR', '2017-09-14 22:28:49', NULL, NULL, NULL, 1),
	(2196, 154, 708, NULL, 'REGULAR', '2017-09-14 22:28:49', NULL, NULL, NULL, 1),
	(2197, 177, 708, NULL, 'REGULAR', '2017-09-14 22:28:49', NULL, NULL, NULL, 1),
	(2198, 156, 708, NULL, 'REGULAR', '2017-09-14 22:28:49', NULL, NULL, NULL, 1),
	(2199, 157, 708, NULL, 'REGULAR', '2017-09-14 22:28:49', NULL, NULL, NULL, 1),
	(2200, 179, 708, NULL, 'REGULAR', '2017-09-14 22:28:49', NULL, NULL, NULL, 1),
	(2201, 175, 708, NULL, 'REGULAR', '2017-09-14 22:28:49', NULL, NULL, NULL, 1),
	(2202, 186, 709, NULL, 'REGULAR', '2017-09-14 22:28:49', NULL, NULL, NULL, 1),
	(2203, 169, 709, NULL, 'REGULAR', '2017-09-14 22:28:49', NULL, NULL, NULL, 1),
	(2204, 188, 709, NULL, 'REGULAR', '2017-09-14 22:28:49', NULL, NULL, NULL, 1),
	(2205, 186, 710, NULL, 'REGULAR', '2017-09-14 22:28:49', NULL, NULL, NULL, 1),
	(2206, 169, 710, NULL, 'REGULAR', '2017-09-14 22:28:49', NULL, NULL, NULL, 1),
	(2207, 188, 710, NULL, 'REGULAR', '2017-09-14 22:28:49', NULL, NULL, NULL, 1),
	(2208, 110, 711, NULL, 'REGULAR', '2017-09-14 22:28:49', NULL, NULL, NULL, 1),
	(2209, 111, 711, NULL, 'REGULAR', '2017-09-14 22:28:49', NULL, NULL, NULL, 1),
	(2210, 112, 711, NULL, 'REGULAR', '2017-09-14 22:28:49', NULL, NULL, NULL, 1),
	(2211, 113, 711, NULL, 'REGULAR', '2017-09-14 22:28:49', NULL, NULL, NULL, 1),
	(2212, 114, 711, NULL, 'REGULAR', '2017-09-14 22:28:49', NULL, NULL, NULL, 1),
	(2213, 115, 711, NULL, 'REGULAR', '2017-09-14 22:28:49', NULL, NULL, NULL, 1),
	(2214, 116, 711, NULL, 'REGULAR', '2017-09-14 22:28:49', NULL, NULL, NULL, 1),
	(2215, 117, 711, NULL, 'REGULAR', '2017-09-14 22:28:49', NULL, NULL, NULL, 1),
	(2216, 118, 711, NULL, 'REGULAR', '2017-09-14 22:28:49', NULL, NULL, NULL, 1),
	(2217, 119, 711, NULL, 'REGULAR', '2017-09-14 22:28:49', NULL, NULL, NULL, 1),
	(2218, 110, 712, NULL, 'REGULAR', '2017-09-14 22:28:49', NULL, NULL, NULL, 1),
	(2219, 111, 712, NULL, 'REGULAR', '2017-09-14 22:28:49', NULL, NULL, NULL, 1),
	(2220, 112, 712, NULL, 'REGULAR', '2017-09-14 22:28:49', NULL, NULL, NULL, 1),
	(2221, 113, 712, NULL, 'REGULAR', '2017-09-14 22:28:49', NULL, NULL, NULL, 1),
	(2222, 114, 712, NULL, 'REGULAR', '2017-09-14 22:28:49', NULL, NULL, NULL, 1),
	(2223, 115, 712, NULL, 'REGULAR', '2017-09-14 22:28:49', NULL, NULL, NULL, 1),
	(2224, 116, 712, NULL, 'REGULAR', '2017-09-14 22:28:49', NULL, NULL, NULL, 1),
	(2225, 117, 712, NULL, 'REGULAR', '2017-09-14 22:28:49', NULL, NULL, NULL, 1),
	(2226, 118, 712, NULL, 'REGULAR', '2017-09-14 22:28:49', NULL, NULL, NULL, 1),
	(2227, 119, 712, NULL, 'REGULAR', '2017-09-14 22:28:49', NULL, NULL, NULL, 1),
	(2228, 130, 713, NULL, 'REGULAR', '2017-09-14 22:28:49', NULL, NULL, NULL, 1),
	(2229, 131, 713, NULL, 'REGULAR', '2017-09-14 22:28:49', NULL, NULL, NULL, 1),
	(2230, 172, 713, NULL, 'REGULAR', '2017-09-14 22:28:49', NULL, NULL, NULL, 1),
	(2231, 126, 713, NULL, 'REGULAR', '2017-09-14 22:28:49', NULL, NULL, NULL, 1),
	(2232, 133, 713, NULL, 'REGULAR', '2017-09-14 22:28:49', NULL, NULL, NULL, 1),
	(2233, 134, 713, NULL, 'REGULAR', '2017-09-14 22:28:49', NULL, NULL, NULL, 1),
	(2234, 135, 713, NULL, 'REGULAR', '2017-09-14 22:28:49', NULL, NULL, NULL, 1),
	(2235, 137, 713, NULL, 'REGULAR', '2017-09-14 22:28:49', NULL, NULL, NULL, 1),
	(2236, 130, 714, NULL, 'REGULAR', '2017-09-14 22:28:49', NULL, NULL, NULL, 1),
	(2237, 131, 714, NULL, 'REGULAR', '2017-09-14 22:28:49', NULL, NULL, NULL, 1),
	(2238, 172, 714, NULL, 'REGULAR', '2017-09-14 22:28:49', NULL, NULL, NULL, 1),
	(2239, 126, 714, NULL, 'REGULAR', '2017-09-14 22:28:49', NULL, NULL, NULL, 1),
	(2240, 133, 714, NULL, 'REGULAR', '2017-09-14 22:28:49', NULL, NULL, NULL, 1),
	(2241, 134, 714, NULL, 'REGULAR', '2017-09-14 22:28:49', NULL, NULL, NULL, 1),
	(2242, 135, 714, NULL, 'REGULAR', '2017-09-14 22:28:49', NULL, NULL, NULL, 1),
	(2243, 137, 714, NULL, 'REGULAR', '2017-09-14 22:28:49', NULL, NULL, NULL, 1),
	(2244, 174, 715, NULL, 'REGULAR', '2017-09-14 22:28:50', NULL, NULL, NULL, 1),
	(2245, 152, 715, NULL, 'REGULAR', '2017-09-14 22:28:50', NULL, NULL, NULL, 1),
	(2246, 176, 715, NULL, 'REGULAR', '2017-09-14 22:28:50', NULL, NULL, NULL, 1),
	(2247, 154, 715, NULL, 'REGULAR', '2017-09-14 22:28:50', NULL, NULL, NULL, 1),
	(2248, 177, 715, NULL, 'REGULAR', '2017-09-14 22:28:50', NULL, NULL, NULL, 1),
	(2249, 156, 715, NULL, 'REGULAR', '2017-09-14 22:28:50', NULL, NULL, NULL, 1),
	(2250, 157, 715, NULL, 'REGULAR', '2017-09-14 22:28:50', NULL, NULL, NULL, 1),
	(2251, 179, 715, NULL, 'REGULAR', '2017-09-14 22:28:50', NULL, NULL, NULL, 1),
	(2252, 175, 715, NULL, 'REGULAR', '2017-09-14 22:28:50', NULL, NULL, NULL, 1),
	(2253, 174, 716, NULL, 'REGULAR', '2017-09-14 22:28:50', NULL, NULL, NULL, 1),
	(2254, 152, 716, NULL, 'REGULAR', '2017-09-14 22:28:50', NULL, NULL, NULL, 1),
	(2255, 176, 716, NULL, 'REGULAR', '2017-09-14 22:28:50', NULL, NULL, NULL, 1),
	(2256, 154, 716, NULL, 'REGULAR', '2017-09-14 22:28:50', NULL, NULL, NULL, 1),
	(2257, 177, 716, NULL, 'REGULAR', '2017-09-14 22:28:50', NULL, NULL, NULL, 1),
	(2258, 156, 716, NULL, 'REGULAR', '2017-09-14 22:28:50', NULL, NULL, NULL, 1),
	(2259, 157, 716, NULL, 'REGULAR', '2017-09-14 22:28:50', NULL, NULL, NULL, 1),
	(2260, 179, 716, NULL, 'REGULAR', '2017-09-14 22:28:50', NULL, NULL, NULL, 1),
	(2261, 175, 716, NULL, 'REGULAR', '2017-09-14 22:28:50', NULL, NULL, NULL, 1),
	(2262, 186, 717, NULL, 'REGULAR', '2017-09-14 22:28:50', NULL, NULL, NULL, 1),
	(2263, 169, 717, NULL, 'REGULAR', '2017-09-14 22:28:50', NULL, NULL, NULL, 1),
	(2264, 188, 717, NULL, 'REGULAR', '2017-09-14 22:28:50', NULL, NULL, NULL, 1),
	(2265, 186, 718, NULL, 'REGULAR', '2017-09-14 22:28:50', NULL, NULL, NULL, 1),
	(2266, 169, 718, NULL, 'REGULAR', '2017-09-14 22:28:50', NULL, NULL, NULL, 1),
	(2267, 188, 718, NULL, 'REGULAR', '2017-09-14 22:28:50', NULL, NULL, NULL, 1),
	(2268, 110, 719, NULL, 'REGULAR', '2017-09-14 22:28:50', NULL, NULL, NULL, 1),
	(2269, 111, 719, NULL, 'REGULAR', '2017-09-14 22:28:50', NULL, NULL, NULL, 1),
	(2270, 112, 719, NULL, 'REGULAR', '2017-09-14 22:28:50', NULL, NULL, NULL, 1),
	(2271, 113, 719, NULL, 'REGULAR', '2017-09-14 22:28:50', NULL, NULL, NULL, 1),
	(2272, 114, 719, NULL, 'REGULAR', '2017-09-14 22:28:50', NULL, NULL, NULL, 1),
	(2273, 115, 719, NULL, 'REGULAR', '2017-09-14 22:28:50', NULL, NULL, NULL, 1),
	(2274, 116, 719, NULL, 'REGULAR', '2017-09-14 22:28:50', NULL, NULL, NULL, 1),
	(2275, 117, 719, NULL, 'REGULAR', '2017-09-14 22:28:50', NULL, NULL, NULL, 1),
	(2276, 118, 719, NULL, 'REGULAR', '2017-09-14 22:28:50', NULL, NULL, NULL, 1),
	(2277, 119, 719, NULL, 'REGULAR', '2017-09-14 22:28:50', NULL, NULL, NULL, 1),
	(2278, 110, 720, NULL, 'REGULAR', '2017-09-14 22:28:50', NULL, NULL, NULL, 1),
	(2279, 111, 720, NULL, 'REGULAR', '2017-09-14 22:28:50', NULL, NULL, NULL, 1),
	(2280, 112, 720, NULL, 'REGULAR', '2017-09-14 22:28:50', NULL, NULL, NULL, 1),
	(2281, 113, 720, NULL, 'REGULAR', '2017-09-14 22:28:50', NULL, NULL, NULL, 1),
	(2282, 114, 720, NULL, 'REGULAR', '2017-09-14 22:28:50', NULL, NULL, NULL, 1),
	(2283, 115, 720, NULL, 'REGULAR', '2017-09-14 22:28:50', NULL, NULL, NULL, 1),
	(2284, 116, 720, NULL, 'REGULAR', '2017-09-14 22:28:50', NULL, NULL, NULL, 1),
	(2285, 117, 720, NULL, 'REGULAR', '2017-09-14 22:28:50', NULL, NULL, NULL, 1),
	(2286, 118, 720, NULL, 'REGULAR', '2017-09-14 22:28:50', NULL, NULL, NULL, 1),
	(2287, 119, 720, NULL, 'REGULAR', '2017-09-14 22:28:50', NULL, NULL, NULL, 1),
	(2288, 130, 721, NULL, 'REGULAR', '2017-09-14 22:28:50', NULL, NULL, NULL, 1),
	(2289, 131, 721, NULL, 'REGULAR', '2017-09-14 22:28:50', NULL, NULL, NULL, 1),
	(2290, 172, 721, NULL, 'REGULAR', '2017-09-14 22:28:50', NULL, NULL, NULL, 1),
	(2291, 126, 721, NULL, 'REGULAR', '2017-09-14 22:28:50', NULL, NULL, NULL, 1),
	(2292, 133, 721, NULL, 'REGULAR', '2017-09-14 22:28:50', NULL, NULL, NULL, 1),
	(2293, 134, 721, NULL, 'REGULAR', '2017-09-14 22:28:50', NULL, NULL, NULL, 1),
	(2294, 135, 721, NULL, 'REGULAR', '2017-09-14 22:28:50', NULL, NULL, NULL, 1),
	(2295, 137, 721, NULL, 'REGULAR', '2017-09-14 22:28:50', NULL, NULL, NULL, 1),
	(2296, 130, 722, NULL, 'REGULAR', '2017-09-14 22:28:50', NULL, NULL, NULL, 1),
	(2297, 131, 722, NULL, 'REGULAR', '2017-09-14 22:28:50', NULL, NULL, NULL, 1),
	(2298, 172, 722, NULL, 'REGULAR', '2017-09-14 22:28:50', NULL, NULL, NULL, 1),
	(2299, 126, 722, NULL, 'REGULAR', '2017-09-14 22:28:50', NULL, NULL, NULL, 1),
	(2300, 133, 722, NULL, 'REGULAR', '2017-09-14 22:28:50', NULL, NULL, NULL, 1),
	(2301, 134, 722, NULL, 'REGULAR', '2017-09-14 22:28:50', NULL, NULL, NULL, 1),
	(2302, 135, 722, NULL, 'REGULAR', '2017-09-14 22:28:50', NULL, NULL, NULL, 1),
	(2303, 137, 722, NULL, 'REGULAR', '2017-09-14 22:28:50', NULL, NULL, NULL, 1),
	(2304, 174, 723, NULL, 'REGULAR', '2017-09-14 22:28:50', NULL, NULL, NULL, 1),
	(2305, 152, 723, NULL, 'REGULAR', '2017-09-14 22:28:50', NULL, NULL, NULL, 1),
	(2306, 176, 723, NULL, 'REGULAR', '2017-09-14 22:28:50', NULL, NULL, NULL, 1),
	(2307, 154, 723, NULL, 'REGULAR', '2017-09-14 22:28:50', NULL, NULL, NULL, 1),
	(2308, 177, 723, NULL, 'REGULAR', '2017-09-14 22:28:50', NULL, NULL, NULL, 1),
	(2309, 156, 723, NULL, 'REGULAR', '2017-09-14 22:28:50', NULL, NULL, NULL, 1),
	(2310, 157, 723, NULL, 'REGULAR', '2017-09-14 22:28:50', NULL, NULL, NULL, 1),
	(2311, 179, 723, NULL, 'REGULAR', '2017-09-14 22:28:50', NULL, NULL, NULL, 1),
	(2312, 175, 723, NULL, 'REGULAR', '2017-09-14 22:28:50', NULL, NULL, NULL, 1),
	(2313, 174, 724, NULL, 'REGULAR', '2017-09-14 22:28:50', NULL, NULL, NULL, 1),
	(2314, 152, 724, NULL, 'REGULAR', '2017-09-14 22:28:50', NULL, NULL, NULL, 1),
	(2315, 176, 724, NULL, 'REGULAR', '2017-09-14 22:28:50', NULL, NULL, NULL, 1),
	(2316, 154, 724, NULL, 'REGULAR', '2017-09-14 22:28:50', NULL, NULL, NULL, 1),
	(2317, 177, 724, NULL, 'REGULAR', '2017-09-14 22:28:50', NULL, NULL, NULL, 1),
	(2318, 156, 724, NULL, 'REGULAR', '2017-09-14 22:28:50', NULL, NULL, NULL, 1),
	(2319, 157, 724, NULL, 'REGULAR', '2017-09-14 22:28:50', NULL, NULL, NULL, 1),
	(2320, 179, 724, NULL, 'REGULAR', '2017-09-14 22:28:50', NULL, NULL, NULL, 1),
	(2321, 175, 724, NULL, 'REGULAR', '2017-09-14 22:28:50', NULL, NULL, NULL, 1),
	(2322, 186, 725, NULL, 'REGULAR', '2017-09-14 22:28:50', NULL, NULL, NULL, 1),
	(2323, 169, 725, NULL, 'REGULAR', '2017-09-14 22:28:50', NULL, NULL, NULL, 1),
	(2324, 188, 725, NULL, 'REGULAR', '2017-09-14 22:28:50', NULL, NULL, NULL, 1),
	(2325, 186, 726, NULL, 'REGULAR', '2017-09-14 22:28:50', NULL, NULL, NULL, 1),
	(2326, 169, 726, NULL, 'REGULAR', '2017-09-14 22:28:50', NULL, NULL, NULL, 1),
	(2327, 188, 726, NULL, 'REGULAR', '2017-09-14 22:28:50', NULL, NULL, NULL, 1),
	(2328, 110, 727, NULL, 'REGULAR', '2017-09-14 22:28:50', NULL, NULL, NULL, 1),
	(2329, 111, 727, NULL, 'REGULAR', '2017-09-14 22:28:50', NULL, NULL, NULL, 1),
	(2330, 112, 727, NULL, 'REGULAR', '2017-09-14 22:28:50', NULL, NULL, NULL, 1),
	(2331, 113, 727, NULL, 'REGULAR', '2017-09-14 22:28:50', NULL, NULL, NULL, 1),
	(2332, 114, 727, NULL, 'REGULAR', '2017-09-14 22:28:50', NULL, NULL, NULL, 1),
	(2333, 115, 727, NULL, 'REGULAR', '2017-09-14 22:28:50', NULL, NULL, NULL, 1),
	(2334, 116, 727, NULL, 'REGULAR', '2017-09-14 22:28:50', NULL, NULL, NULL, 1),
	(2335, 117, 727, NULL, 'REGULAR', '2017-09-14 22:28:50', NULL, NULL, NULL, 1),
	(2336, 118, 727, NULL, 'REGULAR', '2017-09-14 22:28:50', NULL, NULL, NULL, 1),
	(2337, 119, 727, NULL, 'REGULAR', '2017-09-14 22:28:50', NULL, NULL, NULL, 1),
	(2338, 110, 728, NULL, 'REGULAR', '2017-09-14 22:28:50', NULL, NULL, NULL, 1),
	(2339, 111, 728, NULL, 'REGULAR', '2017-09-14 22:28:50', NULL, NULL, NULL, 1),
	(2340, 112, 728, NULL, 'REGULAR', '2017-09-14 22:28:50', NULL, NULL, NULL, 1),
	(2341, 113, 728, NULL, 'REGULAR', '2017-09-14 22:28:50', NULL, NULL, NULL, 1),
	(2342, 114, 728, NULL, 'REGULAR', '2017-09-14 22:28:50', NULL, NULL, NULL, 1),
	(2343, 115, 728, NULL, 'REGULAR', '2017-09-14 22:28:50', NULL, NULL, NULL, 1),
	(2344, 116, 728, NULL, 'REGULAR', '2017-09-14 22:28:50', NULL, NULL, NULL, 1),
	(2345, 117, 728, NULL, 'REGULAR', '2017-09-14 22:28:50', NULL, NULL, NULL, 1),
	(2346, 118, 728, NULL, 'REGULAR', '2017-09-14 22:28:50', NULL, NULL, NULL, 1),
	(2347, 119, 728, NULL, 'REGULAR', '2017-09-14 22:28:50', NULL, NULL, NULL, 1),
	(2348, 130, 729, NULL, 'REGULAR', '2017-09-14 22:28:50', NULL, NULL, NULL, 1),
	(2349, 131, 729, NULL, 'REGULAR', '2017-09-14 22:28:50', NULL, NULL, NULL, 1),
	(2350, 172, 729, NULL, 'REGULAR', '2017-09-14 22:28:50', NULL, NULL, NULL, 1),
	(2351, 126, 729, NULL, 'REGULAR', '2017-09-14 22:28:50', NULL, NULL, NULL, 1),
	(2352, 133, 729, NULL, 'REGULAR', '2017-09-14 22:28:50', NULL, NULL, NULL, 1),
	(2353, 134, 729, NULL, 'REGULAR', '2017-09-14 22:28:50', NULL, NULL, NULL, 1),
	(2354, 135, 729, NULL, 'REGULAR', '2017-09-14 22:28:50', NULL, NULL, NULL, 1),
	(2355, 137, 729, NULL, 'REGULAR', '2017-09-14 22:28:50', NULL, NULL, NULL, 1),
	(2356, 130, 730, NULL, 'REGULAR', '2017-09-14 22:28:50', NULL, NULL, NULL, 1),
	(2357, 131, 730, NULL, 'REGULAR', '2017-09-14 22:28:50', NULL, NULL, NULL, 1),
	(2358, 172, 730, NULL, 'REGULAR', '2017-09-14 22:28:50', NULL, NULL, NULL, 1),
	(2359, 126, 730, NULL, 'REGULAR', '2017-09-14 22:28:50', NULL, NULL, NULL, 1),
	(2360, 133, 730, NULL, 'REGULAR', '2017-09-14 22:28:50', NULL, NULL, NULL, 1),
	(2361, 134, 730, NULL, 'REGULAR', '2017-09-14 22:28:50', NULL, NULL, NULL, 1),
	(2362, 135, 730, NULL, 'REGULAR', '2017-09-14 22:28:50', NULL, NULL, NULL, 1),
	(2363, 137, 730, NULL, 'REGULAR', '2017-09-14 22:28:50', NULL, NULL, NULL, 1),
	(2364, 174, 731, NULL, 'REGULAR', '2017-09-14 22:28:50', NULL, NULL, NULL, 1),
	(2365, 152, 731, NULL, 'REGULAR', '2017-09-14 22:28:50', NULL, NULL, NULL, 1),
	(2366, 176, 731, NULL, 'REGULAR', '2017-09-14 22:28:50', NULL, NULL, NULL, 1),
	(2367, 154, 731, NULL, 'REGULAR', '2017-09-14 22:28:50', NULL, NULL, NULL, 1),
	(2368, 177, 731, NULL, 'REGULAR', '2017-09-14 22:28:50', NULL, NULL, NULL, 1),
	(2369, 156, 731, NULL, 'REGULAR', '2017-09-14 22:28:50', NULL, NULL, NULL, 1),
	(2370, 157, 731, NULL, 'REGULAR', '2017-09-14 22:28:50', NULL, NULL, NULL, 1),
	(2371, 179, 731, NULL, 'REGULAR', '2017-09-14 22:28:50', NULL, NULL, NULL, 1),
	(2372, 175, 731, NULL, 'REGULAR', '2017-09-14 22:28:50', NULL, NULL, NULL, 1),
	(2373, 174, 732, NULL, 'REGULAR', '2017-09-14 22:28:50', NULL, NULL, NULL, 1),
	(2374, 152, 732, NULL, 'REGULAR', '2017-09-14 22:28:50', NULL, NULL, NULL, 1),
	(2375, 176, 732, NULL, 'REGULAR', '2017-09-14 22:28:50', NULL, NULL, NULL, 1),
	(2376, 154, 732, NULL, 'REGULAR', '2017-09-14 22:28:50', NULL, NULL, NULL, 1),
	(2377, 177, 732, NULL, 'REGULAR', '2017-09-14 22:28:50', NULL, NULL, NULL, 1),
	(2378, 156, 732, NULL, 'REGULAR', '2017-09-14 22:28:50', NULL, NULL, NULL, 1),
	(2379, 157, 732, NULL, 'REGULAR', '2017-09-14 22:28:50', NULL, NULL, NULL, 1),
	(2380, 179, 732, NULL, 'REGULAR', '2017-09-14 22:28:50', NULL, NULL, NULL, 1),
	(2381, 175, 732, NULL, 'REGULAR', '2017-09-14 22:28:50', NULL, NULL, NULL, 1),
	(2382, 186, 733, NULL, 'REGULAR', '2017-09-14 22:28:50', NULL, NULL, NULL, 1),
	(2383, 169, 733, NULL, 'REGULAR', '2017-09-14 22:28:50', NULL, NULL, NULL, 1),
	(2384, 188, 733, NULL, 'REGULAR', '2017-09-14 22:28:50', NULL, NULL, NULL, 1),
	(2385, 186, 734, NULL, 'REGULAR', '2017-09-14 22:28:50', NULL, NULL, NULL, 1),
	(2386, 169, 734, NULL, 'REGULAR', '2017-09-14 22:28:50', NULL, NULL, NULL, 1),
	(2387, 188, 734, NULL, 'REGULAR', '2017-09-14 22:28:50', NULL, NULL, NULL, 1),
	(2388, 110, 735, NULL, 'REGULAR', '2017-09-14 22:28:50', NULL, NULL, NULL, 1),
	(2389, 111, 735, NULL, 'REGULAR', '2017-09-14 22:28:50', NULL, NULL, NULL, 1),
	(2390, 112, 735, NULL, 'REGULAR', '2017-09-14 22:28:50', NULL, NULL, NULL, 1),
	(2391, 113, 735, NULL, 'REGULAR', '2017-09-14 22:28:50', NULL, NULL, NULL, 1),
	(2392, 114, 735, NULL, 'REGULAR', '2017-09-14 22:28:50', NULL, NULL, NULL, 1),
	(2393, 115, 735, NULL, 'REGULAR', '2017-09-14 22:28:50', NULL, NULL, NULL, 1),
	(2394, 116, 735, NULL, 'REGULAR', '2017-09-14 22:28:50', NULL, NULL, NULL, 1),
	(2395, 117, 735, NULL, 'REGULAR', '2017-09-14 22:28:50', NULL, NULL, NULL, 1),
	(2396, 118, 735, NULL, 'REGULAR', '2017-09-14 22:28:50', NULL, NULL, NULL, 1),
	(2397, 119, 735, NULL, 'REGULAR', '2017-09-14 22:28:50', NULL, NULL, NULL, 1),
	(2398, 110, 736, NULL, 'REGULAR', '2017-09-14 22:28:50', NULL, NULL, NULL, 1),
	(2399, 111, 736, NULL, 'REGULAR', '2017-09-14 22:28:50', NULL, NULL, NULL, 1),
	(2400, 112, 736, NULL, 'REGULAR', '2017-09-14 22:28:50', NULL, NULL, NULL, 1),
	(2401, 113, 736, NULL, 'REGULAR', '2017-09-14 22:28:50', NULL, NULL, NULL, 1),
	(2402, 114, 736, NULL, 'REGULAR', '2017-09-14 22:28:50', NULL, NULL, NULL, 1),
	(2403, 115, 736, NULL, 'REGULAR', '2017-09-14 22:28:50', NULL, NULL, NULL, 1),
	(2404, 116, 736, NULL, 'REGULAR', '2017-09-14 22:28:50', NULL, NULL, NULL, 1),
	(2405, 117, 736, NULL, 'REGULAR', '2017-09-14 22:28:50', NULL, NULL, NULL, 1),
	(2406, 118, 736, NULL, 'REGULAR', '2017-09-14 22:28:50', NULL, NULL, NULL, 1),
	(2407, 119, 736, NULL, 'REGULAR', '2017-09-14 22:28:50', NULL, NULL, NULL, 1),
	(2408, 130, 737, NULL, 'REGULAR', '2017-09-14 22:28:50', NULL, NULL, NULL, 1),
	(2409, 131, 737, NULL, 'REGULAR', '2017-09-14 22:28:50', NULL, NULL, NULL, 1),
	(2410, 172, 737, NULL, 'REGULAR', '2017-09-14 22:28:50', NULL, NULL, NULL, 1),
	(2411, 126, 737, NULL, 'REGULAR', '2017-09-14 22:28:50', NULL, NULL, NULL, 1),
	(2412, 133, 737, NULL, 'REGULAR', '2017-09-14 22:28:50', NULL, NULL, NULL, 1),
	(2413, 134, 737, NULL, 'REGULAR', '2017-09-14 22:28:50', NULL, NULL, NULL, 1),
	(2414, 135, 737, NULL, 'REGULAR', '2017-09-14 22:28:50', NULL, NULL, NULL, 1),
	(2415, 137, 737, NULL, 'REGULAR', '2017-09-14 22:28:50', NULL, NULL, NULL, 1),
	(2416, 130, 738, NULL, 'REGULAR', '2017-09-14 22:28:50', NULL, NULL, NULL, 1),
	(2417, 131, 738, NULL, 'REGULAR', '2017-09-14 22:28:50', NULL, NULL, NULL, 1),
	(2418, 172, 738, NULL, 'REGULAR', '2017-09-14 22:28:50', NULL, NULL, NULL, 1),
	(2419, 126, 738, NULL, 'REGULAR', '2017-09-14 22:28:50', NULL, NULL, NULL, 1),
	(2420, 133, 738, NULL, 'REGULAR', '2017-09-14 22:28:50', NULL, NULL, NULL, 1),
	(2421, 134, 738, NULL, 'REGULAR', '2017-09-14 22:28:50', NULL, NULL, NULL, 1),
	(2422, 135, 738, NULL, 'REGULAR', '2017-09-14 22:28:50', NULL, NULL, NULL, 1),
	(2423, 137, 738, NULL, 'REGULAR', '2017-09-14 22:28:50', NULL, NULL, NULL, 1),
	(2424, 174, 739, NULL, 'REGULAR', '2017-09-14 22:28:50', NULL, NULL, NULL, 1),
	(2425, 152, 739, NULL, 'REGULAR', '2017-09-14 22:28:50', NULL, NULL, NULL, 1),
	(2426, 176, 739, NULL, 'REGULAR', '2017-09-14 22:28:50', NULL, NULL, NULL, 1),
	(2427, 154, 739, NULL, 'REGULAR', '2017-09-14 22:28:50', NULL, NULL, NULL, 1),
	(2428, 177, 739, NULL, 'REGULAR', '2017-09-14 22:28:50', NULL, NULL, NULL, 1),
	(2429, 156, 739, NULL, 'REGULAR', '2017-09-14 22:28:50', NULL, NULL, NULL, 1),
	(2430, 157, 739, NULL, 'REGULAR', '2017-09-14 22:28:50', NULL, NULL, NULL, 1),
	(2431, 179, 739, NULL, 'REGULAR', '2017-09-14 22:28:50', NULL, NULL, NULL, 1),
	(2432, 175, 739, NULL, 'REGULAR', '2017-09-14 22:28:50', NULL, NULL, NULL, 1),
	(2433, 174, 740, NULL, 'REGULAR', '2017-09-14 22:28:50', NULL, NULL, NULL, 1),
	(2434, 152, 740, NULL, 'REGULAR', '2017-09-14 22:28:50', NULL, NULL, NULL, 1),
	(2435, 176, 740, NULL, 'REGULAR', '2017-09-14 22:28:50', NULL, NULL, NULL, 1),
	(2436, 154, 740, NULL, 'REGULAR', '2017-09-14 22:28:50', NULL, NULL, NULL, 1),
	(2437, 177, 740, NULL, 'REGULAR', '2017-09-14 22:28:50', NULL, NULL, NULL, 1),
	(2438, 156, 740, NULL, 'REGULAR', '2017-09-14 22:28:50', NULL, NULL, NULL, 1),
	(2439, 157, 740, NULL, 'REGULAR', '2017-09-14 22:28:50', NULL, NULL, NULL, 1),
	(2440, 179, 740, NULL, 'REGULAR', '2017-09-14 22:28:50', NULL, NULL, NULL, 1),
	(2441, 175, 740, NULL, 'REGULAR', '2017-09-14 22:28:50', NULL, NULL, NULL, 1),
	(2442, 186, 741, NULL, 'REGULAR', '2017-09-14 22:28:50', NULL, NULL, NULL, 1),
	(2443, 169, 741, NULL, 'REGULAR', '2017-09-14 22:28:50', NULL, NULL, NULL, 1),
	(2444, 188, 741, NULL, 'REGULAR', '2017-09-14 22:28:50', NULL, NULL, NULL, 1),
	(2445, 186, 742, NULL, 'REGULAR', '2017-09-14 22:28:50', NULL, NULL, NULL, 1),
	(2446, 169, 742, NULL, 'REGULAR', '2017-09-14 22:28:50', NULL, NULL, NULL, 1),
	(2447, 188, 742, NULL, 'REGULAR', '2017-09-14 22:28:50', NULL, NULL, NULL, 1),
	(2448, 110, 743, NULL, 'REGULAR', '2017-09-14 22:28:50', NULL, NULL, NULL, 1),
	(2449, 111, 743, NULL, 'REGULAR', '2017-09-14 22:28:50', NULL, NULL, NULL, 1),
	(2450, 112, 743, NULL, 'REGULAR', '2017-09-14 22:28:50', NULL, NULL, NULL, 1),
	(2451, 113, 743, NULL, 'REGULAR', '2017-09-14 22:28:50', NULL, NULL, NULL, 1),
	(2452, 114, 743, NULL, 'REGULAR', '2017-09-14 22:28:50', NULL, NULL, NULL, 1),
	(2453, 115, 743, NULL, 'REGULAR', '2017-09-14 22:28:50', NULL, NULL, NULL, 1),
	(2454, 116, 743, NULL, 'REGULAR', '2017-09-14 22:28:50', NULL, NULL, NULL, 1),
	(2455, 117, 743, NULL, 'REGULAR', '2017-09-14 22:28:50', NULL, NULL, NULL, 1),
	(2456, 118, 743, NULL, 'REGULAR', '2017-09-14 22:28:50', NULL, NULL, NULL, 1),
	(2457, 119, 743, NULL, 'REGULAR', '2017-09-14 22:28:50', NULL, NULL, NULL, 1),
	(2458, 110, 744, NULL, 'REGULAR', '2017-09-14 22:28:50', NULL, NULL, NULL, 1),
	(2459, 111, 744, NULL, 'REGULAR', '2017-09-14 22:28:50', NULL, NULL, NULL, 1),
	(2460, 112, 744, NULL, 'REGULAR', '2017-09-14 22:28:50', NULL, NULL, NULL, 1),
	(2461, 113, 744, NULL, 'REGULAR', '2017-09-14 22:28:50', NULL, NULL, NULL, 1),
	(2462, 114, 744, NULL, 'REGULAR', '2017-09-14 22:28:50', NULL, NULL, NULL, 1),
	(2463, 115, 744, NULL, 'REGULAR', '2017-09-14 22:28:50', NULL, NULL, NULL, 1),
	(2464, 116, 744, NULL, 'REGULAR', '2017-09-14 22:28:50', NULL, NULL, NULL, 1),
	(2465, 117, 744, NULL, 'REGULAR', '2017-09-14 22:28:50', NULL, NULL, NULL, 1),
	(2466, 118, 744, NULL, 'REGULAR', '2017-09-14 22:28:50', NULL, NULL, NULL, 1),
	(2467, 119, 744, NULL, 'REGULAR', '2017-09-14 22:28:50', NULL, NULL, NULL, 1),
	(2468, 130, 745, NULL, 'REGULAR', '2017-09-14 22:28:50', NULL, NULL, NULL, 1),
	(2469, 131, 745, NULL, 'REGULAR', '2017-09-14 22:28:50', NULL, NULL, NULL, 1),
	(2470, 172, 745, NULL, 'REGULAR', '2017-09-14 22:28:50', NULL, NULL, NULL, 1),
	(2471, 126, 745, NULL, 'REGULAR', '2017-09-14 22:28:50', NULL, NULL, NULL, 1),
	(2472, 133, 745, NULL, 'REGULAR', '2017-09-14 22:28:50', NULL, NULL, NULL, 1),
	(2473, 134, 745, NULL, 'REGULAR', '2017-09-14 22:28:50', NULL, NULL, NULL, 1),
	(2474, 135, 745, NULL, 'REGULAR', '2017-09-14 22:28:50', NULL, NULL, NULL, 1),
	(2475, 137, 745, NULL, 'REGULAR', '2017-09-14 22:28:50', NULL, NULL, NULL, 1),
	(2476, 130, 746, NULL, 'REGULAR', '2017-09-14 22:28:50', NULL, NULL, NULL, 1),
	(2477, 131, 746, NULL, 'REGULAR', '2017-09-14 22:28:50', NULL, NULL, NULL, 1),
	(2478, 172, 746, NULL, 'REGULAR', '2017-09-14 22:28:50', NULL, NULL, NULL, 1),
	(2479, 126, 746, NULL, 'REGULAR', '2017-09-14 22:28:50', NULL, NULL, NULL, 1),
	(2480, 133, 746, NULL, 'REGULAR', '2017-09-14 22:28:50', NULL, NULL, NULL, 1),
	(2481, 134, 746, NULL, 'REGULAR', '2017-09-14 22:28:50', NULL, NULL, NULL, 1),
	(2482, 135, 746, NULL, 'REGULAR', '2017-09-14 22:28:50', NULL, NULL, NULL, 1),
	(2483, 137, 746, NULL, 'REGULAR', '2017-09-14 22:28:50', NULL, NULL, NULL, 1),
	(2484, 174, 747, NULL, 'REGULAR', '2017-09-14 22:28:50', NULL, NULL, NULL, 1),
	(2485, 152, 747, NULL, 'REGULAR', '2017-09-14 22:28:50', NULL, NULL, NULL, 1),
	(2486, 176, 747, NULL, 'REGULAR', '2017-09-14 22:28:50', NULL, NULL, NULL, 1),
	(2487, 154, 747, NULL, 'REGULAR', '2017-09-14 22:28:50', NULL, NULL, NULL, 1),
	(2488, 177, 747, NULL, 'REGULAR', '2017-09-14 22:28:50', NULL, NULL, NULL, 1),
	(2489, 156, 747, NULL, 'REGULAR', '2017-09-14 22:28:50', NULL, NULL, NULL, 1),
	(2490, 157, 747, NULL, 'REGULAR', '2017-09-14 22:28:50', NULL, NULL, NULL, 1),
	(2491, 179, 747, NULL, 'REGULAR', '2017-09-14 22:28:50', NULL, NULL, NULL, 1),
	(2492, 175, 747, NULL, 'REGULAR', '2017-09-14 22:28:50', NULL, NULL, NULL, 1),
	(2493, 174, 748, NULL, 'REGULAR', '2017-09-14 22:28:50', NULL, NULL, NULL, 1),
	(2494, 152, 748, NULL, 'REGULAR', '2017-09-14 22:28:50', NULL, NULL, NULL, 1),
	(2495, 176, 748, NULL, 'REGULAR', '2017-09-14 22:28:50', NULL, NULL, NULL, 1),
	(2496, 154, 748, NULL, 'REGULAR', '2017-09-14 22:28:50', NULL, NULL, NULL, 1),
	(2497, 177, 748, NULL, 'REGULAR', '2017-09-14 22:28:50', NULL, NULL, NULL, 1),
	(2498, 156, 748, NULL, 'REGULAR', '2017-09-14 22:28:50', NULL, NULL, NULL, 1),
	(2499, 157, 748, NULL, 'REGULAR', '2017-09-14 22:28:50', NULL, NULL, NULL, 1),
	(2500, 179, 748, NULL, 'REGULAR', '2017-09-14 22:28:50', NULL, NULL, NULL, 1),
	(2501, 175, 748, NULL, 'REGULAR', '2017-09-14 22:28:50', NULL, NULL, NULL, 1),
	(2502, 186, 749, NULL, 'REGULAR', '2017-09-14 22:28:50', NULL, NULL, NULL, 1),
	(2503, 169, 749, NULL, 'REGULAR', '2017-09-14 22:28:50', NULL, NULL, NULL, 1),
	(2504, 188, 749, NULL, 'REGULAR', '2017-09-14 22:28:50', NULL, NULL, NULL, 1),
	(2505, 186, 750, NULL, 'REGULAR', '2017-09-14 22:28:50', NULL, NULL, NULL, 1),
	(2506, 169, 750, NULL, 'REGULAR', '2017-09-14 22:28:50', NULL, NULL, NULL, 1),
	(2507, 188, 750, NULL, 'REGULAR', '2017-09-14 22:28:50', NULL, NULL, NULL, 1),
	(2508, 110, 751, NULL, 'REGULAR', '2017-09-14 22:28:50', NULL, NULL, NULL, 1),
	(2509, 111, 751, NULL, 'REGULAR', '2017-09-14 22:28:50', NULL, NULL, NULL, 1),
	(2510, 112, 751, NULL, 'REGULAR', '2017-09-14 22:28:50', NULL, NULL, NULL, 1),
	(2511, 113, 751, NULL, 'REGULAR', '2017-09-14 22:28:50', NULL, NULL, NULL, 1),
	(2512, 114, 751, NULL, 'REGULAR', '2017-09-14 22:28:50', NULL, NULL, NULL, 1),
	(2513, 115, 751, NULL, 'REGULAR', '2017-09-14 22:28:50', NULL, NULL, NULL, 1),
	(2514, 116, 751, NULL, 'REGULAR', '2017-09-14 22:28:50', NULL, NULL, NULL, 1),
	(2515, 117, 751, NULL, 'REGULAR', '2017-09-14 22:28:50', NULL, NULL, NULL, 1),
	(2516, 118, 751, NULL, 'REGULAR', '2017-09-14 22:28:50', NULL, NULL, NULL, 1),
	(2517, 119, 751, NULL, 'REGULAR', '2017-09-14 22:28:50', NULL, NULL, NULL, 1),
	(2518, 110, 752, NULL, 'REGULAR', '2017-09-14 22:28:50', NULL, NULL, NULL, 1),
	(2519, 111, 752, NULL, 'REGULAR', '2017-09-14 22:28:50', NULL, NULL, NULL, 1),
	(2520, 112, 752, NULL, 'REGULAR', '2017-09-14 22:28:50', NULL, NULL, NULL, 1),
	(2521, 113, 752, NULL, 'REGULAR', '2017-09-14 22:28:50', NULL, NULL, NULL, 1),
	(2522, 114, 752, NULL, 'REGULAR', '2017-09-14 22:28:50', NULL, NULL, NULL, 1),
	(2523, 115, 752, NULL, 'REGULAR', '2017-09-14 22:28:50', NULL, NULL, NULL, 1),
	(2524, 116, 752, NULL, 'REGULAR', '2017-09-14 22:28:50', NULL, NULL, NULL, 1),
	(2525, 117, 752, NULL, 'REGULAR', '2017-09-14 22:28:50', NULL, NULL, NULL, 1),
	(2526, 118, 752, NULL, 'REGULAR', '2017-09-14 22:28:50', NULL, NULL, NULL, 1),
	(2527, 119, 752, NULL, 'REGULAR', '2017-09-14 22:28:50', NULL, NULL, NULL, 1),
	(2528, 130, 753, NULL, 'REGULAR', '2017-09-14 22:28:50', NULL, NULL, NULL, 1),
	(2529, 131, 753, NULL, 'REGULAR', '2017-09-14 22:28:50', NULL, NULL, NULL, 1),
	(2530, 172, 753, NULL, 'REGULAR', '2017-09-14 22:28:50', NULL, NULL, NULL, 1),
	(2531, 126, 753, NULL, 'REGULAR', '2017-09-14 22:28:50', NULL, NULL, NULL, 1),
	(2532, 133, 753, NULL, 'REGULAR', '2017-09-14 22:28:50', NULL, NULL, NULL, 1),
	(2533, 134, 753, NULL, 'REGULAR', '2017-09-14 22:28:50', NULL, NULL, NULL, 1),
	(2534, 135, 753, NULL, 'REGULAR', '2017-09-14 22:28:50', NULL, NULL, NULL, 1),
	(2535, 137, 753, NULL, 'REGULAR', '2017-09-14 22:28:50', NULL, NULL, NULL, 1),
	(2536, 130, 754, NULL, 'REGULAR', '2017-09-14 22:28:50', NULL, NULL, NULL, 1),
	(2537, 131, 754, NULL, 'REGULAR', '2017-09-14 22:28:50', NULL, NULL, NULL, 1),
	(2538, 172, 754, NULL, 'REGULAR', '2017-09-14 22:28:50', NULL, NULL, NULL, 1),
	(2539, 126, 754, NULL, 'REGULAR', '2017-09-14 22:28:50', NULL, NULL, NULL, 1),
	(2540, 133, 754, NULL, 'REGULAR', '2017-09-14 22:28:50', NULL, NULL, NULL, 1),
	(2541, 134, 754, NULL, 'REGULAR', '2017-09-14 22:28:50', NULL, NULL, NULL, 1),
	(2542, 135, 754, NULL, 'REGULAR', '2017-09-14 22:28:50', NULL, NULL, NULL, 1),
	(2543, 137, 754, NULL, 'REGULAR', '2017-09-14 22:28:50', NULL, NULL, NULL, 1),
	(2544, 174, 755, NULL, 'REGULAR', '2017-09-14 22:28:50', NULL, NULL, NULL, 1),
	(2545, 152, 755, NULL, 'REGULAR', '2017-09-14 22:28:50', NULL, NULL, NULL, 1),
	(2546, 176, 755, NULL, 'REGULAR', '2017-09-14 22:28:50', NULL, NULL, NULL, 1),
	(2547, 154, 755, NULL, 'REGULAR', '2017-09-14 22:28:50', NULL, NULL, NULL, 1),
	(2548, 177, 755, NULL, 'REGULAR', '2017-09-14 22:28:50', NULL, NULL, NULL, 1),
	(2549, 156, 755, NULL, 'REGULAR', '2017-09-14 22:28:50', NULL, NULL, NULL, 1),
	(2550, 157, 755, NULL, 'REGULAR', '2017-09-14 22:28:50', NULL, NULL, NULL, 1),
	(2551, 179, 755, NULL, 'REGULAR', '2017-09-14 22:28:50', NULL, NULL, NULL, 1),
	(2552, 175, 755, NULL, 'REGULAR', '2017-09-14 22:28:50', NULL, NULL, NULL, 1),
	(2553, 174, 756, NULL, 'REGULAR', '2017-09-14 22:28:50', NULL, NULL, NULL, 1),
	(2554, 152, 756, NULL, 'REGULAR', '2017-09-14 22:28:50', NULL, NULL, NULL, 1),
	(2555, 176, 756, NULL, 'REGULAR', '2017-09-14 22:28:50', NULL, NULL, NULL, 1),
	(2556, 154, 756, NULL, 'REGULAR', '2017-09-14 22:28:50', NULL, NULL, NULL, 1),
	(2557, 177, 756, NULL, 'REGULAR', '2017-09-14 22:28:50', NULL, NULL, NULL, 1),
	(2558, 156, 756, NULL, 'REGULAR', '2017-09-14 22:28:50', NULL, NULL, NULL, 1),
	(2559, 157, 756, NULL, 'REGULAR', '2017-09-14 22:28:50', NULL, NULL, NULL, 1),
	(2560, 179, 756, NULL, 'REGULAR', '2017-09-14 22:28:50', NULL, NULL, NULL, 1),
	(2561, 175, 756, NULL, 'REGULAR', '2017-09-14 22:28:50', NULL, NULL, NULL, 1),
	(2562, 186, 757, NULL, 'REGULAR', '2017-09-14 22:28:50', NULL, NULL, NULL, 1),
	(2563, 169, 757, NULL, 'REGULAR', '2017-09-14 22:28:50', NULL, NULL, NULL, 1),
	(2564, 188, 757, NULL, 'REGULAR', '2017-09-14 22:28:50', NULL, NULL, NULL, 1),
	(2565, 186, 758, NULL, 'REGULAR', '2017-09-14 22:28:50', NULL, NULL, NULL, 1),
	(2566, 169, 758, NULL, 'REGULAR', '2017-09-14 22:28:50', NULL, NULL, NULL, 1),
	(2567, 188, 758, NULL, 'REGULAR', '2017-09-14 22:28:50', NULL, NULL, NULL, 1),
	(2568, 110, 759, NULL, 'REGULAR', '2017-09-14 22:28:50', NULL, NULL, NULL, 1),
	(2569, 111, 759, NULL, 'REGULAR', '2017-09-14 22:28:50', NULL, NULL, NULL, 1),
	(2570, 112, 759, NULL, 'REGULAR', '2017-09-14 22:28:50', NULL, NULL, NULL, 1),
	(2571, 113, 759, NULL, 'REGULAR', '2017-09-14 22:28:50', NULL, NULL, NULL, 1),
	(2572, 114, 759, NULL, 'REGULAR', '2017-09-14 22:28:50', NULL, NULL, NULL, 1),
	(2573, 115, 759, NULL, 'REGULAR', '2017-09-14 22:28:50', NULL, NULL, NULL, 1),
	(2574, 116, 759, NULL, 'REGULAR', '2017-09-14 22:28:50', NULL, NULL, NULL, 1),
	(2575, 117, 759, NULL, 'REGULAR', '2017-09-14 22:28:50', NULL, NULL, NULL, 1),
	(2576, 118, 759, NULL, 'REGULAR', '2017-09-14 22:28:50', NULL, NULL, NULL, 1),
	(2577, 119, 759, NULL, 'REGULAR', '2017-09-14 22:28:50', NULL, NULL, NULL, 1),
	(2578, 110, 760, NULL, 'REGULAR', '2017-09-14 22:28:51', NULL, NULL, NULL, 1),
	(2579, 111, 760, NULL, 'REGULAR', '2017-09-14 22:28:51', NULL, NULL, NULL, 1),
	(2580, 112, 760, NULL, 'REGULAR', '2017-09-14 22:28:51', NULL, NULL, NULL, 1),
	(2581, 113, 760, NULL, 'REGULAR', '2017-09-14 22:28:51', NULL, NULL, NULL, 1),
	(2582, 114, 760, NULL, 'REGULAR', '2017-09-14 22:28:51', NULL, NULL, NULL, 1),
	(2583, 115, 760, NULL, 'REGULAR', '2017-09-14 22:28:51', NULL, NULL, NULL, 1),
	(2584, 116, 760, NULL, 'REGULAR', '2017-09-14 22:28:51', NULL, NULL, NULL, 1),
	(2585, 117, 760, NULL, 'REGULAR', '2017-09-14 22:28:51', NULL, NULL, NULL, 1),
	(2586, 118, 760, NULL, 'REGULAR', '2017-09-14 22:28:51', NULL, NULL, NULL, 1),
	(2587, 119, 760, NULL, 'REGULAR', '2017-09-14 22:28:51', NULL, NULL, NULL, 1),
	(2588, 130, 761, NULL, 'REGULAR', '2017-09-14 22:28:51', NULL, NULL, NULL, 1),
	(2589, 131, 761, NULL, 'REGULAR', '2017-09-14 22:28:51', NULL, NULL, NULL, 1),
	(2590, 172, 761, NULL, 'REGULAR', '2017-09-14 22:28:51', NULL, NULL, NULL, 1),
	(2591, 126, 761, NULL, 'REGULAR', '2017-09-14 22:28:51', NULL, NULL, NULL, 1),
	(2592, 133, 761, NULL, 'REGULAR', '2017-09-14 22:28:51', NULL, NULL, NULL, 1),
	(2593, 134, 761, NULL, 'REGULAR', '2017-09-14 22:28:51', NULL, NULL, NULL, 1),
	(2594, 135, 761, NULL, 'REGULAR', '2017-09-14 22:28:51', NULL, NULL, NULL, 1),
	(2595, 137, 761, NULL, 'REGULAR', '2017-09-14 22:28:51', NULL, NULL, NULL, 1),
	(2596, 130, 762, NULL, 'REGULAR', '2017-09-14 22:28:51', NULL, NULL, NULL, 1),
	(2597, 131, 762, NULL, 'REGULAR', '2017-09-14 22:28:51', NULL, NULL, NULL, 1),
	(2598, 172, 762, NULL, 'REGULAR', '2017-09-14 22:28:51', NULL, NULL, NULL, 1),
	(2599, 126, 762, NULL, 'REGULAR', '2017-09-14 22:28:51', NULL, NULL, NULL, 1),
	(2600, 133, 762, NULL, 'REGULAR', '2017-09-14 22:28:51', NULL, NULL, NULL, 1),
	(2601, 134, 762, NULL, 'REGULAR', '2017-09-14 22:28:51', NULL, NULL, NULL, 1),
	(2602, 135, 762, NULL, 'REGULAR', '2017-09-14 22:28:51', NULL, NULL, NULL, 1),
	(2603, 137, 762, NULL, 'REGULAR', '2017-09-14 22:28:51', NULL, NULL, NULL, 1),
	(2604, 174, 763, NULL, 'REGULAR', '2017-09-14 22:28:51', NULL, NULL, NULL, 1),
	(2605, 152, 763, NULL, 'REGULAR', '2017-09-14 22:28:51', NULL, NULL, NULL, 1),
	(2606, 176, 763, NULL, 'REGULAR', '2017-09-14 22:28:51', NULL, NULL, NULL, 1),
	(2607, 154, 763, NULL, 'REGULAR', '2017-09-14 22:28:51', NULL, NULL, NULL, 1),
	(2608, 177, 763, NULL, 'REGULAR', '2017-09-14 22:28:51', NULL, NULL, NULL, 1),
	(2609, 156, 763, NULL, 'REGULAR', '2017-09-14 22:28:51', NULL, NULL, NULL, 1),
	(2610, 157, 763, NULL, 'REGULAR', '2017-09-14 22:28:51', NULL, NULL, NULL, 1),
	(2611, 179, 763, NULL, 'REGULAR', '2017-09-14 22:28:51', NULL, NULL, NULL, 1),
	(2612, 175, 763, NULL, 'REGULAR', '2017-09-14 22:28:51', NULL, NULL, NULL, 1),
	(2613, 174, 764, NULL, 'REGULAR', '2017-09-14 22:28:51', NULL, NULL, NULL, 1),
	(2614, 152, 764, NULL, 'REGULAR', '2017-09-14 22:28:51', NULL, NULL, NULL, 1),
	(2615, 176, 764, NULL, 'REGULAR', '2017-09-14 22:28:51', NULL, NULL, NULL, 1),
	(2616, 154, 764, NULL, 'REGULAR', '2017-09-14 22:28:51', NULL, NULL, NULL, 1),
	(2617, 177, 764, NULL, 'REGULAR', '2017-09-14 22:28:51', NULL, NULL, NULL, 1),
	(2618, 156, 764, NULL, 'REGULAR', '2017-09-14 22:28:51', NULL, NULL, NULL, 1),
	(2619, 157, 764, NULL, 'REGULAR', '2017-09-14 22:28:51', NULL, NULL, NULL, 1),
	(2620, 179, 764, NULL, 'REGULAR', '2017-09-14 22:28:51', NULL, NULL, NULL, 1),
	(2621, 175, 764, NULL, 'REGULAR', '2017-09-14 22:28:51', NULL, NULL, NULL, 1),
	(2622, 186, 765, NULL, 'REGULAR', '2017-09-14 22:28:51', NULL, NULL, NULL, 1),
	(2623, 169, 765, NULL, 'REGULAR', '2017-09-14 22:28:51', NULL, NULL, NULL, 1),
	(2624, 188, 765, NULL, 'REGULAR', '2017-09-14 22:28:51', NULL, NULL, NULL, 1),
	(2625, 186, 766, NULL, 'REGULAR', '2017-09-14 22:28:51', NULL, NULL, NULL, 1),
	(2626, 169, 766, NULL, 'REGULAR', '2017-09-14 22:28:51', NULL, NULL, NULL, 1),
	(2627, 188, 766, NULL, 'REGULAR', '2017-09-14 22:28:51', NULL, NULL, NULL, 1),
	(2628, 110, 767, NULL, 'REGULAR', '2017-09-14 22:28:51', NULL, NULL, NULL, 1),
	(2629, 111, 767, NULL, 'REGULAR', '2017-09-14 22:28:51', NULL, NULL, NULL, 1),
	(2630, 112, 767, NULL, 'REGULAR', '2017-09-14 22:28:51', NULL, NULL, NULL, 1),
	(2631, 113, 767, NULL, 'REGULAR', '2017-09-14 22:28:51', NULL, NULL, NULL, 1),
	(2632, 114, 767, NULL, 'REGULAR', '2017-09-14 22:28:51', NULL, NULL, NULL, 1),
	(2633, 115, 767, NULL, 'REGULAR', '2017-09-14 22:28:51', NULL, NULL, NULL, 1),
	(2634, 116, 767, NULL, 'REGULAR', '2017-09-14 22:28:51', NULL, NULL, NULL, 1),
	(2635, 117, 767, NULL, 'REGULAR', '2017-09-14 22:28:51', NULL, NULL, NULL, 1),
	(2636, 118, 767, NULL, 'REGULAR', '2017-09-14 22:28:51', NULL, NULL, NULL, 1),
	(2637, 119, 767, NULL, 'REGULAR', '2017-09-14 22:28:51', NULL, NULL, NULL, 1),
	(2638, 110, 768, NULL, 'REGULAR', '2017-09-14 22:28:51', NULL, NULL, NULL, 1),
	(2639, 111, 768, NULL, 'REGULAR', '2017-09-14 22:28:51', NULL, NULL, NULL, 1),
	(2640, 112, 768, NULL, 'REGULAR', '2017-09-14 22:28:51', NULL, NULL, NULL, 1),
	(2641, 113, 768, NULL, 'REGULAR', '2017-09-14 22:28:51', NULL, NULL, NULL, 1),
	(2642, 114, 768, NULL, 'REGULAR', '2017-09-14 22:28:51', NULL, NULL, NULL, 1),
	(2643, 115, 768, NULL, 'REGULAR', '2017-09-14 22:28:51', NULL, NULL, NULL, 1),
	(2644, 116, 768, NULL, 'REGULAR', '2017-09-14 22:28:51', NULL, NULL, NULL, 1),
	(2645, 117, 768, NULL, 'REGULAR', '2017-09-14 22:28:51', NULL, NULL, NULL, 1),
	(2646, 118, 768, NULL, 'REGULAR', '2017-09-14 22:28:51', NULL, NULL, NULL, 1),
	(2647, 119, 768, NULL, 'REGULAR', '2017-09-14 22:28:51', NULL, NULL, NULL, 1),
	(2648, 130, 769, NULL, 'REGULAR', '2017-09-14 22:28:51', NULL, NULL, NULL, 1),
	(2649, 131, 769, NULL, 'REGULAR', '2017-09-14 22:28:51', NULL, NULL, NULL, 1),
	(2650, 172, 769, NULL, 'REGULAR', '2017-09-14 22:28:51', NULL, NULL, NULL, 1),
	(2651, 126, 769, NULL, 'REGULAR', '2017-09-14 22:28:51', NULL, NULL, NULL, 1),
	(2652, 133, 769, NULL, 'REGULAR', '2017-09-14 22:28:51', NULL, NULL, NULL, 1),
	(2653, 134, 769, NULL, 'REGULAR', '2017-09-14 22:28:51', NULL, NULL, NULL, 1),
	(2654, 135, 769, NULL, 'REGULAR', '2017-09-14 22:28:51', NULL, NULL, NULL, 1),
	(2655, 137, 769, NULL, 'REGULAR', '2017-09-14 22:28:51', NULL, NULL, NULL, 1),
	(2656, 130, 770, NULL, 'REGULAR', '2017-09-14 22:28:51', NULL, NULL, NULL, 1),
	(2657, 131, 770, NULL, 'REGULAR', '2017-09-14 22:28:51', NULL, NULL, NULL, 1),
	(2658, 172, 770, NULL, 'REGULAR', '2017-09-14 22:28:51', NULL, NULL, NULL, 1),
	(2659, 126, 770, NULL, 'REGULAR', '2017-09-14 22:28:51', NULL, NULL, NULL, 1),
	(2660, 133, 770, NULL, 'REGULAR', '2017-09-14 22:28:51', NULL, NULL, NULL, 1),
	(2661, 134, 770, NULL, 'REGULAR', '2017-09-14 22:28:51', NULL, NULL, NULL, 1),
	(2662, 135, 770, NULL, 'REGULAR', '2017-09-14 22:28:51', NULL, NULL, NULL, 1),
	(2663, 137, 770, NULL, 'REGULAR', '2017-09-14 22:28:51', NULL, NULL, NULL, 1),
	(2664, 174, 771, NULL, 'REGULAR', '2017-09-14 22:28:51', NULL, NULL, NULL, 1),
	(2665, 152, 771, NULL, 'REGULAR', '2017-09-14 22:28:51', NULL, NULL, NULL, 1),
	(2666, 176, 771, NULL, 'REGULAR', '2017-09-14 22:28:51', NULL, NULL, NULL, 1),
	(2667, 154, 771, NULL, 'REGULAR', '2017-09-14 22:28:51', NULL, NULL, NULL, 1),
	(2668, 177, 771, NULL, 'REGULAR', '2017-09-14 22:28:51', NULL, NULL, NULL, 1),
	(2669, 156, 771, NULL, 'REGULAR', '2017-09-14 22:28:51', NULL, NULL, NULL, 1),
	(2670, 157, 771, NULL, 'REGULAR', '2017-09-14 22:28:51', NULL, NULL, NULL, 1),
	(2671, 179, 771, NULL, 'REGULAR', '2017-09-14 22:28:51', NULL, NULL, NULL, 1),
	(2672, 175, 771, NULL, 'REGULAR', '2017-09-14 22:28:51', NULL, NULL, NULL, 1),
	(2673, 174, 772, NULL, 'REGULAR', '2017-09-14 22:28:51', NULL, NULL, NULL, 1),
	(2674, 152, 772, NULL, 'REGULAR', '2017-09-14 22:28:51', NULL, NULL, NULL, 1),
	(2675, 176, 772, NULL, 'REGULAR', '2017-09-14 22:28:51', NULL, NULL, NULL, 1),
	(2676, 154, 772, NULL, 'REGULAR', '2017-09-14 22:28:51', NULL, NULL, NULL, 1),
	(2677, 177, 772, NULL, 'REGULAR', '2017-09-14 22:28:51', NULL, NULL, NULL, 1),
	(2678, 156, 772, NULL, 'REGULAR', '2017-09-14 22:28:51', NULL, NULL, NULL, 1),
	(2679, 157, 772, NULL, 'REGULAR', '2017-09-14 22:28:51', NULL, NULL, NULL, 1),
	(2680, 179, 772, NULL, 'REGULAR', '2017-09-14 22:28:51', NULL, NULL, NULL, 1),
	(2681, 175, 772, NULL, 'REGULAR', '2017-09-14 22:28:51', NULL, NULL, NULL, 1),
	(2682, 186, 773, NULL, 'REGULAR', '2017-09-14 22:28:51', NULL, NULL, NULL, 1),
	(2683, 169, 773, NULL, 'REGULAR', '2017-09-14 22:28:51', NULL, NULL, NULL, 1),
	(2684, 188, 773, NULL, 'REGULAR', '2017-09-14 22:28:51', NULL, NULL, NULL, 1),
	(2685, 186, 774, NULL, 'REGULAR', '2017-09-14 22:28:51', NULL, NULL, NULL, 1),
	(2686, 169, 774, NULL, 'REGULAR', '2017-09-14 22:28:51', NULL, NULL, NULL, 1),
	(2687, 188, 774, NULL, 'REGULAR', '2017-09-14 22:28:51', NULL, NULL, NULL, 1),
	(2688, 110, 775, NULL, 'REGULAR', '2017-09-14 22:28:51', NULL, NULL, NULL, 1),
	(2689, 111, 775, NULL, 'REGULAR', '2017-09-14 22:28:51', NULL, NULL, NULL, 1),
	(2690, 112, 775, NULL, 'REGULAR', '2017-09-14 22:28:51', NULL, NULL, NULL, 1),
	(2691, 113, 775, NULL, 'REGULAR', '2017-09-14 22:28:51', NULL, NULL, NULL, 1),
	(2692, 114, 775, NULL, 'REGULAR', '2017-09-14 22:28:51', NULL, NULL, NULL, 1),
	(2693, 115, 775, NULL, 'REGULAR', '2017-09-14 22:28:51', NULL, NULL, NULL, 1),
	(2694, 116, 775, NULL, 'REGULAR', '2017-09-14 22:28:51', NULL, NULL, NULL, 1),
	(2695, 117, 775, NULL, 'REGULAR', '2017-09-14 22:28:51', NULL, NULL, NULL, 1),
	(2696, 118, 775, NULL, 'REGULAR', '2017-09-14 22:28:51', NULL, NULL, NULL, 1),
	(2697, 119, 775, NULL, 'REGULAR', '2017-09-14 22:28:51', NULL, NULL, NULL, 1),
	(2698, 110, 776, NULL, 'REGULAR', '2017-09-14 22:28:51', NULL, NULL, NULL, 1),
	(2699, 111, 776, NULL, 'REGULAR', '2017-09-14 22:28:51', NULL, NULL, NULL, 1),
	(2700, 112, 776, NULL, 'REGULAR', '2017-09-14 22:28:51', NULL, NULL, NULL, 1),
	(2701, 113, 776, NULL, 'REGULAR', '2017-09-14 22:28:51', NULL, NULL, NULL, 1),
	(2702, 114, 776, NULL, 'REGULAR', '2017-09-14 22:28:51', NULL, NULL, NULL, 1),
	(2703, 115, 776, NULL, 'REGULAR', '2017-09-14 22:28:51', NULL, NULL, NULL, 1),
	(2704, 116, 776, NULL, 'REGULAR', '2017-09-14 22:28:51', NULL, NULL, NULL, 1),
	(2705, 117, 776, NULL, 'REGULAR', '2017-09-14 22:28:51', NULL, NULL, NULL, 1),
	(2706, 118, 776, NULL, 'REGULAR', '2017-09-14 22:28:51', NULL, NULL, NULL, 1),
	(2707, 119, 776, NULL, 'REGULAR', '2017-09-14 22:28:51', NULL, NULL, NULL, 1),
	(2708, 130, 777, NULL, 'REGULAR', '2017-09-14 22:28:51', NULL, NULL, NULL, 1),
	(2709, 131, 777, NULL, 'REGULAR', '2017-09-14 22:28:51', NULL, NULL, NULL, 1),
	(2710, 172, 777, NULL, 'REGULAR', '2017-09-14 22:28:51', NULL, NULL, NULL, 1),
	(2711, 126, 777, NULL, 'REGULAR', '2017-09-14 22:28:51', NULL, NULL, NULL, 1),
	(2712, 133, 777, NULL, 'REGULAR', '2017-09-14 22:28:51', NULL, NULL, NULL, 1),
	(2713, 134, 777, NULL, 'REGULAR', '2017-09-14 22:28:51', NULL, NULL, NULL, 1),
	(2714, 135, 777, NULL, 'REGULAR', '2017-09-14 22:28:51', NULL, NULL, NULL, 1),
	(2715, 137, 777, NULL, 'REGULAR', '2017-09-14 22:28:51', NULL, NULL, NULL, 1),
	(2716, 130, 778, NULL, 'REGULAR', '2017-09-14 22:28:51', NULL, NULL, NULL, 1),
	(2717, 131, 778, NULL, 'REGULAR', '2017-09-14 22:28:51', NULL, NULL, NULL, 1),
	(2718, 172, 778, NULL, 'REGULAR', '2017-09-14 22:28:51', NULL, NULL, NULL, 1),
	(2719, 126, 778, NULL, 'REGULAR', '2017-09-14 22:28:51', NULL, NULL, NULL, 1),
	(2720, 133, 778, NULL, 'REGULAR', '2017-09-14 22:28:51', NULL, NULL, NULL, 1),
	(2721, 134, 778, NULL, 'REGULAR', '2017-09-14 22:28:51', NULL, NULL, NULL, 1),
	(2722, 135, 778, NULL, 'REGULAR', '2017-09-14 22:28:51', NULL, NULL, NULL, 1),
	(2723, 137, 778, NULL, 'REGULAR', '2017-09-14 22:28:51', NULL, NULL, NULL, 1),
	(2724, 174, 779, NULL, 'REGULAR', '2017-09-14 22:28:51', NULL, NULL, NULL, 1),
	(2725, 152, 779, NULL, 'REGULAR', '2017-09-14 22:28:51', NULL, NULL, NULL, 1),
	(2726, 176, 779, NULL, 'REGULAR', '2017-09-14 22:28:51', NULL, NULL, NULL, 1),
	(2727, 154, 779, NULL, 'REGULAR', '2017-09-14 22:28:51', NULL, NULL, NULL, 1),
	(2728, 177, 779, NULL, 'REGULAR', '2017-09-14 22:28:51', NULL, NULL, NULL, 1),
	(2729, 156, 779, NULL, 'REGULAR', '2017-09-14 22:28:51', NULL, NULL, NULL, 1),
	(2730, 157, 779, NULL, 'REGULAR', '2017-09-14 22:28:51', NULL, NULL, NULL, 1),
	(2731, 179, 779, NULL, 'REGULAR', '2017-09-14 22:28:51', NULL, NULL, NULL, 1),
	(2732, 175, 779, NULL, 'REGULAR', '2017-09-14 22:28:51', NULL, NULL, NULL, 1),
	(2733, 174, 780, NULL, 'REGULAR', '2017-09-14 22:28:51', NULL, NULL, NULL, 1),
	(2734, 152, 780, NULL, 'REGULAR', '2017-09-14 22:28:51', NULL, NULL, NULL, 1),
	(2735, 176, 780, NULL, 'REGULAR', '2017-09-14 22:28:51', NULL, NULL, NULL, 1),
	(2736, 154, 780, NULL, 'REGULAR', '2017-09-14 22:28:51', NULL, NULL, NULL, 1),
	(2737, 177, 780, NULL, 'REGULAR', '2017-09-14 22:28:51', NULL, NULL, NULL, 1),
	(2738, 156, 780, NULL, 'REGULAR', '2017-09-14 22:28:51', NULL, NULL, NULL, 1),
	(2739, 157, 780, NULL, 'REGULAR', '2017-09-14 22:28:51', NULL, NULL, NULL, 1),
	(2740, 179, 780, NULL, 'REGULAR', '2017-09-14 22:28:51', NULL, NULL, NULL, 1),
	(2741, 175, 780, NULL, 'REGULAR', '2017-09-14 22:28:51', NULL, NULL, NULL, 1),
	(2742, 186, 781, NULL, 'REGULAR', '2017-09-14 22:28:51', NULL, NULL, NULL, 1),
	(2743, 169, 781, NULL, 'REGULAR', '2017-09-14 22:28:51', NULL, NULL, NULL, 1),
	(2744, 188, 781, NULL, 'REGULAR', '2017-09-14 22:28:51', NULL, NULL, NULL, 1),
	(2745, 186, 782, NULL, 'REGULAR', '2017-09-14 22:28:51', NULL, NULL, NULL, 1),
	(2746, 169, 782, NULL, 'REGULAR', '2017-09-14 22:28:51', NULL, NULL, NULL, 1),
	(2747, 188, 782, NULL, 'REGULAR', '2017-09-14 22:28:51', NULL, NULL, NULL, 1),
	(2748, 110, 783, NULL, 'REGULAR', '2017-09-14 22:28:51', NULL, NULL, NULL, 1),
	(2749, 111, 783, NULL, 'REGULAR', '2017-09-14 22:28:51', NULL, NULL, NULL, 1),
	(2750, 112, 783, NULL, 'REGULAR', '2017-09-14 22:28:51', NULL, NULL, NULL, 1),
	(2751, 113, 783, NULL, 'REGULAR', '2017-09-14 22:28:51', NULL, NULL, NULL, 1),
	(2752, 114, 783, NULL, 'REGULAR', '2017-09-14 22:28:51', NULL, NULL, NULL, 1),
	(2753, 115, 783, NULL, 'REGULAR', '2017-09-14 22:28:51', NULL, NULL, NULL, 1),
	(2754, 116, 783, NULL, 'REGULAR', '2017-09-14 22:28:51', NULL, NULL, NULL, 1),
	(2755, 117, 783, NULL, 'REGULAR', '2017-09-14 22:28:51', NULL, NULL, NULL, 1),
	(2756, 118, 783, NULL, 'REGULAR', '2017-09-14 22:28:51', NULL, NULL, NULL, 1),
	(2757, 119, 783, NULL, 'REGULAR', '2017-09-14 22:28:51', NULL, NULL, NULL, 1),
	(2758, 110, 784, NULL, 'REGULAR', '2017-09-14 22:28:51', NULL, NULL, NULL, 1),
	(2759, 111, 784, NULL, 'REGULAR', '2017-09-14 22:28:51', NULL, NULL, NULL, 1),
	(2760, 112, 784, NULL, 'REGULAR', '2017-09-14 22:28:51', NULL, NULL, NULL, 1),
	(2761, 113, 784, NULL, 'REGULAR', '2017-09-14 22:28:51', NULL, NULL, NULL, 1),
	(2762, 114, 784, NULL, 'REGULAR', '2017-09-14 22:28:51', NULL, NULL, NULL, 1),
	(2763, 115, 784, NULL, 'REGULAR', '2017-09-14 22:28:51', NULL, NULL, NULL, 1),
	(2764, 116, 784, NULL, 'REGULAR', '2017-09-14 22:28:51', NULL, NULL, NULL, 1),
	(2765, 117, 784, NULL, 'REGULAR', '2017-09-14 22:28:51', NULL, NULL, NULL, 1),
	(2766, 118, 784, NULL, 'REGULAR', '2017-09-14 22:28:51', NULL, NULL, NULL, 1),
	(2767, 119, 784, NULL, 'REGULAR', '2017-09-14 22:28:51', NULL, NULL, NULL, 1),
	(2768, 130, 785, NULL, 'REGULAR', '2017-09-14 22:28:51', NULL, NULL, NULL, 1),
	(2769, 131, 785, NULL, 'REGULAR', '2017-09-14 22:28:51', NULL, NULL, NULL, 1),
	(2770, 172, 785, NULL, 'REGULAR', '2017-09-14 22:28:51', NULL, NULL, NULL, 1),
	(2771, 126, 785, NULL, 'REGULAR', '2017-09-14 22:28:51', NULL, NULL, NULL, 1),
	(2772, 133, 785, NULL, 'REGULAR', '2017-09-14 22:28:51', NULL, NULL, NULL, 1),
	(2773, 134, 785, NULL, 'REGULAR', '2017-09-14 22:28:51', NULL, NULL, NULL, 1),
	(2774, 135, 785, NULL, 'REGULAR', '2017-09-14 22:28:51', NULL, NULL, NULL, 1),
	(2775, 137, 785, NULL, 'REGULAR', '2017-09-14 22:28:51', NULL, NULL, NULL, 1),
	(2776, 130, 786, NULL, 'REGULAR', '2017-09-14 22:28:51', NULL, NULL, NULL, 1),
	(2777, 131, 786, NULL, 'REGULAR', '2017-09-14 22:28:51', NULL, NULL, NULL, 1),
	(2778, 172, 786, NULL, 'REGULAR', '2017-09-14 22:28:51', NULL, NULL, NULL, 1),
	(2779, 126, 786, NULL, 'REGULAR', '2017-09-14 22:28:51', NULL, NULL, NULL, 1),
	(2780, 133, 786, NULL, 'REGULAR', '2017-09-14 22:28:51', NULL, NULL, NULL, 1),
	(2781, 134, 786, NULL, 'REGULAR', '2017-09-14 22:28:51', NULL, NULL, NULL, 1),
	(2782, 135, 786, NULL, 'REGULAR', '2017-09-14 22:28:51', NULL, NULL, NULL, 1),
	(2783, 137, 786, NULL, 'REGULAR', '2017-09-14 22:28:51', NULL, NULL, NULL, 1),
	(2784, 174, 787, NULL, 'REGULAR', '2017-09-14 22:28:51', NULL, NULL, NULL, 1),
	(2785, 152, 787, NULL, 'REGULAR', '2017-09-14 22:28:51', NULL, NULL, NULL, 1),
	(2786, 176, 787, NULL, 'REGULAR', '2017-09-14 22:28:51', NULL, NULL, NULL, 1),
	(2787, 154, 787, NULL, 'REGULAR', '2017-09-14 22:28:51', NULL, NULL, NULL, 1),
	(2788, 177, 787, NULL, 'REGULAR', '2017-09-14 22:28:51', NULL, NULL, NULL, 1),
	(2789, 156, 787, NULL, 'REGULAR', '2017-09-14 22:28:51', NULL, NULL, NULL, 1),
	(2790, 157, 787, NULL, 'REGULAR', '2017-09-14 22:28:51', NULL, NULL, NULL, 1),
	(2791, 179, 787, NULL, 'REGULAR', '2017-09-14 22:28:51', NULL, NULL, NULL, 1),
	(2792, 175, 787, NULL, 'REGULAR', '2017-09-14 22:28:51', NULL, NULL, NULL, 1),
	(2793, 174, 788, NULL, 'REGULAR', '2017-09-14 22:28:51', NULL, NULL, NULL, 1),
	(2794, 152, 788, NULL, 'REGULAR', '2017-09-14 22:28:51', NULL, NULL, NULL, 1),
	(2795, 176, 788, NULL, 'REGULAR', '2017-09-14 22:28:51', NULL, NULL, NULL, 1),
	(2796, 154, 788, NULL, 'REGULAR', '2017-09-14 22:28:51', NULL, NULL, NULL, 1),
	(2797, 177, 788, NULL, 'REGULAR', '2017-09-14 22:28:51', NULL, NULL, NULL, 1),
	(2798, 156, 788, NULL, 'REGULAR', '2017-09-14 22:28:51', NULL, NULL, NULL, 1),
	(2799, 157, 788, NULL, 'REGULAR', '2017-09-14 22:28:51', NULL, NULL, NULL, 1),
	(2800, 179, 788, NULL, 'REGULAR', '2017-09-14 22:28:51', NULL, NULL, NULL, 1),
	(2801, 175, 788, NULL, 'REGULAR', '2017-09-14 22:28:51', NULL, NULL, NULL, 1),
	(2802, 186, 789, NULL, 'REGULAR', '2017-09-14 22:28:51', NULL, NULL, NULL, 1),
	(2803, 169, 789, NULL, 'REGULAR', '2017-09-14 22:28:51', NULL, NULL, NULL, 1),
	(2804, 188, 789, NULL, 'REGULAR', '2017-09-14 22:28:51', NULL, NULL, NULL, 1),
	(2805, 186, 790, NULL, 'REGULAR', '2017-09-14 22:28:51', NULL, NULL, NULL, 1),
	(2806, 169, 790, NULL, 'REGULAR', '2017-09-14 22:28:51', NULL, NULL, NULL, 1),
	(2807, 188, 790, NULL, 'REGULAR', '2017-09-14 22:28:51', NULL, NULL, NULL, 1),
	(2808, 110, 791, NULL, 'REGULAR', '2017-09-14 22:28:51', NULL, NULL, NULL, 1),
	(2809, 111, 791, NULL, 'REGULAR', '2017-09-14 22:28:51', NULL, NULL, NULL, 1),
	(2810, 112, 791, NULL, 'REGULAR', '2017-09-14 22:28:51', NULL, NULL, NULL, 1),
	(2811, 113, 791, NULL, 'REGULAR', '2017-09-14 22:28:51', NULL, NULL, NULL, 1),
	(2812, 114, 791, NULL, 'REGULAR', '2017-09-14 22:28:51', NULL, NULL, NULL, 1),
	(2813, 115, 791, NULL, 'REGULAR', '2017-09-14 22:28:51', NULL, NULL, NULL, 1),
	(2814, 116, 791, NULL, 'REGULAR', '2017-09-14 22:28:51', NULL, NULL, NULL, 1),
	(2815, 117, 791, NULL, 'REGULAR', '2017-09-14 22:28:51', NULL, NULL, NULL, 1),
	(2816, 118, 791, NULL, 'REGULAR', '2017-09-14 22:28:51', NULL, NULL, NULL, 1),
	(2817, 119, 791, NULL, 'REGULAR', '2017-09-14 22:28:51', NULL, NULL, NULL, 1),
	(2818, 110, 792, NULL, 'REGULAR', '2017-09-14 22:28:51', NULL, NULL, NULL, 1),
	(2819, 111, 792, NULL, 'REGULAR', '2017-09-14 22:28:51', NULL, NULL, NULL, 1),
	(2820, 112, 792, NULL, 'REGULAR', '2017-09-14 22:28:51', NULL, NULL, NULL, 1),
	(2821, 113, 792, NULL, 'REGULAR', '2017-09-14 22:28:51', NULL, NULL, NULL, 1),
	(2822, 114, 792, NULL, 'REGULAR', '2017-09-14 22:28:51', NULL, NULL, NULL, 1),
	(2823, 115, 792, NULL, 'REGULAR', '2017-09-14 22:28:51', NULL, NULL, NULL, 1),
	(2824, 116, 792, NULL, 'REGULAR', '2017-09-14 22:28:51', NULL, NULL, NULL, 1),
	(2825, 117, 792, NULL, 'REGULAR', '2017-09-14 22:28:51', NULL, NULL, NULL, 1),
	(2826, 118, 792, NULL, 'REGULAR', '2017-09-14 22:28:51', NULL, NULL, NULL, 1),
	(2827, 119, 792, NULL, 'REGULAR', '2017-09-14 22:28:51', NULL, NULL, NULL, 1),
	(2828, 130, 793, NULL, 'REGULAR', '2017-09-14 22:28:51', NULL, NULL, NULL, 1),
	(2829, 131, 793, NULL, 'REGULAR', '2017-09-14 22:28:51', NULL, NULL, NULL, 1),
	(2830, 172, 793, NULL, 'REGULAR', '2017-09-14 22:28:51', NULL, NULL, NULL, 1),
	(2831, 126, 793, NULL, 'REGULAR', '2017-09-14 22:28:51', NULL, NULL, NULL, 1),
	(2832, 133, 793, NULL, 'REGULAR', '2017-09-14 22:28:51', NULL, NULL, NULL, 1),
	(2833, 134, 793, NULL, 'REGULAR', '2017-09-14 22:28:51', NULL, NULL, NULL, 1),
	(2834, 135, 793, NULL, 'REGULAR', '2017-09-14 22:28:51', NULL, NULL, NULL, 1),
	(2835, 137, 793, NULL, 'REGULAR', '2017-09-14 22:28:51', NULL, NULL, NULL, 1),
	(2836, 130, 794, NULL, 'REGULAR', '2017-09-14 22:28:51', NULL, NULL, NULL, 1),
	(2837, 131, 794, NULL, 'REGULAR', '2017-09-14 22:28:51', NULL, NULL, NULL, 1),
	(2838, 172, 794, NULL, 'REGULAR', '2017-09-14 22:28:51', NULL, NULL, NULL, 1),
	(2839, 126, 794, NULL, 'REGULAR', '2017-09-14 22:28:51', NULL, NULL, NULL, 1),
	(2840, 133, 794, NULL, 'REGULAR', '2017-09-14 22:28:51', NULL, NULL, NULL, 1),
	(2841, 134, 794, NULL, 'REGULAR', '2017-09-14 22:28:51', NULL, NULL, NULL, 1),
	(2842, 135, 794, NULL, 'REGULAR', '2017-09-14 22:28:51', NULL, NULL, NULL, 1),
	(2843, 137, 794, NULL, 'REGULAR', '2017-09-14 22:28:51', NULL, NULL, NULL, 1),
	(2844, 174, 795, NULL, 'REGULAR', '2017-09-14 22:28:51', NULL, NULL, NULL, 1),
	(2845, 152, 795, NULL, 'REGULAR', '2017-09-14 22:28:51', NULL, NULL, NULL, 1),
	(2846, 176, 795, NULL, 'REGULAR', '2017-09-14 22:28:51', NULL, NULL, NULL, 1),
	(2847, 154, 795, NULL, 'REGULAR', '2017-09-14 22:28:51', NULL, NULL, NULL, 1),
	(2848, 177, 795, NULL, 'REGULAR', '2017-09-14 22:28:51', NULL, NULL, NULL, 1),
	(2849, 156, 795, NULL, 'REGULAR', '2017-09-14 22:28:51', NULL, NULL, NULL, 1),
	(2850, 157, 795, NULL, 'REGULAR', '2017-09-14 22:28:51', NULL, NULL, NULL, 1),
	(2851, 179, 795, NULL, 'REGULAR', '2017-09-14 22:28:51', NULL, NULL, NULL, 1),
	(2852, 175, 795, NULL, 'REGULAR', '2017-09-14 22:28:51', NULL, NULL, NULL, 1),
	(2853, 174, 796, NULL, 'REGULAR', '2017-09-14 22:28:51', NULL, NULL, NULL, 1),
	(2854, 152, 796, NULL, 'REGULAR', '2017-09-14 22:28:51', NULL, NULL, NULL, 1),
	(2855, 176, 796, NULL, 'REGULAR', '2017-09-14 22:28:51', NULL, NULL, NULL, 1),
	(2856, 154, 796, NULL, 'REGULAR', '2017-09-14 22:28:51', NULL, NULL, NULL, 1),
	(2857, 177, 796, NULL, 'REGULAR', '2017-09-14 22:28:51', NULL, NULL, NULL, 1),
	(2858, 156, 796, NULL, 'REGULAR', '2017-09-14 22:28:51', NULL, NULL, NULL, 1),
	(2859, 157, 796, NULL, 'REGULAR', '2017-09-14 22:28:51', NULL, NULL, NULL, 1),
	(2860, 179, 796, NULL, 'REGULAR', '2017-09-14 22:28:51', NULL, NULL, NULL, 1),
	(2861, 175, 796, NULL, 'REGULAR', '2017-09-14 22:28:51', NULL, NULL, NULL, 1),
	(2862, 186, 797, NULL, 'REGULAR', '2017-09-14 22:28:51', NULL, NULL, NULL, 1),
	(2863, 169, 797, NULL, 'REGULAR', '2017-09-14 22:28:51', NULL, NULL, NULL, 1),
	(2864, 188, 797, NULL, 'REGULAR', '2017-09-14 22:28:51', NULL, NULL, NULL, 1),
	(2865, 186, 798, NULL, 'REGULAR', '2017-09-14 22:28:51', NULL, NULL, NULL, 1),
	(2866, 169, 798, NULL, 'REGULAR', '2017-09-14 22:28:51', NULL, NULL, NULL, 1),
	(2867, 188, 798, NULL, 'REGULAR', '2017-09-14 22:28:51', NULL, NULL, NULL, 1),
	(2868, 110, 799, NULL, 'REGULAR', '2017-09-14 22:28:51', NULL, NULL, NULL, 1),
	(2869, 111, 799, NULL, 'REGULAR', '2017-09-14 22:28:51', NULL, NULL, NULL, 1),
	(2870, 112, 799, NULL, 'REGULAR', '2017-09-14 22:28:51', NULL, NULL, NULL, 1),
	(2871, 113, 799, NULL, 'REGULAR', '2017-09-14 22:28:51', NULL, NULL, NULL, 1),
	(2872, 114, 799, NULL, 'REGULAR', '2017-09-14 22:28:51', NULL, NULL, NULL, 1),
	(2873, 115, 799, NULL, 'REGULAR', '2017-09-14 22:28:51', NULL, NULL, NULL, 1),
	(2874, 116, 799, NULL, 'REGULAR', '2017-09-14 22:28:51', NULL, NULL, NULL, 1),
	(2875, 117, 799, NULL, 'REGULAR', '2017-09-14 22:28:51', NULL, NULL, NULL, 1),
	(2876, 118, 799, NULL, 'REGULAR', '2017-09-14 22:28:51', NULL, NULL, NULL, 1),
	(2877, 119, 799, NULL, 'REGULAR', '2017-09-14 22:28:51', NULL, NULL, NULL, 1),
	(2878, 110, 800, NULL, 'REGULAR', '2017-09-14 22:28:51', NULL, NULL, NULL, 1),
	(2879, 111, 800, NULL, 'REGULAR', '2017-09-14 22:28:51', NULL, NULL, NULL, 1),
	(2880, 112, 800, NULL, 'REGULAR', '2017-09-14 22:28:51', NULL, NULL, NULL, 1),
	(2881, 113, 800, NULL, 'REGULAR', '2017-09-14 22:28:51', NULL, NULL, NULL, 1),
	(2882, 114, 800, NULL, 'REGULAR', '2017-09-14 22:28:51', NULL, NULL, NULL, 1),
	(2883, 115, 800, NULL, 'REGULAR', '2017-09-14 22:28:51', NULL, NULL, NULL, 1),
	(2884, 116, 800, NULL, 'REGULAR', '2017-09-14 22:28:51', NULL, NULL, NULL, 1),
	(2885, 117, 800, NULL, 'REGULAR', '2017-09-14 22:28:51', NULL, NULL, NULL, 1),
	(2886, 118, 800, NULL, 'REGULAR', '2017-09-14 22:28:51', NULL, NULL, NULL, 1),
	(2887, 119, 800, NULL, 'REGULAR', '2017-09-14 22:28:51', NULL, NULL, NULL, 1),
	(2888, 130, 801, NULL, 'REGULAR', '2017-09-14 22:28:51', NULL, NULL, NULL, 1),
	(2889, 131, 801, NULL, 'REGULAR', '2017-09-14 22:28:51', NULL, NULL, NULL, 1),
	(2890, 172, 801, NULL, 'REGULAR', '2017-09-14 22:28:51', NULL, NULL, NULL, 1),
	(2891, 126, 801, NULL, 'REGULAR', '2017-09-14 22:28:51', NULL, NULL, NULL, 1),
	(2892, 133, 801, NULL, 'REGULAR', '2017-09-14 22:28:51', NULL, NULL, NULL, 1),
	(2893, 134, 801, NULL, 'REGULAR', '2017-09-14 22:28:51', NULL, NULL, NULL, 1),
	(2894, 135, 801, NULL, 'REGULAR', '2017-09-14 22:28:51', NULL, NULL, NULL, 1),
	(2895, 137, 801, NULL, 'REGULAR', '2017-09-14 22:28:51', NULL, NULL, NULL, 1),
	(2896, 130, 802, NULL, 'REGULAR', '2017-09-14 22:28:51', NULL, NULL, NULL, 1),
	(2897, 131, 802, NULL, 'REGULAR', '2017-09-14 22:28:51', NULL, NULL, NULL, 1),
	(2898, 172, 802, NULL, 'REGULAR', '2017-09-14 22:28:51', NULL, NULL, NULL, 1),
	(2899, 126, 802, NULL, 'REGULAR', '2017-09-14 22:28:51', NULL, NULL, NULL, 1),
	(2900, 133, 802, NULL, 'REGULAR', '2017-09-14 22:28:51', NULL, NULL, NULL, 1),
	(2901, 134, 802, NULL, 'REGULAR', '2017-09-14 22:28:51', NULL, NULL, NULL, 1),
	(2902, 135, 802, NULL, 'REGULAR', '2017-09-14 22:28:51', NULL, NULL, NULL, 1),
	(2903, 137, 802, NULL, 'REGULAR', '2017-09-14 22:28:51', NULL, NULL, NULL, 1),
	(2904, 174, 803, NULL, 'REGULAR', '2017-09-14 22:28:51', NULL, NULL, NULL, 1),
	(2905, 152, 803, NULL, 'REGULAR', '2017-09-14 22:28:51', NULL, NULL, NULL, 1),
	(2906, 176, 803, NULL, 'REGULAR', '2017-09-14 22:28:51', NULL, NULL, NULL, 1),
	(2907, 154, 803, NULL, 'REGULAR', '2017-09-14 22:28:51', NULL, NULL, NULL, 1),
	(2908, 177, 803, NULL, 'REGULAR', '2017-09-14 22:28:51', NULL, NULL, NULL, 1),
	(2909, 156, 803, NULL, 'REGULAR', '2017-09-14 22:28:51', NULL, NULL, NULL, 1),
	(2910, 157, 803, NULL, 'REGULAR', '2017-09-14 22:28:51', NULL, NULL, NULL, 1),
	(2911, 179, 803, NULL, 'REGULAR', '2017-09-14 22:28:51', NULL, NULL, NULL, 1),
	(2912, 175, 803, NULL, 'REGULAR', '2017-09-14 22:28:51', NULL, NULL, NULL, 1),
	(2913, 174, 804, NULL, 'REGULAR', '2017-09-14 22:28:51', NULL, NULL, NULL, 1),
	(2914, 152, 804, NULL, 'REGULAR', '2017-09-14 22:28:51', NULL, NULL, NULL, 1),
	(2915, 176, 804, NULL, 'REGULAR', '2017-09-14 22:28:51', NULL, NULL, NULL, 1),
	(2916, 154, 804, NULL, 'REGULAR', '2017-09-14 22:28:51', NULL, NULL, NULL, 1),
	(2917, 177, 804, NULL, 'REGULAR', '2017-09-14 22:28:51', NULL, NULL, NULL, 1),
	(2918, 156, 804, NULL, 'REGULAR', '2017-09-14 22:28:52', NULL, NULL, NULL, 1),
	(2919, 157, 804, NULL, 'REGULAR', '2017-09-14 22:28:52', NULL, NULL, NULL, 1),
	(2920, 179, 804, NULL, 'REGULAR', '2017-09-14 22:28:52', NULL, NULL, NULL, 1),
	(2921, 175, 804, NULL, 'REGULAR', '2017-09-14 22:28:52', NULL, NULL, NULL, 1),
	(2922, 186, 805, NULL, 'REGULAR', '2017-09-14 22:28:52', NULL, NULL, NULL, 1),
	(2923, 169, 805, NULL, 'REGULAR', '2017-09-14 22:28:52', NULL, NULL, NULL, 1),
	(2924, 188, 805, NULL, 'REGULAR', '2017-09-14 22:28:52', NULL, NULL, NULL, 1),
	(2925, 186, 806, NULL, 'REGULAR', '2017-09-14 22:28:52', NULL, NULL, NULL, 1),
	(2926, 169, 806, NULL, 'REGULAR', '2017-09-14 22:28:52', NULL, NULL, NULL, 1),
	(2927, 188, 806, NULL, 'REGULAR', '2017-09-14 22:28:52', NULL, NULL, NULL, 1),
	(2928, 110, 807, NULL, 'REGULAR', '2017-09-14 22:28:52', NULL, NULL, NULL, 1),
	(2929, 111, 807, NULL, 'REGULAR', '2017-09-14 22:28:52', NULL, NULL, NULL, 1),
	(2930, 112, 807, NULL, 'REGULAR', '2017-09-14 22:28:52', NULL, NULL, NULL, 1),
	(2931, 113, 807, NULL, 'REGULAR', '2017-09-14 22:28:52', NULL, NULL, NULL, 1),
	(2932, 114, 807, NULL, 'REGULAR', '2017-09-14 22:28:52', NULL, NULL, NULL, 1),
	(2933, 115, 807, NULL, 'REGULAR', '2017-09-14 22:28:52', NULL, NULL, NULL, 1),
	(2934, 116, 807, NULL, 'REGULAR', '2017-09-14 22:28:52', NULL, NULL, NULL, 1),
	(2935, 117, 807, NULL, 'REGULAR', '2017-09-14 22:28:52', NULL, NULL, NULL, 1),
	(2936, 118, 807, NULL, 'REGULAR', '2017-09-14 22:28:52', NULL, NULL, NULL, 1),
	(2937, 119, 807, NULL, 'REGULAR', '2017-09-14 22:28:52', NULL, NULL, NULL, 1),
	(2938, 110, 808, NULL, 'REGULAR', '2017-09-14 22:28:52', NULL, NULL, NULL, 1),
	(2939, 111, 808, NULL, 'REGULAR', '2017-09-14 22:28:52', NULL, NULL, NULL, 1),
	(2940, 112, 808, NULL, 'REGULAR', '2017-09-14 22:28:52', NULL, NULL, NULL, 1),
	(2941, 113, 808, NULL, 'REGULAR', '2017-09-14 22:28:52', NULL, NULL, NULL, 1),
	(2942, 114, 808, NULL, 'REGULAR', '2017-09-14 22:28:52', NULL, NULL, NULL, 1),
	(2943, 115, 808, NULL, 'REGULAR', '2017-09-14 22:28:52', NULL, NULL, NULL, 1),
	(2944, 116, 808, NULL, 'REGULAR', '2017-09-14 22:28:52', NULL, NULL, NULL, 1),
	(2945, 117, 808, NULL, 'REGULAR', '2017-09-14 22:28:52', NULL, NULL, NULL, 1),
	(2946, 118, 808, NULL, 'REGULAR', '2017-09-14 22:28:52', NULL, NULL, NULL, 1),
	(2947, 119, 808, NULL, 'REGULAR', '2017-09-14 22:28:52', NULL, NULL, NULL, 1),
	(2948, 130, 809, NULL, 'REGULAR', '2017-09-14 22:28:52', NULL, NULL, NULL, 1),
	(2949, 131, 809, NULL, 'REGULAR', '2017-09-14 22:28:52', NULL, NULL, NULL, 1),
	(2950, 172, 809, NULL, 'REGULAR', '2017-09-14 22:28:52', NULL, NULL, NULL, 1),
	(2951, 126, 809, NULL, 'REGULAR', '2017-09-14 22:28:52', NULL, NULL, NULL, 1),
	(2952, 133, 809, NULL, 'REGULAR', '2017-09-14 22:28:52', NULL, NULL, NULL, 1),
	(2953, 134, 809, NULL, 'REGULAR', '2017-09-14 22:28:52', NULL, NULL, NULL, 1),
	(2954, 135, 809, NULL, 'REGULAR', '2017-09-14 22:28:52', NULL, NULL, NULL, 1),
	(2955, 137, 809, NULL, 'REGULAR', '2017-09-14 22:28:52', NULL, NULL, NULL, 1),
	(2956, 130, 810, NULL, 'REGULAR', '2017-09-14 22:28:52', NULL, NULL, NULL, 1),
	(2957, 131, 810, NULL, 'REGULAR', '2017-09-14 22:28:52', NULL, NULL, NULL, 1),
	(2958, 172, 810, NULL, 'REGULAR', '2017-09-14 22:28:52', NULL, NULL, NULL, 1),
	(2959, 126, 810, NULL, 'REGULAR', '2017-09-14 22:28:52', NULL, NULL, NULL, 1),
	(2960, 133, 810, NULL, 'REGULAR', '2017-09-14 22:28:52', NULL, NULL, NULL, 1),
	(2961, 134, 810, NULL, 'REGULAR', '2017-09-14 22:28:52', NULL, NULL, NULL, 1),
	(2962, 135, 810, NULL, 'REGULAR', '2017-09-14 22:28:52', NULL, NULL, NULL, 1),
	(2963, 137, 810, NULL, 'REGULAR', '2017-09-14 22:28:52', NULL, NULL, NULL, 1),
	(2964, 174, 811, NULL, 'REGULAR', '2017-09-14 22:28:52', NULL, NULL, NULL, 1),
	(2965, 152, 811, NULL, 'REGULAR', '2017-09-14 22:28:52', NULL, NULL, NULL, 1),
	(2966, 176, 811, NULL, 'REGULAR', '2017-09-14 22:28:52', NULL, NULL, NULL, 1),
	(2967, 154, 811, NULL, 'REGULAR', '2017-09-14 22:28:52', NULL, NULL, NULL, 1),
	(2968, 177, 811, NULL, 'REGULAR', '2017-09-14 22:28:52', NULL, NULL, NULL, 1),
	(2969, 156, 811, NULL, 'REGULAR', '2017-09-14 22:28:52', NULL, NULL, NULL, 1),
	(2970, 157, 811, NULL, 'REGULAR', '2017-09-14 22:28:52', NULL, NULL, NULL, 1),
	(2971, 179, 811, NULL, 'REGULAR', '2017-09-14 22:28:52', NULL, NULL, NULL, 1),
	(2972, 175, 811, NULL, 'REGULAR', '2017-09-14 22:28:52', NULL, NULL, NULL, 1),
	(2973, 174, 812, NULL, 'REGULAR', '2017-09-14 22:28:52', NULL, NULL, NULL, 1),
	(2974, 152, 812, NULL, 'REGULAR', '2017-09-14 22:28:52', NULL, NULL, NULL, 1),
	(2975, 176, 812, NULL, 'REGULAR', '2017-09-14 22:28:52', NULL, NULL, NULL, 1),
	(2976, 154, 812, NULL, 'REGULAR', '2017-09-14 22:28:52', NULL, NULL, NULL, 1),
	(2977, 177, 812, NULL, 'REGULAR', '2017-09-14 22:28:52', NULL, NULL, NULL, 1),
	(2978, 156, 812, NULL, 'REGULAR', '2017-09-14 22:28:52', NULL, NULL, NULL, 1),
	(2979, 157, 812, NULL, 'REGULAR', '2017-09-14 22:28:52', NULL, NULL, NULL, 1),
	(2980, 179, 812, NULL, 'REGULAR', '2017-09-14 22:28:52', NULL, NULL, NULL, 1),
	(2981, 175, 812, NULL, 'REGULAR', '2017-09-14 22:28:52', NULL, NULL, NULL, 1),
	(2982, 186, 813, NULL, 'REGULAR', '2017-09-14 22:28:52', NULL, NULL, NULL, 1),
	(2983, 169, 813, NULL, 'REGULAR', '2017-09-14 22:28:52', NULL, NULL, NULL, 1),
	(2984, 188, 813, NULL, 'REGULAR', '2017-09-14 22:28:52', NULL, NULL, NULL, 1),
	(2985, 186, 814, NULL, 'REGULAR', '2017-09-14 22:28:52', NULL, NULL, NULL, 1),
	(2986, 169, 814, NULL, 'REGULAR', '2017-09-14 22:28:52', NULL, NULL, NULL, 1),
	(2987, 188, 814, NULL, 'REGULAR', '2017-09-14 22:28:52', NULL, NULL, NULL, 1),
	(2988, 110, 815, NULL, 'REGULAR', '2017-09-14 22:28:52', NULL, NULL, NULL, 1),
	(2989, 111, 815, NULL, 'REGULAR', '2017-09-14 22:28:52', NULL, NULL, NULL, 1),
	(2990, 112, 815, NULL, 'REGULAR', '2017-09-14 22:28:52', NULL, NULL, NULL, 1),
	(2991, 113, 815, NULL, 'REGULAR', '2017-09-14 22:28:52', NULL, NULL, NULL, 1),
	(2992, 114, 815, NULL, 'REGULAR', '2017-09-14 22:28:52', NULL, NULL, NULL, 1),
	(2993, 115, 815, NULL, 'REGULAR', '2017-09-14 22:28:52', NULL, NULL, NULL, 1),
	(2994, 116, 815, NULL, 'REGULAR', '2017-09-14 22:28:52', NULL, NULL, NULL, 1),
	(2995, 117, 815, NULL, 'REGULAR', '2017-09-14 22:28:52', NULL, NULL, NULL, 1),
	(2996, 118, 815, NULL, 'REGULAR', '2017-09-14 22:28:52', NULL, NULL, NULL, 1),
	(2997, 119, 815, NULL, 'REGULAR', '2017-09-14 22:28:52', NULL, NULL, NULL, 1),
	(2998, 110, 816, NULL, 'REGULAR', '2017-09-14 22:28:52', NULL, NULL, NULL, 1),
	(2999, 111, 816, NULL, 'REGULAR', '2017-09-14 22:28:52', NULL, NULL, NULL, 1),
	(3000, 112, 816, NULL, 'REGULAR', '2017-09-14 22:28:52', NULL, NULL, NULL, 1),
	(3001, 113, 816, NULL, 'REGULAR', '2017-09-14 22:28:52', NULL, NULL, NULL, 1),
	(3002, 114, 816, NULL, 'REGULAR', '2017-09-14 22:28:52', NULL, NULL, NULL, 1),
	(3003, 115, 816, NULL, 'REGULAR', '2017-09-14 22:28:52', NULL, NULL, NULL, 1),
	(3004, 116, 816, NULL, 'REGULAR', '2017-09-14 22:28:52', NULL, NULL, NULL, 1),
	(3005, 117, 816, NULL, 'REGULAR', '2017-09-14 22:28:52', NULL, NULL, NULL, 1),
	(3006, 118, 816, NULL, 'REGULAR', '2017-09-14 22:28:52', NULL, NULL, NULL, 1),
	(3007, 119, 816, NULL, 'REGULAR', '2017-09-14 22:28:52', NULL, NULL, NULL, 1),
	(3008, 130, 817, NULL, 'REGULAR', '2017-09-14 22:28:52', NULL, NULL, NULL, 1),
	(3009, 131, 817, NULL, 'REGULAR', '2017-09-14 22:28:52', NULL, NULL, NULL, 1),
	(3010, 172, 817, NULL, 'REGULAR', '2017-09-14 22:28:52', NULL, NULL, NULL, 1),
	(3011, 126, 817, NULL, 'REGULAR', '2017-09-14 22:28:52', NULL, NULL, NULL, 1),
	(3012, 133, 817, NULL, 'REGULAR', '2017-09-14 22:28:52', NULL, NULL, NULL, 1),
	(3013, 134, 817, NULL, 'REGULAR', '2017-09-14 22:28:52', NULL, NULL, NULL, 1),
	(3014, 135, 817, NULL, 'REGULAR', '2017-09-14 22:28:52', NULL, NULL, NULL, 1),
	(3015, 137, 817, NULL, 'REGULAR', '2017-09-14 22:28:52', NULL, NULL, NULL, 1),
	(3016, 130, 818, NULL, 'REGULAR', '2017-09-14 22:28:52', NULL, NULL, NULL, 1),
	(3017, 131, 818, NULL, 'REGULAR', '2017-09-14 22:28:52', NULL, NULL, NULL, 1),
	(3018, 172, 818, NULL, 'REGULAR', '2017-09-14 22:28:52', NULL, NULL, NULL, 1),
	(3019, 126, 818, NULL, 'REGULAR', '2017-09-14 22:28:52', NULL, NULL, NULL, 1),
	(3020, 133, 818, NULL, 'REGULAR', '2017-09-14 22:28:52', NULL, NULL, NULL, 1),
	(3021, 134, 818, NULL, 'REGULAR', '2017-09-14 22:28:52', NULL, NULL, NULL, 1),
	(3022, 135, 818, NULL, 'REGULAR', '2017-09-14 22:28:52', NULL, NULL, NULL, 1),
	(3023, 137, 818, NULL, 'REGULAR', '2017-09-14 22:28:52', NULL, NULL, NULL, 1),
	(3024, 174, 819, NULL, 'REGULAR', '2017-09-14 22:28:52', NULL, NULL, NULL, 1),
	(3025, 152, 819, NULL, 'REGULAR', '2017-09-14 22:28:52', NULL, NULL, NULL, 1),
	(3026, 176, 819, NULL, 'REGULAR', '2017-09-14 22:28:52', NULL, NULL, NULL, 1),
	(3027, 154, 819, NULL, 'REGULAR', '2017-09-14 22:28:52', NULL, NULL, NULL, 1),
	(3028, 177, 819, NULL, 'REGULAR', '2017-09-14 22:28:52', NULL, NULL, NULL, 1),
	(3029, 156, 819, NULL, 'REGULAR', '2017-09-14 22:28:52', NULL, NULL, NULL, 1),
	(3030, 157, 819, NULL, 'REGULAR', '2017-09-14 22:28:52', NULL, NULL, NULL, 1),
	(3031, 179, 819, NULL, 'REGULAR', '2017-09-14 22:28:52', NULL, NULL, NULL, 1),
	(3032, 175, 819, NULL, 'REGULAR', '2017-09-14 22:28:52', NULL, NULL, NULL, 1),
	(3033, 174, 820, NULL, 'REGULAR', '2017-09-14 22:28:52', NULL, NULL, NULL, 1),
	(3034, 152, 820, NULL, 'REGULAR', '2017-09-14 22:28:52', NULL, NULL, NULL, 1),
	(3035, 176, 820, NULL, 'REGULAR', '2017-09-14 22:28:52', NULL, NULL, NULL, 1),
	(3036, 154, 820, NULL, 'REGULAR', '2017-09-14 22:28:52', NULL, NULL, NULL, 1),
	(3037, 177, 820, NULL, 'REGULAR', '2017-09-14 22:28:52', NULL, NULL, NULL, 1),
	(3038, 156, 820, NULL, 'REGULAR', '2017-09-14 22:28:52', NULL, NULL, NULL, 1),
	(3039, 157, 820, NULL, 'REGULAR', '2017-09-14 22:28:52', NULL, NULL, NULL, 1),
	(3040, 179, 820, NULL, 'REGULAR', '2017-09-14 22:28:52', NULL, NULL, NULL, 1),
	(3041, 175, 820, NULL, 'REGULAR', '2017-09-14 22:28:52', NULL, NULL, NULL, 1),
	(3042, 186, 821, NULL, 'REGULAR', '2017-09-14 22:28:52', NULL, NULL, NULL, 1),
	(3043, 169, 821, NULL, 'REGULAR', '2017-09-14 22:28:52', NULL, NULL, NULL, 1),
	(3044, 188, 821, NULL, 'REGULAR', '2017-09-14 22:28:52', NULL, NULL, NULL, 1),
	(3045, 186, 822, NULL, 'REGULAR', '2017-09-14 22:28:52', NULL, NULL, NULL, 1),
	(3046, 169, 822, NULL, 'REGULAR', '2017-09-14 22:28:52', NULL, NULL, NULL, 1),
	(3047, 188, 822, NULL, 'REGULAR', '2017-09-14 22:28:52', NULL, NULL, NULL, 1),
	(3048, 110, 823, NULL, 'REGULAR', '2017-09-14 22:28:52', NULL, NULL, NULL, 1),
	(3049, 111, 823, NULL, 'REGULAR', '2017-09-14 22:28:52', NULL, NULL, NULL, 1),
	(3050, 112, 823, NULL, 'REGULAR', '2017-09-14 22:28:52', NULL, NULL, NULL, 1),
	(3051, 113, 823, NULL, 'REGULAR', '2017-09-14 22:28:52', NULL, NULL, NULL, 1),
	(3052, 114, 823, NULL, 'REGULAR', '2017-09-14 22:28:52', NULL, NULL, NULL, 1),
	(3053, 115, 823, NULL, 'REGULAR', '2017-09-14 22:28:52', NULL, NULL, NULL, 1),
	(3054, 116, 823, NULL, 'REGULAR', '2017-09-14 22:28:52', NULL, NULL, NULL, 1),
	(3055, 117, 823, NULL, 'REGULAR', '2017-09-14 22:28:52', NULL, NULL, NULL, 1),
	(3056, 118, 823, NULL, 'REGULAR', '2017-09-14 22:28:52', NULL, NULL, NULL, 1),
	(3057, 119, 823, NULL, 'REGULAR', '2017-09-14 22:28:52', NULL, NULL, NULL, 1),
	(3058, 110, 824, NULL, 'REGULAR', '2017-09-14 22:28:52', NULL, NULL, NULL, 1),
	(3059, 111, 824, NULL, 'REGULAR', '2017-09-14 22:28:52', NULL, NULL, NULL, 1),
	(3060, 112, 824, NULL, 'REGULAR', '2017-09-14 22:28:52', NULL, NULL, NULL, 1),
	(3061, 113, 824, NULL, 'REGULAR', '2017-09-14 22:28:52', NULL, NULL, NULL, 1),
	(3062, 114, 824, NULL, 'REGULAR', '2017-09-14 22:28:52', NULL, NULL, NULL, 1),
	(3063, 115, 824, NULL, 'REGULAR', '2017-09-14 22:28:52', NULL, NULL, NULL, 1),
	(3064, 116, 824, NULL, 'REGULAR', '2017-09-14 22:28:52', NULL, NULL, NULL, 1),
	(3065, 117, 824, NULL, 'REGULAR', '2017-09-14 22:28:52', NULL, NULL, NULL, 1),
	(3066, 118, 824, NULL, 'REGULAR', '2017-09-14 22:28:52', NULL, NULL, NULL, 1),
	(3067, 119, 824, NULL, 'REGULAR', '2017-09-14 22:28:52', NULL, NULL, NULL, 1),
	(3068, 130, 825, NULL, 'REGULAR', '2017-09-14 22:28:52', NULL, NULL, NULL, 1),
	(3069, 131, 825, NULL, 'REGULAR', '2017-09-14 22:28:52', NULL, NULL, NULL, 1),
	(3070, 172, 825, NULL, 'REGULAR', '2017-09-14 22:28:52', NULL, NULL, NULL, 1),
	(3071, 126, 825, NULL, 'REGULAR', '2017-09-14 22:28:52', NULL, NULL, NULL, 1),
	(3072, 133, 825, NULL, 'REGULAR', '2017-09-14 22:28:52', NULL, NULL, NULL, 1),
	(3073, 134, 825, NULL, 'REGULAR', '2017-09-14 22:28:52', NULL, NULL, NULL, 1),
	(3074, 135, 825, NULL, 'REGULAR', '2017-09-14 22:28:52', NULL, NULL, NULL, 1),
	(3075, 137, 825, NULL, 'REGULAR', '2017-09-14 22:28:52', NULL, NULL, NULL, 1),
	(3076, 130, 826, NULL, 'REGULAR', '2017-09-14 22:28:52', NULL, NULL, NULL, 1),
	(3077, 131, 826, NULL, 'REGULAR', '2017-09-14 22:28:52', NULL, NULL, NULL, 1),
	(3078, 172, 826, NULL, 'REGULAR', '2017-09-14 22:28:52', NULL, NULL, NULL, 1),
	(3079, 126, 826, NULL, 'REGULAR', '2017-09-14 22:28:52', NULL, NULL, NULL, 1),
	(3080, 133, 826, NULL, 'REGULAR', '2017-09-14 22:28:52', NULL, NULL, NULL, 1),
	(3081, 134, 826, NULL, 'REGULAR', '2017-09-14 22:28:52', NULL, NULL, NULL, 1),
	(3082, 135, 826, NULL, 'REGULAR', '2017-09-14 22:28:52', NULL, NULL, NULL, 1),
	(3083, 137, 826, NULL, 'REGULAR', '2017-09-14 22:28:52', NULL, NULL, NULL, 1),
	(3084, 174, 827, NULL, 'REGULAR', '2017-09-14 22:28:52', NULL, NULL, NULL, 1),
	(3085, 152, 827, NULL, 'REGULAR', '2017-09-14 22:28:52', NULL, NULL, NULL, 1),
	(3086, 176, 827, NULL, 'REGULAR', '2017-09-14 22:28:52', NULL, NULL, NULL, 1),
	(3087, 154, 827, NULL, 'REGULAR', '2017-09-14 22:28:52', NULL, NULL, NULL, 1),
	(3088, 177, 827, NULL, 'REGULAR', '2017-09-14 22:28:52', NULL, NULL, NULL, 1),
	(3089, 156, 827, NULL, 'REGULAR', '2017-09-14 22:28:52', NULL, NULL, NULL, 1),
	(3090, 157, 827, NULL, 'REGULAR', '2017-09-14 22:28:52', NULL, NULL, NULL, 1),
	(3091, 179, 827, NULL, 'REGULAR', '2017-09-14 22:28:52', NULL, NULL, NULL, 1),
	(3092, 175, 827, NULL, 'REGULAR', '2017-09-14 22:28:52', NULL, NULL, NULL, 1),
	(3093, 174, 828, NULL, 'REGULAR', '2017-09-14 22:28:52', NULL, NULL, NULL, 1),
	(3094, 152, 828, NULL, 'REGULAR', '2017-09-14 22:28:52', NULL, NULL, NULL, 1),
	(3095, 176, 828, NULL, 'REGULAR', '2017-09-14 22:28:52', NULL, NULL, NULL, 1),
	(3096, 154, 828, NULL, 'REGULAR', '2017-09-14 22:28:52', NULL, NULL, NULL, 1),
	(3097, 177, 828, NULL, 'REGULAR', '2017-09-14 22:28:52', NULL, NULL, NULL, 1),
	(3098, 156, 828, NULL, 'REGULAR', '2017-09-14 22:28:52', NULL, NULL, NULL, 1),
	(3099, 157, 828, NULL, 'REGULAR', '2017-09-14 22:28:52', NULL, NULL, NULL, 1),
	(3100, 179, 828, NULL, 'REGULAR', '2017-09-14 22:28:52', NULL, NULL, NULL, 1),
	(3101, 175, 828, NULL, 'REGULAR', '2017-09-14 22:28:52', NULL, NULL, NULL, 1),
	(3102, 186, 829, NULL, 'REGULAR', '2017-09-14 22:28:52', NULL, NULL, NULL, 1),
	(3103, 169, 829, NULL, 'REGULAR', '2017-09-14 22:28:52', NULL, NULL, NULL, 1),
	(3104, 188, 829, NULL, 'REGULAR', '2017-09-14 22:28:52', NULL, NULL, NULL, 1),
	(3105, 186, 830, NULL, 'REGULAR', '2017-09-14 22:28:52', NULL, NULL, NULL, 1),
	(3106, 169, 830, NULL, 'REGULAR', '2017-09-14 22:28:52', NULL, NULL, NULL, 1),
	(3107, 188, 830, NULL, 'REGULAR', '2017-09-14 22:28:52', NULL, NULL, NULL, 1),
	(3108, 110, 831, NULL, 'REGULAR', '2017-09-14 22:28:52', NULL, NULL, NULL, 1),
	(3109, 111, 831, NULL, 'REGULAR', '2017-09-14 22:28:52', NULL, NULL, NULL, 1),
	(3110, 112, 831, NULL, 'REGULAR', '2017-09-14 22:28:52', NULL, NULL, NULL, 1),
	(3111, 113, 831, NULL, 'REGULAR', '2017-09-14 22:28:52', NULL, NULL, NULL, 1),
	(3112, 114, 831, NULL, 'REGULAR', '2017-09-14 22:28:52', NULL, NULL, NULL, 1),
	(3113, 115, 831, NULL, 'REGULAR', '2017-09-14 22:28:52', NULL, NULL, NULL, 1),
	(3114, 116, 831, NULL, 'REGULAR', '2017-09-14 22:28:52', NULL, NULL, NULL, 1),
	(3115, 117, 831, NULL, 'REGULAR', '2017-09-14 22:28:52', NULL, NULL, NULL, 1),
	(3116, 118, 831, NULL, 'REGULAR', '2017-09-14 22:28:52', NULL, NULL, NULL, 1),
	(3117, 119, 831, NULL, 'REGULAR', '2017-09-14 22:28:52', NULL, NULL, NULL, 1),
	(3118, 110, 832, NULL, 'REGULAR', '2017-09-14 22:28:52', NULL, NULL, NULL, 1),
	(3119, 111, 832, NULL, 'REGULAR', '2017-09-14 22:28:52', NULL, NULL, NULL, 1),
	(3120, 112, 832, NULL, 'REGULAR', '2017-09-14 22:28:52', NULL, NULL, NULL, 1),
	(3121, 113, 832, NULL, 'REGULAR', '2017-09-14 22:28:52', NULL, NULL, NULL, 1),
	(3122, 114, 832, NULL, 'REGULAR', '2017-09-14 22:28:52', NULL, NULL, NULL, 1),
	(3123, 115, 832, NULL, 'REGULAR', '2017-09-14 22:28:52', NULL, NULL, NULL, 1),
	(3124, 116, 832, NULL, 'REGULAR', '2017-09-14 22:28:52', NULL, NULL, NULL, 1),
	(3125, 117, 832, NULL, 'REGULAR', '2017-09-14 22:28:52', NULL, NULL, NULL, 1),
	(3126, 118, 832, NULL, 'REGULAR', '2017-09-14 22:28:52', NULL, NULL, NULL, 1),
	(3127, 119, 832, NULL, 'REGULAR', '2017-09-14 22:28:52', NULL, NULL, NULL, 1),
	(3128, 130, 833, NULL, 'REGULAR', '2017-09-14 22:28:52', NULL, NULL, NULL, 1),
	(3129, 131, 833, NULL, 'REGULAR', '2017-09-14 22:28:52', NULL, NULL, NULL, 1),
	(3130, 172, 833, NULL, 'REGULAR', '2017-09-14 22:28:52', NULL, NULL, NULL, 1),
	(3131, 126, 833, NULL, 'REGULAR', '2017-09-14 22:28:52', NULL, NULL, NULL, 1),
	(3132, 133, 833, NULL, 'REGULAR', '2017-09-14 22:28:52', NULL, NULL, NULL, 1),
	(3133, 134, 833, NULL, 'REGULAR', '2017-09-14 22:28:52', NULL, NULL, NULL, 1),
	(3134, 135, 833, NULL, 'REGULAR', '2017-09-14 22:28:52', NULL, NULL, NULL, 1),
	(3135, 137, 833, NULL, 'REGULAR', '2017-09-14 22:28:52', NULL, NULL, NULL, 1),
	(3136, 130, 834, NULL, 'REGULAR', '2017-09-14 22:28:52', NULL, NULL, NULL, 1),
	(3137, 131, 834, NULL, 'REGULAR', '2017-09-14 22:28:52', NULL, NULL, NULL, 1),
	(3138, 172, 834, NULL, 'REGULAR', '2017-09-14 22:28:52', NULL, NULL, NULL, 1),
	(3139, 126, 834, NULL, 'REGULAR', '2017-09-14 22:28:52', NULL, NULL, NULL, 1),
	(3140, 133, 834, NULL, 'REGULAR', '2017-09-14 22:28:52', NULL, NULL, NULL, 1),
	(3141, 134, 834, NULL, 'REGULAR', '2017-09-14 22:28:52', NULL, NULL, NULL, 1),
	(3142, 135, 834, NULL, 'REGULAR', '2017-09-14 22:28:52', NULL, NULL, NULL, 1),
	(3143, 137, 834, NULL, 'REGULAR', '2017-09-14 22:28:52', NULL, NULL, NULL, 1),
	(3144, 174, 835, NULL, 'REGULAR', '2017-09-14 22:28:52', NULL, NULL, NULL, 1),
	(3145, 152, 835, NULL, 'REGULAR', '2017-09-14 22:28:52', NULL, NULL, NULL, 1),
	(3146, 176, 835, NULL, 'REGULAR', '2017-09-14 22:28:52', NULL, NULL, NULL, 1),
	(3147, 154, 835, NULL, 'REGULAR', '2017-09-14 22:28:52', NULL, NULL, NULL, 1),
	(3148, 177, 835, NULL, 'REGULAR', '2017-09-14 22:28:52', NULL, NULL, NULL, 1),
	(3149, 156, 835, NULL, 'REGULAR', '2017-09-14 22:28:52', NULL, NULL, NULL, 1),
	(3150, 157, 835, NULL, 'REGULAR', '2017-09-14 22:28:52', NULL, NULL, NULL, 1),
	(3151, 179, 835, NULL, 'REGULAR', '2017-09-14 22:28:52', NULL, NULL, NULL, 1),
	(3152, 175, 835, NULL, 'REGULAR', '2017-09-14 22:28:52', NULL, NULL, NULL, 1),
	(3153, 174, 836, NULL, 'REGULAR', '2017-09-14 22:28:52', NULL, NULL, NULL, 1),
	(3154, 152, 836, NULL, 'REGULAR', '2017-09-14 22:28:52', NULL, NULL, NULL, 1),
	(3155, 176, 836, NULL, 'REGULAR', '2017-09-14 22:28:52', NULL, NULL, NULL, 1),
	(3156, 154, 836, NULL, 'REGULAR', '2017-09-14 22:28:52', NULL, NULL, NULL, 1),
	(3157, 177, 836, NULL, 'REGULAR', '2017-09-14 22:28:52', NULL, NULL, NULL, 1),
	(3158, 156, 836, NULL, 'REGULAR', '2017-09-14 22:28:52', NULL, NULL, NULL, 1),
	(3159, 157, 836, NULL, 'REGULAR', '2017-09-14 22:28:52', NULL, NULL, NULL, 1),
	(3160, 179, 836, NULL, 'REGULAR', '2017-09-14 22:28:52', NULL, NULL, NULL, 1),
	(3161, 175, 836, NULL, 'REGULAR', '2017-09-14 22:28:52', NULL, NULL, NULL, 1),
	(3162, 186, 837, NULL, 'REGULAR', '2017-09-14 22:28:52', NULL, NULL, NULL, 1),
	(3163, 169, 837, NULL, 'REGULAR', '2017-09-14 22:28:52', NULL, NULL, NULL, 1),
	(3164, 188, 837, NULL, 'REGULAR', '2017-09-14 22:28:52', NULL, NULL, NULL, 1),
	(3165, 186, 838, NULL, 'REGULAR', '2017-09-14 22:28:52', NULL, NULL, NULL, 1),
	(3166, 169, 838, NULL, 'REGULAR', '2017-09-14 22:28:52', NULL, NULL, NULL, 1),
	(3167, 188, 838, NULL, 'REGULAR', '2017-09-14 22:28:52', NULL, NULL, NULL, 1),
	(3168, 110, 839, NULL, 'REGULAR', '2017-09-14 22:28:52', NULL, NULL, NULL, 1),
	(3169, 111, 839, NULL, 'REGULAR', '2017-09-14 22:28:52', NULL, NULL, NULL, 1),
	(3170, 112, 839, NULL, 'REGULAR', '2017-09-14 22:28:52', NULL, NULL, NULL, 1),
	(3171, 113, 839, NULL, 'REGULAR', '2017-09-14 22:28:52', NULL, NULL, NULL, 1),
	(3172, 114, 839, NULL, 'REGULAR', '2017-09-14 22:28:52', NULL, NULL, NULL, 1),
	(3173, 115, 839, NULL, 'REGULAR', '2017-09-14 22:28:52', NULL, NULL, NULL, 1),
	(3174, 116, 839, NULL, 'REGULAR', '2017-09-14 22:28:52', NULL, NULL, NULL, 1),
	(3175, 117, 839, NULL, 'REGULAR', '2017-09-14 22:28:52', NULL, NULL, NULL, 1),
	(3176, 118, 839, NULL, 'REGULAR', '2017-09-14 22:28:52', NULL, NULL, NULL, 1),
	(3177, 119, 839, NULL, 'REGULAR', '2017-09-14 22:28:52', NULL, NULL, NULL, 1),
	(3178, 110, 840, NULL, 'REGULAR', '2017-09-14 22:28:52', NULL, NULL, NULL, 1),
	(3179, 111, 840, NULL, 'REGULAR', '2017-09-14 22:28:52', NULL, NULL, NULL, 1),
	(3180, 112, 840, NULL, 'REGULAR', '2017-09-14 22:28:52', NULL, NULL, NULL, 1),
	(3181, 113, 840, NULL, 'REGULAR', '2017-09-14 22:28:52', NULL, NULL, NULL, 1),
	(3182, 114, 840, NULL, 'REGULAR', '2017-09-14 22:28:52', NULL, NULL, NULL, 1),
	(3183, 115, 840, NULL, 'REGULAR', '2017-09-14 22:28:52', NULL, NULL, NULL, 1),
	(3184, 116, 840, NULL, 'REGULAR', '2017-09-14 22:28:52', NULL, NULL, NULL, 1),
	(3185, 117, 840, NULL, 'REGULAR', '2017-09-14 22:28:52', NULL, NULL, NULL, 1),
	(3186, 118, 840, NULL, 'REGULAR', '2017-09-14 22:28:52', NULL, NULL, NULL, 1),
	(3187, 119, 840, NULL, 'REGULAR', '2017-09-14 22:28:52', NULL, NULL, NULL, 1),
	(3188, 130, 841, NULL, 'REGULAR', '2017-09-14 22:28:52', NULL, NULL, NULL, 1),
	(3189, 131, 841, NULL, 'REGULAR', '2017-09-14 22:28:52', NULL, NULL, NULL, 1),
	(3190, 172, 841, NULL, 'REGULAR', '2017-09-14 22:28:52', NULL, NULL, NULL, 1),
	(3191, 126, 841, NULL, 'REGULAR', '2017-09-14 22:28:52', NULL, NULL, NULL, 1),
	(3192, 133, 841, NULL, 'REGULAR', '2017-09-14 22:28:52', NULL, NULL, NULL, 1),
	(3193, 134, 841, NULL, 'REGULAR', '2017-09-14 22:28:52', NULL, NULL, NULL, 1),
	(3194, 135, 841, NULL, 'REGULAR', '2017-09-14 22:28:52', NULL, NULL, NULL, 1),
	(3195, 137, 841, NULL, 'REGULAR', '2017-09-14 22:28:52', NULL, NULL, NULL, 1),
	(3196, 130, 842, NULL, 'REGULAR', '2017-09-14 22:28:52', NULL, NULL, NULL, 1),
	(3197, 131, 842, NULL, 'REGULAR', '2017-09-14 22:28:52', NULL, NULL, NULL, 1),
	(3198, 172, 842, NULL, 'REGULAR', '2017-09-14 22:28:52', NULL, NULL, NULL, 1),
	(3199, 126, 842, NULL, 'REGULAR', '2017-09-14 22:28:52', NULL, NULL, NULL, 1),
	(3200, 133, 842, NULL, 'REGULAR', '2017-09-14 22:28:52', NULL, NULL, NULL, 1),
	(3201, 134, 842, NULL, 'REGULAR', '2017-09-14 22:28:52', NULL, NULL, NULL, 1),
	(3202, 135, 842, NULL, 'REGULAR', '2017-09-14 22:28:52', NULL, NULL, NULL, 1),
	(3203, 137, 842, NULL, 'REGULAR', '2017-09-14 22:28:52', NULL, NULL, NULL, 1),
	(3204, 174, 843, NULL, 'REGULAR', '2017-09-14 22:28:52', NULL, NULL, NULL, 1),
	(3205, 152, 843, NULL, 'REGULAR', '2017-09-14 22:28:52', NULL, NULL, NULL, 1),
	(3206, 176, 843, NULL, 'REGULAR', '2017-09-14 22:28:52', NULL, NULL, NULL, 1),
	(3207, 154, 843, NULL, 'REGULAR', '2017-09-14 22:28:52', NULL, NULL, NULL, 1),
	(3208, 177, 843, NULL, 'REGULAR', '2017-09-14 22:28:52', NULL, NULL, NULL, 1),
	(3209, 156, 843, NULL, 'REGULAR', '2017-09-14 22:28:52', NULL, NULL, NULL, 1),
	(3210, 157, 843, NULL, 'REGULAR', '2017-09-14 22:28:52', NULL, NULL, NULL, 1),
	(3211, 179, 843, NULL, 'REGULAR', '2017-09-14 22:28:52', NULL, NULL, NULL, 1),
	(3212, 175, 843, NULL, 'REGULAR', '2017-09-14 22:28:52', NULL, NULL, NULL, 1),
	(3213, 174, 844, NULL, 'REGULAR', '2017-09-14 22:28:52', NULL, NULL, NULL, 1),
	(3214, 152, 844, NULL, 'REGULAR', '2017-09-14 22:28:52', NULL, NULL, NULL, 1),
	(3215, 176, 844, NULL, 'REGULAR', '2017-09-14 22:28:52', NULL, NULL, NULL, 1),
	(3216, 154, 844, NULL, 'REGULAR', '2017-09-14 22:28:52', NULL, NULL, NULL, 1),
	(3217, 177, 844, NULL, 'REGULAR', '2017-09-14 22:28:52', NULL, NULL, NULL, 1),
	(3218, 156, 844, NULL, 'REGULAR', '2017-09-14 22:28:52', NULL, NULL, NULL, 1),
	(3219, 157, 844, NULL, 'REGULAR', '2017-09-14 22:28:52', NULL, NULL, NULL, 1),
	(3220, 179, 844, NULL, 'REGULAR', '2017-09-14 22:28:52', NULL, NULL, NULL, 1),
	(3221, 175, 844, NULL, 'REGULAR', '2017-09-14 22:28:52', NULL, NULL, NULL, 1),
	(3222, 186, 845, NULL, 'REGULAR', '2017-09-14 22:28:52', NULL, NULL, NULL, 1),
	(3223, 169, 845, NULL, 'REGULAR', '2017-09-14 22:28:52', NULL, NULL, NULL, 1),
	(3224, 188, 845, NULL, 'REGULAR', '2017-09-14 22:28:52', NULL, NULL, NULL, 1),
	(3225, 186, 846, NULL, 'REGULAR', '2017-09-14 22:28:52', NULL, NULL, NULL, 1),
	(3226, 169, 846, NULL, 'REGULAR', '2017-09-14 22:28:52', NULL, NULL, NULL, 1),
	(3227, 188, 846, NULL, 'REGULAR', '2017-09-14 22:28:52', NULL, NULL, NULL, 1),
	(3228, 110, 847, NULL, 'REGULAR', '2017-09-14 22:28:52', NULL, NULL, NULL, 1),
	(3229, 111, 847, NULL, 'REGULAR', '2017-09-14 22:28:52', NULL, NULL, NULL, 1),
	(3230, 112, 847, NULL, 'REGULAR', '2017-09-14 22:28:52', NULL, NULL, NULL, 1),
	(3231, 113, 847, NULL, 'REGULAR', '2017-09-14 22:28:52', NULL, NULL, NULL, 1),
	(3232, 114, 847, NULL, 'REGULAR', '2017-09-14 22:28:52', NULL, NULL, NULL, 1),
	(3233, 115, 847, NULL, 'REGULAR', '2017-09-14 22:28:52', NULL, NULL, NULL, 1),
	(3234, 116, 847, NULL, 'REGULAR', '2017-09-14 22:28:52', NULL, NULL, NULL, 1),
	(3235, 117, 847, NULL, 'REGULAR', '2017-09-14 22:28:52', NULL, NULL, NULL, 1),
	(3236, 118, 847, NULL, 'REGULAR', '2017-09-14 22:28:52', NULL, NULL, NULL, 1),
	(3237, 119, 847, NULL, 'REGULAR', '2017-09-14 22:28:52', NULL, NULL, NULL, 1),
	(3238, 110, 848, NULL, 'REGULAR', '2017-09-14 22:28:52', NULL, NULL, NULL, 1),
	(3239, 111, 848, NULL, 'REGULAR', '2017-09-14 22:28:52', NULL, NULL, NULL, 1),
	(3240, 112, 848, NULL, 'REGULAR', '2017-09-14 22:28:52', NULL, NULL, NULL, 1),
	(3241, 113, 848, NULL, 'REGULAR', '2017-09-14 22:28:52', NULL, NULL, NULL, 1),
	(3242, 114, 848, NULL, 'REGULAR', '2017-09-14 22:28:52', NULL, NULL, NULL, 1),
	(3243, 115, 848, NULL, 'REGULAR', '2017-09-14 22:28:52', NULL, NULL, NULL, 1),
	(3244, 116, 848, NULL, 'REGULAR', '2017-09-14 22:28:52', NULL, NULL, NULL, 1),
	(3245, 117, 848, NULL, 'REGULAR', '2017-09-14 22:28:52', NULL, NULL, NULL, 1),
	(3246, 118, 848, NULL, 'REGULAR', '2017-09-14 22:28:52', NULL, NULL, NULL, 1),
	(3247, 119, 848, NULL, 'REGULAR', '2017-09-14 22:28:52', NULL, NULL, NULL, 1),
	(3248, 130, 849, NULL, 'REGULAR', '2017-09-14 22:28:52', NULL, NULL, NULL, 1),
	(3249, 131, 849, NULL, 'REGULAR', '2017-09-14 22:28:52', NULL, NULL, NULL, 1),
	(3250, 172, 849, NULL, 'REGULAR', '2017-09-14 22:28:52', NULL, NULL, NULL, 1),
	(3251, 126, 849, NULL, 'REGULAR', '2017-09-14 22:28:52', NULL, NULL, NULL, 1),
	(3252, 133, 849, NULL, 'REGULAR', '2017-09-14 22:28:52', NULL, NULL, NULL, 1),
	(3253, 134, 849, NULL, 'REGULAR', '2017-09-14 22:28:52', NULL, NULL, NULL, 1),
	(3254, 135, 849, NULL, 'REGULAR', '2017-09-14 22:28:52', NULL, NULL, NULL, 1),
	(3255, 137, 849, NULL, 'REGULAR', '2017-09-14 22:28:52', NULL, NULL, NULL, 1),
	(3256, 130, 850, NULL, 'REGULAR', '2017-09-14 22:28:52', NULL, NULL, NULL, 1),
	(3257, 131, 850, NULL, 'REGULAR', '2017-09-14 22:28:52', NULL, NULL, NULL, 1),
	(3258, 172, 850, NULL, 'REGULAR', '2017-09-14 22:28:52', NULL, NULL, NULL, 1),
	(3259, 126, 850, NULL, 'REGULAR', '2017-09-14 22:28:52', NULL, NULL, NULL, 1),
	(3260, 133, 850, NULL, 'REGULAR', '2017-09-14 22:28:52', NULL, NULL, NULL, 1),
	(3261, 134, 850, NULL, 'REGULAR', '2017-09-14 22:28:52', NULL, NULL, NULL, 1),
	(3262, 135, 850, NULL, 'REGULAR', '2017-09-14 22:28:52', NULL, NULL, NULL, 1),
	(3263, 137, 850, NULL, 'REGULAR', '2017-09-14 22:28:52', NULL, NULL, NULL, 1),
	(3264, 174, 851, NULL, 'REGULAR', '2017-09-14 22:28:52', NULL, NULL, NULL, 1),
	(3265, 152, 851, NULL, 'REGULAR', '2017-09-14 22:28:52', NULL, NULL, NULL, 1),
	(3266, 176, 851, NULL, 'REGULAR', '2017-09-14 22:28:52', NULL, NULL, NULL, 1),
	(3267, 154, 851, NULL, 'REGULAR', '2017-09-14 22:28:52', NULL, NULL, NULL, 1),
	(3268, 177, 851, NULL, 'REGULAR', '2017-09-14 22:28:52', NULL, NULL, NULL, 1),
	(3269, 156, 851, NULL, 'REGULAR', '2017-09-14 22:28:52', NULL, NULL, NULL, 1),
	(3270, 157, 851, NULL, 'REGULAR', '2017-09-14 22:28:52', NULL, NULL, NULL, 1),
	(3271, 179, 851, NULL, 'REGULAR', '2017-09-14 22:28:52', NULL, NULL, NULL, 1),
	(3272, 175, 851, NULL, 'REGULAR', '2017-09-14 22:28:52', NULL, NULL, NULL, 1),
	(3273, 174, 852, NULL, 'REGULAR', '2017-09-14 22:28:52', NULL, NULL, NULL, 1),
	(3274, 152, 852, NULL, 'REGULAR', '2017-09-14 22:28:52', NULL, NULL, NULL, 1),
	(3275, 176, 852, NULL, 'REGULAR', '2017-09-14 22:28:52', NULL, NULL, NULL, 1),
	(3276, 154, 852, NULL, 'REGULAR', '2017-09-14 22:28:52', NULL, NULL, NULL, 1),
	(3277, 177, 852, NULL, 'REGULAR', '2017-09-14 22:28:52', NULL, NULL, NULL, 1),
	(3278, 156, 852, NULL, 'REGULAR', '2017-09-14 22:28:52', NULL, NULL, NULL, 1),
	(3279, 157, 852, NULL, 'REGULAR', '2017-09-14 22:28:52', NULL, NULL, NULL, 1),
	(3280, 179, 852, NULL, 'REGULAR', '2017-09-14 22:28:53', NULL, NULL, NULL, 1),
	(3281, 175, 852, NULL, 'REGULAR', '2017-09-14 22:28:53', NULL, NULL, NULL, 1),
	(3282, 186, 853, NULL, 'REGULAR', '2017-09-14 22:28:53', NULL, NULL, NULL, 1),
	(3283, 169, 853, NULL, 'REGULAR', '2017-09-14 22:28:53', NULL, NULL, NULL, 1),
	(3284, 188, 853, NULL, 'REGULAR', '2017-09-14 22:28:53', NULL, NULL, NULL, 1),
	(3285, 186, 854, NULL, 'REGULAR', '2017-09-14 22:28:53', NULL, NULL, NULL, 1),
	(3286, 169, 854, NULL, 'REGULAR', '2017-09-14 22:28:53', NULL, NULL, NULL, 1),
	(3287, 188, 854, NULL, 'REGULAR', '2017-09-14 22:28:53', NULL, NULL, NULL, 1),
	(3288, 110, 855, NULL, 'REGULAR', '2017-09-14 22:28:53', NULL, NULL, NULL, 1),
	(3289, 111, 855, NULL, 'REGULAR', '2017-09-14 22:28:53', NULL, NULL, NULL, 1),
	(3290, 112, 855, NULL, 'REGULAR', '2017-09-14 22:28:53', NULL, NULL, NULL, 1),
	(3291, 113, 855, NULL, 'REGULAR', '2017-09-14 22:28:53', NULL, NULL, NULL, 1),
	(3292, 114, 855, NULL, 'REGULAR', '2017-09-14 22:28:53', NULL, NULL, NULL, 1),
	(3293, 115, 855, NULL, 'REGULAR', '2017-09-14 22:28:53', NULL, NULL, NULL, 1),
	(3294, 116, 855, NULL, 'REGULAR', '2017-09-14 22:28:53', NULL, NULL, NULL, 1),
	(3295, 117, 855, NULL, 'REGULAR', '2017-09-14 22:28:53', NULL, NULL, NULL, 1),
	(3296, 118, 855, NULL, 'REGULAR', '2017-09-14 22:28:53', NULL, NULL, NULL, 1),
	(3297, 119, 855, NULL, 'REGULAR', '2017-09-14 22:28:53', NULL, NULL, NULL, 1),
	(3298, 110, 856, NULL, 'REGULAR', '2017-09-14 22:28:53', NULL, NULL, NULL, 1),
	(3299, 111, 856, NULL, 'REGULAR', '2017-09-14 22:28:53', NULL, NULL, NULL, 1),
	(3300, 112, 856, NULL, 'REGULAR', '2017-09-14 22:28:53', NULL, NULL, NULL, 1),
	(3301, 113, 856, NULL, 'REGULAR', '2017-09-14 22:28:53', NULL, NULL, NULL, 1),
	(3302, 114, 856, NULL, 'REGULAR', '2017-09-14 22:28:53', NULL, NULL, NULL, 1),
	(3303, 115, 856, NULL, 'REGULAR', '2017-09-14 22:28:53', NULL, NULL, NULL, 1),
	(3304, 116, 856, NULL, 'REGULAR', '2017-09-14 22:28:53', NULL, NULL, NULL, 1),
	(3305, 117, 856, NULL, 'REGULAR', '2017-09-14 22:28:53', NULL, NULL, NULL, 1),
	(3306, 118, 856, NULL, 'REGULAR', '2017-09-14 22:28:53', NULL, NULL, NULL, 1),
	(3307, 119, 856, NULL, 'REGULAR', '2017-09-14 22:28:53', NULL, NULL, NULL, 1),
	(3308, 130, 857, NULL, 'REGULAR', '2017-09-14 22:28:53', NULL, NULL, NULL, 1),
	(3309, 131, 857, NULL, 'REGULAR', '2017-09-14 22:28:53', NULL, NULL, NULL, 1),
	(3310, 172, 857, NULL, 'REGULAR', '2017-09-14 22:28:53', NULL, NULL, NULL, 1),
	(3311, 126, 857, NULL, 'REGULAR', '2017-09-14 22:28:53', NULL, NULL, NULL, 1),
	(3312, 133, 857, NULL, 'REGULAR', '2017-09-14 22:28:53', NULL, NULL, NULL, 1),
	(3313, 134, 857, NULL, 'REGULAR', '2017-09-14 22:28:53', NULL, NULL, NULL, 1),
	(3314, 135, 857, NULL, 'REGULAR', '2017-09-14 22:28:53', NULL, NULL, NULL, 1),
	(3315, 137, 857, NULL, 'REGULAR', '2017-09-14 22:28:53', NULL, NULL, NULL, 1),
	(3316, 130, 858, NULL, 'REGULAR', '2017-09-14 22:28:53', NULL, NULL, NULL, 1),
	(3317, 131, 858, NULL, 'REGULAR', '2017-09-14 22:28:53', NULL, NULL, NULL, 1),
	(3318, 172, 858, NULL, 'REGULAR', '2017-09-14 22:28:53', NULL, NULL, NULL, 1),
	(3319, 126, 858, NULL, 'REGULAR', '2017-09-14 22:28:53', NULL, NULL, NULL, 1),
	(3320, 133, 858, NULL, 'REGULAR', '2017-09-14 22:28:53', NULL, NULL, NULL, 1),
	(3321, 134, 858, NULL, 'REGULAR', '2017-09-14 22:28:53', NULL, NULL, NULL, 1),
	(3322, 135, 858, NULL, 'REGULAR', '2017-09-14 22:28:53', NULL, NULL, NULL, 1),
	(3323, 137, 858, NULL, 'REGULAR', '2017-09-14 22:28:53', NULL, NULL, NULL, 1),
	(3324, 174, 859, NULL, 'REGULAR', '2017-09-14 22:28:53', NULL, NULL, NULL, 1),
	(3325, 152, 859, NULL, 'REGULAR', '2017-09-14 22:28:53', NULL, NULL, NULL, 1),
	(3326, 176, 859, NULL, 'REGULAR', '2017-09-14 22:28:53', NULL, NULL, NULL, 1),
	(3327, 154, 859, NULL, 'REGULAR', '2017-09-14 22:28:53', NULL, NULL, NULL, 1),
	(3328, 177, 859, NULL, 'REGULAR', '2017-09-14 22:28:53', NULL, NULL, NULL, 1),
	(3329, 156, 859, NULL, 'REGULAR', '2017-09-14 22:28:53', NULL, NULL, NULL, 1),
	(3330, 157, 859, NULL, 'REGULAR', '2017-09-14 22:28:53', NULL, NULL, NULL, 1),
	(3331, 179, 859, NULL, 'REGULAR', '2017-09-14 22:28:53', NULL, NULL, NULL, 1),
	(3332, 175, 859, NULL, 'REGULAR', '2017-09-14 22:28:53', NULL, NULL, NULL, 1),
	(3333, 174, 860, NULL, 'REGULAR', '2017-09-14 22:28:53', NULL, NULL, NULL, 1),
	(3334, 152, 860, NULL, 'REGULAR', '2017-09-14 22:28:53', NULL, NULL, NULL, 1),
	(3335, 176, 860, NULL, 'REGULAR', '2017-09-14 22:28:53', NULL, NULL, NULL, 1),
	(3336, 154, 860, NULL, 'REGULAR', '2017-09-14 22:28:53', NULL, NULL, NULL, 1),
	(3337, 177, 860, NULL, 'REGULAR', '2017-09-14 22:28:53', NULL, NULL, NULL, 1),
	(3338, 156, 860, NULL, 'REGULAR', '2017-09-14 22:28:53', NULL, NULL, NULL, 1),
	(3339, 157, 860, NULL, 'REGULAR', '2017-09-14 22:28:53', NULL, NULL, NULL, 1),
	(3340, 179, 860, NULL, 'REGULAR', '2017-09-14 22:28:53', NULL, NULL, NULL, 1),
	(3341, 175, 860, NULL, 'REGULAR', '2017-09-14 22:28:53', NULL, NULL, NULL, 1),
	(3342, 186, 861, NULL, 'REGULAR', '2017-09-14 22:28:53', NULL, NULL, NULL, 1),
	(3343, 169, 861, NULL, 'REGULAR', '2017-09-14 22:28:53', NULL, NULL, NULL, 1),
	(3344, 188, 861, NULL, 'REGULAR', '2017-09-14 22:28:53', NULL, NULL, NULL, 1),
	(3345, 186, 862, NULL, 'REGULAR', '2017-09-14 22:28:53', NULL, NULL, NULL, 1),
	(3346, 169, 862, NULL, 'REGULAR', '2017-09-14 22:28:53', NULL, NULL, NULL, 1),
	(3347, 188, 862, NULL, 'REGULAR', '2017-09-14 22:28:53', NULL, NULL, NULL, 1),
	(3348, 110, 863, NULL, 'REGULAR', '2017-09-14 22:28:53', NULL, NULL, NULL, 1),
	(3349, 111, 863, NULL, 'REGULAR', '2017-09-14 22:28:53', NULL, NULL, NULL, 1),
	(3350, 112, 863, NULL, 'REGULAR', '2017-09-14 22:28:53', NULL, NULL, NULL, 1),
	(3351, 113, 863, NULL, 'REGULAR', '2017-09-14 22:28:53', NULL, NULL, NULL, 1),
	(3352, 114, 863, NULL, 'REGULAR', '2017-09-14 22:28:53', NULL, NULL, NULL, 1),
	(3353, 115, 863, NULL, 'REGULAR', '2017-09-14 22:28:53', NULL, NULL, NULL, 1),
	(3354, 116, 863, NULL, 'REGULAR', '2017-09-14 22:28:53', NULL, NULL, NULL, 1),
	(3355, 117, 863, NULL, 'REGULAR', '2017-09-14 22:28:53', NULL, NULL, NULL, 1),
	(3356, 118, 863, NULL, 'REGULAR', '2017-09-14 22:28:53', NULL, NULL, NULL, 1),
	(3357, 119, 863, NULL, 'REGULAR', '2017-09-14 22:28:53', NULL, NULL, NULL, 1),
	(3358, 110, 864, NULL, 'REGULAR', '2017-09-14 22:28:53', NULL, NULL, NULL, 1),
	(3359, 111, 864, NULL, 'REGULAR', '2017-09-14 22:28:53', NULL, NULL, NULL, 1),
	(3360, 112, 864, NULL, 'REGULAR', '2017-09-14 22:28:53', NULL, NULL, NULL, 1),
	(3361, 113, 864, NULL, 'REGULAR', '2017-09-14 22:28:53', NULL, NULL, NULL, 1),
	(3362, 114, 864, NULL, 'REGULAR', '2017-09-14 22:28:53', NULL, NULL, NULL, 1),
	(3363, 115, 864, NULL, 'REGULAR', '2017-09-14 22:28:53', NULL, NULL, NULL, 1),
	(3364, 116, 864, NULL, 'REGULAR', '2017-09-14 22:28:53', NULL, NULL, NULL, 1),
	(3365, 117, 864, NULL, 'REGULAR', '2017-09-14 22:28:53', NULL, NULL, NULL, 1),
	(3366, 118, 864, NULL, 'REGULAR', '2017-09-14 22:28:53', NULL, NULL, NULL, 1),
	(3367, 119, 864, NULL, 'REGULAR', '2017-09-14 22:28:53', NULL, NULL, NULL, 1),
	(3368, 130, 865, NULL, 'REGULAR', '2017-09-14 22:28:53', NULL, NULL, NULL, 1),
	(3369, 131, 865, NULL, 'REGULAR', '2017-09-14 22:28:53', NULL, NULL, NULL, 1),
	(3370, 172, 865, NULL, 'REGULAR', '2017-09-14 22:28:53', NULL, NULL, NULL, 1),
	(3371, 126, 865, NULL, 'REGULAR', '2017-09-14 22:28:53', NULL, NULL, NULL, 1),
	(3372, 133, 865, NULL, 'REGULAR', '2017-09-14 22:28:53', NULL, NULL, NULL, 1),
	(3373, 134, 865, NULL, 'REGULAR', '2017-09-14 22:28:53', NULL, NULL, NULL, 1),
	(3374, 135, 865, NULL, 'REGULAR', '2017-09-14 22:28:53', NULL, NULL, NULL, 1),
	(3375, 137, 865, NULL, 'REGULAR', '2017-09-14 22:28:53', NULL, NULL, NULL, 1),
	(3376, 130, 866, NULL, 'REGULAR', '2017-09-14 22:28:53', NULL, NULL, NULL, 1),
	(3377, 131, 866, NULL, 'REGULAR', '2017-09-14 22:28:53', NULL, NULL, NULL, 1),
	(3378, 172, 866, NULL, 'REGULAR', '2017-09-14 22:28:53', NULL, NULL, NULL, 1),
	(3379, 126, 866, NULL, 'REGULAR', '2017-09-14 22:28:53', NULL, NULL, NULL, 1),
	(3380, 133, 866, NULL, 'REGULAR', '2017-09-14 22:28:53', NULL, NULL, NULL, 1),
	(3381, 134, 866, NULL, 'REGULAR', '2017-09-14 22:28:53', NULL, NULL, NULL, 1),
	(3382, 135, 866, NULL, 'REGULAR', '2017-09-14 22:28:53', NULL, NULL, NULL, 1),
	(3383, 137, 866, NULL, 'REGULAR', '2017-09-14 22:28:53', NULL, NULL, NULL, 1),
	(3384, 174, 867, NULL, 'REGULAR', '2017-09-14 22:28:53', NULL, NULL, NULL, 1),
	(3385, 152, 867, NULL, 'REGULAR', '2017-09-14 22:28:53', NULL, NULL, NULL, 1),
	(3386, 176, 867, NULL, 'REGULAR', '2017-09-14 22:28:53', NULL, NULL, NULL, 1),
	(3387, 154, 867, NULL, 'REGULAR', '2017-09-14 22:28:53', NULL, NULL, NULL, 1),
	(3388, 177, 867, NULL, 'REGULAR', '2017-09-14 22:28:53', NULL, NULL, NULL, 1),
	(3389, 156, 867, NULL, 'REGULAR', '2017-09-14 22:28:53', NULL, NULL, NULL, 1),
	(3390, 157, 867, NULL, 'REGULAR', '2017-09-14 22:28:53', NULL, NULL, NULL, 1),
	(3391, 179, 867, NULL, 'REGULAR', '2017-09-14 22:28:53', NULL, NULL, NULL, 1),
	(3392, 175, 867, NULL, 'REGULAR', '2017-09-14 22:28:53', NULL, NULL, NULL, 1),
	(3393, 174, 868, NULL, 'REGULAR', '2017-09-14 22:28:53', NULL, NULL, NULL, 1),
	(3394, 152, 868, NULL, 'REGULAR', '2017-09-14 22:28:53', NULL, NULL, NULL, 1),
	(3395, 176, 868, NULL, 'REGULAR', '2017-09-14 22:28:53', NULL, NULL, NULL, 1),
	(3396, 154, 868, NULL, 'REGULAR', '2017-09-14 22:28:53', NULL, NULL, NULL, 1),
	(3397, 177, 868, NULL, 'REGULAR', '2017-09-14 22:28:53', NULL, NULL, NULL, 1),
	(3398, 156, 868, NULL, 'REGULAR', '2017-09-14 22:28:53', NULL, NULL, NULL, 1),
	(3399, 157, 868, NULL, 'REGULAR', '2017-09-14 22:28:53', NULL, NULL, NULL, 1),
	(3400, 179, 868, NULL, 'REGULAR', '2017-09-14 22:28:53', NULL, NULL, NULL, 1),
	(3401, 175, 868, NULL, 'REGULAR', '2017-09-14 22:28:53', NULL, NULL, NULL, 1),
	(3402, 186, 869, NULL, 'REGULAR', '2017-09-14 22:28:53', NULL, NULL, NULL, 1),
	(3403, 169, 869, NULL, 'REGULAR', '2017-09-14 22:28:53', NULL, NULL, NULL, 1),
	(3404, 188, 869, NULL, 'REGULAR', '2017-09-14 22:28:53', NULL, NULL, NULL, 1),
	(3405, 186, 870, NULL, 'REGULAR', '2017-09-14 22:28:53', NULL, NULL, NULL, 1),
	(3406, 169, 870, NULL, 'REGULAR', '2017-09-14 22:28:53', NULL, NULL, NULL, 1),
	(3407, 188, 870, NULL, 'REGULAR', '2017-09-14 22:28:53', NULL, NULL, NULL, 1),
	(3408, 110, 871, NULL, 'REGULAR', '2017-09-14 22:28:53', NULL, NULL, NULL, 1),
	(3409, 111, 871, NULL, 'REGULAR', '2017-09-14 22:28:53', NULL, NULL, NULL, 1),
	(3410, 112, 871, NULL, 'REGULAR', '2017-09-14 22:28:53', NULL, NULL, NULL, 1),
	(3411, 113, 871, NULL, 'REGULAR', '2017-09-14 22:28:53', NULL, NULL, NULL, 1),
	(3412, 114, 871, NULL, 'REGULAR', '2017-09-14 22:28:53', NULL, NULL, NULL, 1),
	(3413, 115, 871, NULL, 'REGULAR', '2017-09-14 22:28:53', NULL, NULL, NULL, 1),
	(3414, 116, 871, NULL, 'REGULAR', '2017-09-14 22:28:53', NULL, NULL, NULL, 1),
	(3415, 117, 871, NULL, 'REGULAR', '2017-09-14 22:28:53', NULL, NULL, NULL, 1),
	(3416, 118, 871, NULL, 'REGULAR', '2017-09-14 22:28:53', NULL, NULL, NULL, 1),
	(3417, 119, 871, NULL, 'REGULAR', '2017-09-14 22:28:53', NULL, NULL, NULL, 1),
	(3418, 110, 872, NULL, 'REGULAR', '2017-09-14 22:28:53', NULL, NULL, NULL, 1),
	(3419, 111, 872, NULL, 'REGULAR', '2017-09-14 22:28:53', NULL, NULL, NULL, 1),
	(3420, 112, 872, NULL, 'REGULAR', '2017-09-14 22:28:53', NULL, NULL, NULL, 1),
	(3421, 113, 872, NULL, 'REGULAR', '2017-09-14 22:28:53', NULL, NULL, NULL, 1),
	(3422, 114, 872, NULL, 'REGULAR', '2017-09-14 22:28:53', NULL, NULL, NULL, 1),
	(3423, 115, 872, NULL, 'REGULAR', '2017-09-14 22:28:53', NULL, NULL, NULL, 1),
	(3424, 116, 872, NULL, 'REGULAR', '2017-09-14 22:28:53', NULL, NULL, NULL, 1),
	(3425, 117, 872, NULL, 'REGULAR', '2017-09-14 22:28:53', NULL, NULL, NULL, 1),
	(3426, 118, 872, NULL, 'REGULAR', '2017-09-14 22:28:53', NULL, NULL, NULL, 1),
	(3427, 119, 872, NULL, 'REGULAR', '2017-09-14 22:28:53', NULL, NULL, NULL, 1),
	(3428, 130, 873, NULL, 'REGULAR', '2017-09-14 22:28:53', NULL, NULL, NULL, 1),
	(3429, 131, 873, NULL, 'REGULAR', '2017-09-14 22:28:53', NULL, NULL, NULL, 1),
	(3430, 172, 873, NULL, 'REGULAR', '2017-09-14 22:28:53', NULL, NULL, NULL, 1),
	(3431, 126, 873, NULL, 'REGULAR', '2017-09-14 22:28:53', NULL, NULL, NULL, 1),
	(3432, 133, 873, NULL, 'REGULAR', '2017-09-14 22:28:53', NULL, NULL, NULL, 1),
	(3433, 134, 873, NULL, 'REGULAR', '2017-09-14 22:28:53', NULL, NULL, NULL, 1),
	(3434, 135, 873, NULL, 'REGULAR', '2017-09-14 22:28:53', NULL, NULL, NULL, 1),
	(3435, 137, 873, NULL, 'REGULAR', '2017-09-14 22:28:53', NULL, NULL, NULL, 1),
	(3436, 130, 874, NULL, 'REGULAR', '2017-09-14 22:28:53', NULL, NULL, NULL, 1),
	(3437, 131, 874, NULL, 'REGULAR', '2017-09-14 22:28:53', NULL, NULL, NULL, 1),
	(3438, 172, 874, NULL, 'REGULAR', '2017-09-14 22:28:53', NULL, NULL, NULL, 1),
	(3439, 126, 874, NULL, 'REGULAR', '2017-09-14 22:28:53', NULL, NULL, NULL, 1),
	(3440, 133, 874, NULL, 'REGULAR', '2017-09-14 22:28:53', NULL, NULL, NULL, 1),
	(3441, 134, 874, NULL, 'REGULAR', '2017-09-14 22:28:53', NULL, NULL, NULL, 1),
	(3442, 135, 874, NULL, 'REGULAR', '2017-09-14 22:28:53', NULL, NULL, NULL, 1),
	(3443, 137, 874, NULL, 'REGULAR', '2017-09-14 22:28:53', NULL, NULL, NULL, 1),
	(3444, 174, 875, NULL, 'REGULAR', '2017-09-14 22:28:53', NULL, NULL, NULL, 1),
	(3445, 152, 875, NULL, 'REGULAR', '2017-09-14 22:28:53', NULL, NULL, NULL, 1),
	(3446, 176, 875, NULL, 'REGULAR', '2017-09-14 22:28:53', NULL, NULL, NULL, 1),
	(3447, 154, 875, NULL, 'REGULAR', '2017-09-14 22:28:53', NULL, NULL, NULL, 1),
	(3448, 177, 875, NULL, 'REGULAR', '2017-09-14 22:28:53', NULL, NULL, NULL, 1),
	(3449, 156, 875, NULL, 'REGULAR', '2017-09-14 22:28:53', NULL, NULL, NULL, 1),
	(3450, 157, 875, NULL, 'REGULAR', '2017-09-14 22:28:53', NULL, NULL, NULL, 1),
	(3451, 179, 875, NULL, 'REGULAR', '2017-09-14 22:28:53', NULL, NULL, NULL, 1),
	(3452, 175, 875, NULL, 'REGULAR', '2017-09-14 22:28:53', NULL, NULL, NULL, 1),
	(3453, 174, 876, NULL, 'REGULAR', '2017-09-14 22:28:53', NULL, NULL, NULL, 1),
	(3454, 152, 876, NULL, 'REGULAR', '2017-09-14 22:28:53', NULL, NULL, NULL, 1),
	(3455, 176, 876, NULL, 'REGULAR', '2017-09-14 22:28:53', NULL, NULL, NULL, 1),
	(3456, 154, 876, NULL, 'REGULAR', '2017-09-14 22:28:53', NULL, NULL, NULL, 1),
	(3457, 177, 876, NULL, 'REGULAR', '2017-09-14 22:28:53', NULL, NULL, NULL, 1),
	(3458, 156, 876, NULL, 'REGULAR', '2017-09-14 22:28:53', NULL, NULL, NULL, 1),
	(3459, 157, 876, NULL, 'REGULAR', '2017-09-14 22:28:53', NULL, NULL, NULL, 1),
	(3460, 179, 876, NULL, 'REGULAR', '2017-09-14 22:28:53', NULL, NULL, NULL, 1),
	(3461, 175, 876, NULL, 'REGULAR', '2017-09-14 22:28:53', NULL, NULL, NULL, 1),
	(3462, 186, 877, NULL, 'REGULAR', '2017-09-14 22:28:53', NULL, NULL, NULL, 1),
	(3463, 169, 877, NULL, 'REGULAR', '2017-09-14 22:28:53', NULL, NULL, NULL, 1),
	(3464, 188, 877, NULL, 'REGULAR', '2017-09-14 22:28:53', NULL, NULL, NULL, 1),
	(3465, 186, 878, NULL, 'REGULAR', '2017-09-14 22:28:53', NULL, NULL, NULL, 1),
	(3466, 169, 878, NULL, 'REGULAR', '2017-09-14 22:28:53', NULL, NULL, NULL, 1),
	(3467, 188, 878, NULL, 'REGULAR', '2017-09-14 22:28:53', NULL, NULL, NULL, 1),
	(3468, 110, 879, NULL, 'REGULAR', '2017-09-14 22:28:53', NULL, NULL, NULL, 1),
	(3469, 111, 879, NULL, 'REGULAR', '2017-09-14 22:28:53', NULL, NULL, NULL, 1),
	(3470, 112, 879, NULL, 'REGULAR', '2017-09-14 22:28:53', NULL, NULL, NULL, 1),
	(3471, 113, 879, NULL, 'REGULAR', '2017-09-14 22:28:53', NULL, NULL, NULL, 1),
	(3472, 114, 879, NULL, 'REGULAR', '2017-09-14 22:28:53', NULL, NULL, NULL, 1),
	(3473, 115, 879, NULL, 'REGULAR', '2017-09-14 22:28:53', NULL, NULL, NULL, 1),
	(3474, 116, 879, NULL, 'REGULAR', '2017-09-14 22:28:53', NULL, NULL, NULL, 1),
	(3475, 117, 879, NULL, 'REGULAR', '2017-09-14 22:28:53', NULL, NULL, NULL, 1),
	(3476, 118, 879, NULL, 'REGULAR', '2017-09-14 22:28:53', NULL, NULL, NULL, 1),
	(3477, 119, 879, NULL, 'REGULAR', '2017-09-14 22:28:53', NULL, NULL, NULL, 1),
	(3478, 110, 880, NULL, 'REGULAR', '2017-09-14 22:28:53', NULL, NULL, NULL, 1),
	(3479, 111, 880, NULL, 'REGULAR', '2017-09-14 22:28:53', NULL, NULL, NULL, 1),
	(3480, 112, 880, NULL, 'REGULAR', '2017-09-14 22:28:53', NULL, NULL, NULL, 1),
	(3481, 113, 880, NULL, 'REGULAR', '2017-09-14 22:28:53', NULL, NULL, NULL, 1),
	(3482, 114, 880, NULL, 'REGULAR', '2017-09-14 22:28:53', NULL, NULL, NULL, 1),
	(3483, 115, 880, NULL, 'REGULAR', '2017-09-14 22:28:53', NULL, NULL, NULL, 1),
	(3484, 116, 880, NULL, 'REGULAR', '2017-09-14 22:28:53', NULL, NULL, NULL, 1),
	(3485, 117, 880, NULL, 'REGULAR', '2017-09-14 22:28:53', NULL, NULL, NULL, 1),
	(3486, 118, 880, NULL, 'REGULAR', '2017-09-14 22:28:53', NULL, NULL, NULL, 1),
	(3487, 119, 880, NULL, 'REGULAR', '2017-09-14 22:28:53', NULL, NULL, NULL, 1),
	(3488, 130, 881, NULL, 'REGULAR', '2017-09-14 22:28:53', NULL, NULL, NULL, 1),
	(3489, 131, 881, NULL, 'REGULAR', '2017-09-14 22:28:53', NULL, NULL, NULL, 1),
	(3490, 172, 881, NULL, 'REGULAR', '2017-09-14 22:28:53', NULL, NULL, NULL, 1),
	(3491, 126, 881, NULL, 'REGULAR', '2017-09-14 22:28:53', NULL, NULL, NULL, 1),
	(3492, 133, 881, NULL, 'REGULAR', '2017-09-14 22:28:53', NULL, NULL, NULL, 1),
	(3493, 134, 881, NULL, 'REGULAR', '2017-09-14 22:28:53', NULL, NULL, NULL, 1),
	(3494, 135, 881, NULL, 'REGULAR', '2017-09-14 22:28:53', NULL, NULL, NULL, 1),
	(3495, 137, 881, NULL, 'REGULAR', '2017-09-14 22:28:53', NULL, NULL, NULL, 1),
	(3496, 130, 882, NULL, 'REGULAR', '2017-09-14 22:28:53', NULL, NULL, NULL, 1),
	(3497, 131, 882, NULL, 'REGULAR', '2017-09-14 22:28:53', NULL, NULL, NULL, 1),
	(3498, 172, 882, NULL, 'REGULAR', '2017-09-14 22:28:53', NULL, NULL, NULL, 1),
	(3499, 126, 882, NULL, 'REGULAR', '2017-09-14 22:28:53', NULL, NULL, NULL, 1),
	(3500, 133, 882, NULL, 'REGULAR', '2017-09-14 22:28:53', NULL, NULL, NULL, 1),
	(3501, 134, 882, NULL, 'REGULAR', '2017-09-14 22:28:53', NULL, NULL, NULL, 1),
	(3502, 135, 882, NULL, 'REGULAR', '2017-09-14 22:28:53', NULL, NULL, NULL, 1),
	(3503, 137, 882, NULL, 'REGULAR', '2017-09-14 22:28:53', NULL, NULL, NULL, 1),
	(3504, 174, 883, NULL, 'REGULAR', '2017-09-14 22:28:53', NULL, NULL, NULL, 1),
	(3505, 152, 883, NULL, 'REGULAR', '2017-09-14 22:28:53', NULL, NULL, NULL, 1),
	(3506, 176, 883, NULL, 'REGULAR', '2017-09-14 22:28:53', NULL, NULL, NULL, 1),
	(3507, 154, 883, NULL, 'REGULAR', '2017-09-14 22:28:53', NULL, NULL, NULL, 1),
	(3508, 177, 883, NULL, 'REGULAR', '2017-09-14 22:28:53', NULL, NULL, NULL, 1),
	(3509, 156, 883, NULL, 'REGULAR', '2017-09-14 22:28:53', NULL, NULL, NULL, 1),
	(3510, 157, 883, NULL, 'REGULAR', '2017-09-14 22:28:53', NULL, NULL, NULL, 1),
	(3511, 179, 883, NULL, 'REGULAR', '2017-09-14 22:28:53', NULL, NULL, NULL, 1),
	(3512, 175, 883, NULL, 'REGULAR', '2017-09-14 22:28:53', NULL, NULL, NULL, 1),
	(3513, 174, 884, NULL, 'REGULAR', '2017-09-14 22:28:53', NULL, NULL, NULL, 1),
	(3514, 152, 884, NULL, 'REGULAR', '2017-09-14 22:28:53', NULL, NULL, NULL, 1),
	(3515, 176, 884, NULL, 'REGULAR', '2017-09-14 22:28:53', NULL, NULL, NULL, 1),
	(3516, 154, 884, NULL, 'REGULAR', '2017-09-14 22:28:53', NULL, NULL, NULL, 1),
	(3517, 177, 884, NULL, 'REGULAR', '2017-09-14 22:28:53', NULL, NULL, NULL, 1),
	(3518, 156, 884, NULL, 'REGULAR', '2017-09-14 22:28:53', NULL, NULL, NULL, 1),
	(3519, 157, 884, NULL, 'REGULAR', '2017-09-14 22:28:53', NULL, NULL, NULL, 1),
	(3520, 179, 884, NULL, 'REGULAR', '2017-09-14 22:28:53', NULL, NULL, NULL, 1),
	(3521, 175, 884, NULL, 'REGULAR', '2017-09-14 22:28:53', NULL, NULL, NULL, 1),
	(3522, 186, 885, NULL, 'REGULAR', '2017-09-14 22:28:53', NULL, NULL, NULL, 1),
	(3523, 169, 885, NULL, 'REGULAR', '2017-09-14 22:28:53', NULL, NULL, NULL, 1),
	(3524, 188, 885, NULL, 'REGULAR', '2017-09-14 22:28:53', NULL, NULL, NULL, 1),
	(3525, 186, 886, NULL, 'REGULAR', '2017-09-14 22:28:53', NULL, NULL, NULL, 1),
	(3526, 169, 886, NULL, 'REGULAR', '2017-09-14 22:28:53', NULL, NULL, NULL, 1),
	(3527, 188, 886, NULL, 'REGULAR', '2017-09-14 22:28:53', NULL, NULL, NULL, 1),
	(3528, 110, 887, NULL, 'REGULAR', '2017-09-14 22:29:34', NULL, NULL, NULL, 1),
	(3529, 111, 887, NULL, 'REGULAR', '2017-09-14 22:29:34', NULL, NULL, NULL, 1),
	(3530, 112, 887, NULL, 'REGULAR', '2017-09-14 22:29:34', NULL, NULL, NULL, 1),
	(3531, 113, 887, NULL, 'REGULAR', '2017-09-14 22:29:34', NULL, NULL, NULL, 1),
	(3532, 114, 887, NULL, 'REGULAR', '2017-09-14 22:29:34', NULL, NULL, NULL, 1),
	(3533, 115, 887, NULL, 'REGULAR', '2017-09-14 22:29:34', NULL, NULL, NULL, 1),
	(3534, 116, 887, NULL, 'REGULAR', '2017-09-14 22:29:34', NULL, NULL, NULL, 1),
	(3535, 117, 887, NULL, 'REGULAR', '2017-09-14 22:29:34', NULL, NULL, NULL, 1),
	(3536, 118, 887, NULL, 'REGULAR', '2017-09-14 22:29:34', NULL, NULL, NULL, 1),
	(3537, 119, 887, NULL, 'REGULAR', '2017-09-14 22:29:34', NULL, NULL, NULL, 1),
	(3538, 110, 888, NULL, 'REGULAR', '2017-09-14 22:29:34', NULL, NULL, NULL, 1),
	(3539, 111, 888, NULL, 'REGULAR', '2017-09-14 22:29:34', NULL, NULL, NULL, 1),
	(3540, 112, 888, NULL, 'REGULAR', '2017-09-14 22:29:34', NULL, NULL, NULL, 1),
	(3541, 113, 888, NULL, 'REGULAR', '2017-09-14 22:29:34', NULL, NULL, NULL, 1),
	(3542, 114, 888, NULL, 'REGULAR', '2017-09-14 22:29:34', NULL, NULL, NULL, 1),
	(3543, 115, 888, NULL, 'REGULAR', '2017-09-14 22:29:34', NULL, NULL, NULL, 1),
	(3544, 116, 888, NULL, 'REGULAR', '2017-09-14 22:29:34', NULL, NULL, NULL, 1),
	(3545, 117, 888, NULL, 'REGULAR', '2017-09-14 22:29:34', NULL, NULL, NULL, 1),
	(3546, 118, 888, NULL, 'REGULAR', '2017-09-14 22:29:34', NULL, NULL, NULL, 1),
	(3547, 119, 888, NULL, 'REGULAR', '2017-09-14 22:29:34', NULL, NULL, NULL, 1),
	(3548, 130, 889, NULL, 'REGULAR', '2017-09-14 22:29:34', NULL, NULL, NULL, 1),
	(3549, 131, 889, NULL, 'REGULAR', '2017-09-14 22:29:34', NULL, NULL, NULL, 1),
	(3550, 133, 889, NULL, 'REGULAR', '2017-09-14 22:29:34', NULL, NULL, NULL, 1),
	(3551, 134, 889, NULL, 'REGULAR', '2017-09-14 22:29:34', NULL, NULL, NULL, 1),
	(3552, 135, 889, NULL, 'REGULAR', '2017-09-14 22:29:34', NULL, NULL, NULL, 1),
	(3553, 136, 889, NULL, 'REGULAR', '2017-09-14 22:29:34', NULL, NULL, NULL, 1),
	(3554, 137, 889, NULL, 'REGULAR', '2017-09-14 22:29:34', NULL, NULL, NULL, 1),
	(3555, 172, 889, NULL, 'REGULAR', '2017-09-14 22:29:34', NULL, NULL, NULL, 1),
	(3556, 130, 890, NULL, 'REGULAR', '2017-09-14 22:29:34', NULL, NULL, NULL, 1),
	(3557, 131, 890, NULL, 'REGULAR', '2017-09-14 22:29:34', NULL, NULL, NULL, 1),
	(3558, 133, 890, NULL, 'REGULAR', '2017-09-14 22:29:34', NULL, NULL, NULL, 1),
	(3559, 134, 890, NULL, 'REGULAR', '2017-09-14 22:29:34', NULL, NULL, NULL, 1),
	(3560, 135, 890, NULL, 'REGULAR', '2017-09-14 22:29:34', NULL, NULL, NULL, 1),
	(3561, 136, 890, NULL, 'REGULAR', '2017-09-14 22:29:34', NULL, NULL, NULL, 1),
	(3562, 137, 890, NULL, 'REGULAR', '2017-09-14 22:29:34', NULL, NULL, NULL, 1),
	(3563, 172, 890, NULL, 'REGULAR', '2017-09-14 22:29:34', NULL, NULL, NULL, 1),
	(3564, 110, 891, NULL, 'REGULAR', '2017-09-14 22:29:34', NULL, NULL, NULL, 1),
	(3565, 111, 891, NULL, 'REGULAR', '2017-09-14 22:29:34', NULL, NULL, NULL, 1),
	(3566, 112, 891, NULL, 'REGULAR', '2017-09-14 22:29:34', NULL, NULL, NULL, 1),
	(3567, 113, 891, NULL, 'REGULAR', '2017-09-14 22:29:34', NULL, NULL, NULL, 1),
	(3568, 114, 891, NULL, 'REGULAR', '2017-09-14 22:29:34', NULL, NULL, NULL, 1),
	(3569, 115, 891, NULL, 'REGULAR', '2017-09-14 22:29:34', NULL, NULL, NULL, 1),
	(3570, 116, 891, NULL, 'REGULAR', '2017-09-14 22:29:34', NULL, NULL, NULL, 1),
	(3571, 117, 891, NULL, 'REGULAR', '2017-09-14 22:29:34', NULL, NULL, NULL, 1),
	(3572, 118, 891, NULL, 'REGULAR', '2017-09-14 22:29:34', NULL, NULL, NULL, 1),
	(3573, 119, 891, NULL, 'REGULAR', '2017-09-14 22:29:34', NULL, NULL, NULL, 1),
	(3574, 110, 892, NULL, 'REGULAR', '2017-09-14 22:29:34', NULL, NULL, NULL, 1),
	(3575, 111, 892, NULL, 'REGULAR', '2017-09-14 22:29:34', NULL, NULL, NULL, 1),
	(3576, 112, 892, NULL, 'REGULAR', '2017-09-14 22:29:34', NULL, NULL, NULL, 1),
	(3577, 113, 892, NULL, 'REGULAR', '2017-09-14 22:29:34', NULL, NULL, NULL, 1),
	(3578, 114, 892, NULL, 'REGULAR', '2017-09-14 22:29:34', NULL, NULL, NULL, 1),
	(3579, 115, 892, NULL, 'REGULAR', '2017-09-14 22:29:34', NULL, NULL, NULL, 1),
	(3580, 116, 892, NULL, 'REGULAR', '2017-09-14 22:29:34', NULL, NULL, NULL, 1),
	(3581, 117, 892, NULL, 'REGULAR', '2017-09-14 22:29:34', NULL, NULL, NULL, 1),
	(3582, 118, 892, NULL, 'REGULAR', '2017-09-14 22:29:34', NULL, NULL, NULL, 1),
	(3583, 119, 892, NULL, 'REGULAR', '2017-09-14 22:29:34', NULL, NULL, NULL, 1),
	(3584, 130, 893, NULL, 'REGULAR', '2017-09-14 22:29:34', NULL, NULL, NULL, 1),
	(3585, 131, 893, NULL, 'REGULAR', '2017-09-14 22:29:34', NULL, NULL, NULL, 1),
	(3586, 133, 893, NULL, 'REGULAR', '2017-09-14 22:29:34', NULL, NULL, NULL, 1),
	(3587, 134, 893, NULL, 'REGULAR', '2017-09-14 22:29:34', NULL, NULL, NULL, 1),
	(3588, 135, 893, NULL, 'REGULAR', '2017-09-14 22:29:34', NULL, NULL, NULL, 1),
	(3589, 136, 893, NULL, 'REGULAR', '2017-09-14 22:29:34', NULL, NULL, NULL, 1),
	(3590, 137, 893, NULL, 'REGULAR', '2017-09-14 22:29:34', NULL, NULL, NULL, 1),
	(3591, 172, 893, NULL, 'REGULAR', '2017-09-14 22:29:34', NULL, NULL, NULL, 1),
	(3592, 130, 894, NULL, 'REGULAR', '2017-09-14 22:29:34', NULL, NULL, NULL, 1),
	(3593, 131, 894, NULL, 'REGULAR', '2017-09-14 22:29:34', NULL, NULL, NULL, 1),
	(3594, 133, 894, NULL, 'REGULAR', '2017-09-14 22:29:34', NULL, NULL, NULL, 1),
	(3595, 134, 894, NULL, 'REGULAR', '2017-09-14 22:29:34', NULL, NULL, NULL, 1),
	(3596, 135, 894, NULL, 'REGULAR', '2017-09-14 22:29:34', NULL, NULL, NULL, 1),
	(3597, 136, 894, NULL, 'REGULAR', '2017-09-14 22:29:34', NULL, NULL, NULL, 1),
	(3598, 137, 894, NULL, 'REGULAR', '2017-09-14 22:29:34', NULL, NULL, NULL, 1),
	(3599, 172, 894, NULL, 'REGULAR', '2017-09-14 22:29:34', NULL, NULL, NULL, 1),
	(3600, 110, 895, NULL, 'REGULAR', '2017-09-14 22:29:34', NULL, NULL, NULL, 1),
	(3601, 111, 895, NULL, 'REGULAR', '2017-09-14 22:29:34', NULL, NULL, NULL, 1),
	(3602, 112, 895, NULL, 'REGULAR', '2017-09-14 22:29:34', NULL, NULL, NULL, 1),
	(3603, 113, 895, NULL, 'REGULAR', '2017-09-14 22:29:34', NULL, NULL, NULL, 1),
	(3604, 114, 895, NULL, 'REGULAR', '2017-09-14 22:29:34', NULL, NULL, NULL, 1),
	(3605, 115, 895, NULL, 'REGULAR', '2017-09-14 22:29:34', NULL, NULL, NULL, 1),
	(3606, 116, 895, NULL, 'REGULAR', '2017-09-14 22:29:34', NULL, NULL, NULL, 1),
	(3607, 117, 895, NULL, 'REGULAR', '2017-09-14 22:29:34', NULL, NULL, NULL, 1),
	(3608, 118, 895, NULL, 'REGULAR', '2017-09-14 22:29:34', NULL, NULL, NULL, 1),
	(3609, 119, 895, NULL, 'REGULAR', '2017-09-14 22:29:34', NULL, NULL, NULL, 1),
	(3610, 110, 896, NULL, 'REGULAR', '2017-09-14 22:29:34', NULL, NULL, NULL, 1),
	(3611, 111, 896, NULL, 'REGULAR', '2017-09-14 22:29:34', NULL, NULL, NULL, 1),
	(3612, 112, 896, NULL, 'REGULAR', '2017-09-14 22:29:34', NULL, NULL, NULL, 1),
	(3613, 113, 896, NULL, 'REGULAR', '2017-09-14 22:29:34', NULL, NULL, NULL, 1),
	(3614, 114, 896, NULL, 'REGULAR', '2017-09-14 22:29:34', NULL, NULL, NULL, 1),
	(3615, 115, 896, NULL, 'REGULAR', '2017-09-14 22:29:34', NULL, NULL, NULL, 1),
	(3616, 116, 896, NULL, 'REGULAR', '2017-09-14 22:29:34', NULL, NULL, NULL, 1),
	(3617, 117, 896, NULL, 'REGULAR', '2017-09-14 22:29:34', NULL, NULL, NULL, 1),
	(3618, 118, 896, NULL, 'REGULAR', '2017-09-14 22:29:34', NULL, NULL, NULL, 1),
	(3619, 119, 896, NULL, 'REGULAR', '2017-09-14 22:29:34', NULL, NULL, NULL, 1),
	(3620, 130, 897, NULL, 'REGULAR', '2017-09-14 22:29:34', NULL, NULL, NULL, 1),
	(3621, 131, 897, NULL, 'REGULAR', '2017-09-14 22:29:34', NULL, NULL, NULL, 1),
	(3622, 133, 897, NULL, 'REGULAR', '2017-09-14 22:29:34', NULL, NULL, NULL, 1),
	(3623, 134, 897, NULL, 'REGULAR', '2017-09-14 22:29:34', NULL, NULL, NULL, 1),
	(3624, 135, 897, NULL, 'REGULAR', '2017-09-14 22:29:34', NULL, NULL, NULL, 1),
	(3625, 136, 897, NULL, 'REGULAR', '2017-09-14 22:29:34', NULL, NULL, NULL, 1),
	(3626, 137, 897, NULL, 'REGULAR', '2017-09-14 22:29:34', NULL, NULL, NULL, 1),
	(3627, 172, 897, NULL, 'REGULAR', '2017-09-14 22:29:34', NULL, NULL, NULL, 1),
	(3628, 130, 898, NULL, 'REGULAR', '2017-09-14 22:29:34', NULL, NULL, NULL, 1),
	(3629, 131, 898, NULL, 'REGULAR', '2017-09-14 22:29:34', NULL, NULL, NULL, 1),
	(3630, 133, 898, NULL, 'REGULAR', '2017-09-14 22:29:34', NULL, NULL, NULL, 1),
	(3631, 134, 898, NULL, 'REGULAR', '2017-09-14 22:29:34', NULL, NULL, NULL, 1),
	(3632, 135, 898, NULL, 'REGULAR', '2017-09-14 22:29:34', NULL, NULL, NULL, 1),
	(3633, 136, 898, NULL, 'REGULAR', '2017-09-14 22:29:34', NULL, NULL, NULL, 1),
	(3634, 137, 898, NULL, 'REGULAR', '2017-09-14 22:29:34', NULL, NULL, NULL, 1),
	(3635, 172, 898, NULL, 'REGULAR', '2017-09-14 22:29:34', NULL, NULL, NULL, 1),
	(3636, 110, 899, NULL, 'REGULAR', '2017-09-14 22:29:34', NULL, NULL, NULL, 1),
	(3637, 111, 899, NULL, 'REGULAR', '2017-09-14 22:29:34', NULL, NULL, NULL, 1),
	(3638, 112, 899, NULL, 'REGULAR', '2017-09-14 22:29:34', NULL, NULL, NULL, 1),
	(3639, 113, 899, NULL, 'REGULAR', '2017-09-14 22:29:34', NULL, NULL, NULL, 1),
	(3640, 114, 899, NULL, 'REGULAR', '2017-09-14 22:29:34', NULL, NULL, NULL, 1),
	(3641, 115, 899, NULL, 'REGULAR', '2017-09-14 22:29:34', NULL, NULL, NULL, 1),
	(3642, 116, 899, NULL, 'REGULAR', '2017-09-14 22:29:34', NULL, NULL, NULL, 1),
	(3643, 117, 899, NULL, 'REGULAR', '2017-09-14 22:29:34', NULL, NULL, NULL, 1),
	(3644, 118, 899, NULL, 'REGULAR', '2017-09-14 22:29:34', NULL, NULL, NULL, 1),
	(3645, 119, 899, NULL, 'REGULAR', '2017-09-14 22:29:34', NULL, NULL, NULL, 1),
	(3646, 110, 900, NULL, 'REGULAR', '2017-09-14 22:29:34', NULL, NULL, NULL, 1),
	(3647, 111, 900, NULL, 'REGULAR', '2017-09-14 22:29:34', NULL, NULL, NULL, 1),
	(3648, 112, 900, NULL, 'REGULAR', '2017-09-14 22:29:34', NULL, NULL, NULL, 1),
	(3649, 113, 900, NULL, 'REGULAR', '2017-09-14 22:29:34', NULL, NULL, NULL, 1),
	(3650, 114, 900, NULL, 'REGULAR', '2017-09-14 22:29:34', NULL, NULL, NULL, 1),
	(3651, 115, 900, NULL, 'REGULAR', '2017-09-14 22:29:34', NULL, NULL, NULL, 1),
	(3652, 116, 900, NULL, 'REGULAR', '2017-09-14 22:29:34', NULL, NULL, NULL, 1),
	(3653, 117, 900, NULL, 'REGULAR', '2017-09-14 22:29:34', NULL, NULL, NULL, 1),
	(3654, 118, 900, NULL, 'REGULAR', '2017-09-14 22:29:34', NULL, NULL, NULL, 1),
	(3655, 119, 900, NULL, 'REGULAR', '2017-09-14 22:29:34', NULL, NULL, NULL, 1),
	(3656, 130, 901, NULL, 'REGULAR', '2017-09-14 22:29:34', NULL, NULL, NULL, 1),
	(3657, 131, 901, NULL, 'REGULAR', '2017-09-14 22:29:34', NULL, NULL, NULL, 1),
	(3658, 133, 901, NULL, 'REGULAR', '2017-09-14 22:29:34', NULL, NULL, NULL, 1),
	(3659, 134, 901, NULL, 'REGULAR', '2017-09-14 22:29:34', NULL, NULL, NULL, 1),
	(3660, 135, 901, NULL, 'REGULAR', '2017-09-14 22:29:34', NULL, NULL, NULL, 1),
	(3661, 136, 901, NULL, 'REGULAR', '2017-09-14 22:29:34', NULL, NULL, NULL, 1),
	(3662, 137, 901, NULL, 'REGULAR', '2017-09-14 22:29:34', NULL, NULL, NULL, 1),
	(3663, 172, 901, NULL, 'REGULAR', '2017-09-14 22:29:34', NULL, NULL, NULL, 1),
	(3664, 130, 902, NULL, 'REGULAR', '2017-09-14 22:29:34', NULL, NULL, NULL, 1),
	(3665, 131, 902, NULL, 'REGULAR', '2017-09-14 22:29:34', NULL, NULL, NULL, 1),
	(3666, 133, 902, NULL, 'REGULAR', '2017-09-14 22:29:34', NULL, NULL, NULL, 1),
	(3667, 134, 902, NULL, 'REGULAR', '2017-09-14 22:29:34', NULL, NULL, NULL, 1),
	(3668, 135, 902, NULL, 'REGULAR', '2017-09-14 22:29:34', NULL, NULL, NULL, 1),
	(3669, 136, 902, NULL, 'REGULAR', '2017-09-14 22:29:34', NULL, NULL, NULL, 1),
	(3670, 137, 902, NULL, 'REGULAR', '2017-09-14 22:29:34', NULL, NULL, NULL, 1),
	(3671, 172, 902, NULL, 'REGULAR', '2017-09-14 22:29:34', NULL, NULL, NULL, 1),
	(3672, 110, 903, NULL, 'REGULAR', '2017-09-14 22:29:34', NULL, NULL, NULL, 1),
	(3673, 111, 903, NULL, 'REGULAR', '2017-09-14 22:29:34', NULL, NULL, NULL, 1),
	(3674, 112, 903, NULL, 'REGULAR', '2017-09-14 22:29:34', NULL, NULL, NULL, 1),
	(3675, 113, 903, NULL, 'REGULAR', '2017-09-14 22:29:34', NULL, NULL, NULL, 1),
	(3676, 114, 903, NULL, 'REGULAR', '2017-09-14 22:29:34', NULL, NULL, NULL, 1),
	(3677, 115, 903, NULL, 'REGULAR', '2017-09-14 22:29:34', NULL, NULL, NULL, 1),
	(3678, 116, 903, NULL, 'REGULAR', '2017-09-14 22:29:34', NULL, NULL, NULL, 1),
	(3679, 117, 903, NULL, 'REGULAR', '2017-09-14 22:29:34', NULL, NULL, NULL, 1),
	(3680, 118, 903, NULL, 'REGULAR', '2017-09-14 22:29:34', NULL, NULL, NULL, 1),
	(3681, 119, 903, NULL, 'REGULAR', '2017-09-14 22:29:34', NULL, NULL, NULL, 1),
	(3682, 110, 904, NULL, 'REGULAR', '2017-09-14 22:29:34', NULL, NULL, NULL, 1),
	(3683, 111, 904, NULL, 'REGULAR', '2017-09-14 22:29:34', NULL, NULL, NULL, 1),
	(3684, 112, 904, NULL, 'REGULAR', '2017-09-14 22:29:34', NULL, NULL, NULL, 1),
	(3685, 113, 904, NULL, 'REGULAR', '2017-09-14 22:29:34', NULL, NULL, NULL, 1),
	(3686, 114, 904, NULL, 'REGULAR', '2017-09-14 22:29:34', NULL, NULL, NULL, 1),
	(3687, 115, 904, NULL, 'REGULAR', '2017-09-14 22:29:34', NULL, NULL, NULL, 1),
	(3688, 116, 904, NULL, 'REGULAR', '2017-09-14 22:29:34', NULL, NULL, NULL, 1),
	(3689, 117, 904, NULL, 'REGULAR', '2017-09-14 22:29:34', NULL, NULL, NULL, 1),
	(3690, 118, 904, NULL, 'REGULAR', '2017-09-14 22:29:34', NULL, NULL, NULL, 1),
	(3691, 119, 904, NULL, 'REGULAR', '2017-09-14 22:29:34', NULL, NULL, NULL, 1),
	(3692, 130, 905, NULL, 'REGULAR', '2017-09-14 22:29:34', NULL, NULL, NULL, 1),
	(3693, 131, 905, NULL, 'REGULAR', '2017-09-14 22:29:34', NULL, NULL, NULL, 1),
	(3694, 133, 905, NULL, 'REGULAR', '2017-09-14 22:29:34', NULL, NULL, NULL, 1),
	(3695, 134, 905, NULL, 'REGULAR', '2017-09-14 22:29:34', NULL, NULL, NULL, 1),
	(3696, 135, 905, NULL, 'REGULAR', '2017-09-14 22:29:34', NULL, NULL, NULL, 1),
	(3697, 136, 905, NULL, 'REGULAR', '2017-09-14 22:29:34', NULL, NULL, NULL, 1),
	(3698, 137, 905, NULL, 'REGULAR', '2017-09-14 22:29:34', NULL, NULL, NULL, 1),
	(3699, 172, 905, NULL, 'REGULAR', '2017-09-14 22:29:34', NULL, NULL, NULL, 1),
	(3700, 130, 906, NULL, 'REGULAR', '2017-09-14 22:29:34', NULL, NULL, NULL, 1),
	(3701, 131, 906, NULL, 'REGULAR', '2017-09-14 22:29:34', NULL, NULL, NULL, 1),
	(3702, 133, 906, NULL, 'REGULAR', '2017-09-14 22:29:34', NULL, NULL, NULL, 1),
	(3703, 134, 906, NULL, 'REGULAR', '2017-09-14 22:29:34', NULL, NULL, NULL, 1),
	(3704, 135, 906, NULL, 'REGULAR', '2017-09-14 22:29:34', NULL, NULL, NULL, 1),
	(3705, 136, 906, NULL, 'REGULAR', '2017-09-14 22:29:34', NULL, NULL, NULL, 1),
	(3706, 137, 906, NULL, 'REGULAR', '2017-09-14 22:29:34', NULL, NULL, NULL, 1),
	(3707, 172, 906, NULL, 'REGULAR', '2017-09-14 22:29:34', NULL, NULL, NULL, 1),
	(3708, 110, 907, NULL, 'REGULAR', '2017-09-14 22:29:34', NULL, NULL, NULL, 1),
	(3709, 111, 907, NULL, 'REGULAR', '2017-09-14 22:29:34', NULL, NULL, NULL, 1),
	(3710, 112, 907, NULL, 'REGULAR', '2017-09-14 22:29:34', NULL, NULL, NULL, 1),
	(3711, 113, 907, NULL, 'REGULAR', '2017-09-14 22:29:34', NULL, NULL, NULL, 1),
	(3712, 114, 907, NULL, 'REGULAR', '2017-09-14 22:29:34', NULL, NULL, NULL, 1),
	(3713, 115, 907, NULL, 'REGULAR', '2017-09-14 22:29:34', NULL, NULL, NULL, 1),
	(3714, 116, 907, NULL, 'REGULAR', '2017-09-14 22:29:34', NULL, NULL, NULL, 1),
	(3715, 117, 907, NULL, 'REGULAR', '2017-09-14 22:29:34', NULL, NULL, NULL, 1),
	(3716, 118, 907, NULL, 'REGULAR', '2017-09-14 22:29:34', NULL, NULL, NULL, 1),
	(3717, 119, 907, NULL, 'REGULAR', '2017-09-14 22:29:34', NULL, NULL, NULL, 1),
	(3718, 110, 908, NULL, 'REGULAR', '2017-09-14 22:29:34', NULL, NULL, NULL, 1),
	(3719, 111, 908, NULL, 'REGULAR', '2017-09-14 22:29:34', NULL, NULL, NULL, 1),
	(3720, 112, 908, NULL, 'REGULAR', '2017-09-14 22:29:35', NULL, NULL, NULL, 1),
	(3721, 113, 908, NULL, 'REGULAR', '2017-09-14 22:29:35', NULL, NULL, NULL, 1),
	(3722, 114, 908, NULL, 'REGULAR', '2017-09-14 22:29:35', NULL, NULL, NULL, 1),
	(3723, 115, 908, NULL, 'REGULAR', '2017-09-14 22:29:35', NULL, NULL, NULL, 1),
	(3724, 116, 908, NULL, 'REGULAR', '2017-09-14 22:29:35', NULL, NULL, NULL, 1),
	(3725, 117, 908, NULL, 'REGULAR', '2017-09-14 22:29:35', NULL, NULL, NULL, 1),
	(3726, 118, 908, NULL, 'REGULAR', '2017-09-14 22:29:35', NULL, NULL, NULL, 1),
	(3727, 119, 908, NULL, 'REGULAR', '2017-09-14 22:29:35', NULL, NULL, NULL, 1),
	(3728, 130, 909, NULL, 'REGULAR', '2017-09-14 22:29:35', NULL, NULL, NULL, 1),
	(3729, 131, 909, NULL, 'REGULAR', '2017-09-14 22:29:35', NULL, NULL, NULL, 1),
	(3730, 133, 909, NULL, 'REGULAR', '2017-09-14 22:29:35', NULL, NULL, NULL, 1),
	(3731, 134, 909, NULL, 'REGULAR', '2017-09-14 22:29:35', NULL, NULL, NULL, 1),
	(3732, 135, 909, NULL, 'REGULAR', '2017-09-14 22:29:35', NULL, NULL, NULL, 1),
	(3733, 136, 909, NULL, 'REGULAR', '2017-09-14 22:29:35', NULL, NULL, NULL, 1),
	(3734, 137, 909, NULL, 'REGULAR', '2017-09-14 22:29:35', NULL, NULL, NULL, 1),
	(3735, 172, 909, NULL, 'REGULAR', '2017-09-14 22:29:35', NULL, NULL, NULL, 1),
	(3736, 130, 910, NULL, 'REGULAR', '2017-09-14 22:29:35', NULL, NULL, NULL, 1),
	(3737, 131, 910, NULL, 'REGULAR', '2017-09-14 22:29:35', NULL, NULL, NULL, 1),
	(3738, 133, 910, NULL, 'REGULAR', '2017-09-14 22:29:35', NULL, NULL, NULL, 1),
	(3739, 134, 910, NULL, 'REGULAR', '2017-09-14 22:29:35', NULL, NULL, NULL, 1),
	(3740, 135, 910, NULL, 'REGULAR', '2017-09-14 22:29:35', NULL, NULL, NULL, 1),
	(3741, 136, 910, NULL, 'REGULAR', '2017-09-14 22:29:35', NULL, NULL, NULL, 1),
	(3742, 137, 910, NULL, 'REGULAR', '2017-09-14 22:29:35', NULL, NULL, NULL, 1),
	(3743, 172, 910, NULL, 'REGULAR', '2017-09-14 22:29:35', NULL, NULL, NULL, 1),
	(3744, 110, 911, NULL, 'REGULAR', '2017-09-14 22:29:35', NULL, NULL, NULL, 1),
	(3745, 111, 911, NULL, 'REGULAR', '2017-09-14 22:29:35', NULL, NULL, NULL, 1),
	(3746, 112, 911, NULL, 'REGULAR', '2017-09-14 22:29:35', NULL, NULL, NULL, 1),
	(3747, 113, 911, NULL, 'REGULAR', '2017-09-14 22:29:35', NULL, NULL, NULL, 1),
	(3748, 114, 911, NULL, 'REGULAR', '2017-09-14 22:29:35', NULL, NULL, NULL, 1),
	(3749, 115, 911, NULL, 'REGULAR', '2017-09-14 22:29:35', NULL, NULL, NULL, 1),
	(3750, 116, 911, NULL, 'REGULAR', '2017-09-14 22:29:35', NULL, NULL, NULL, 1),
	(3751, 117, 911, NULL, 'REGULAR', '2017-09-14 22:29:35', NULL, NULL, NULL, 1),
	(3752, 118, 911, NULL, 'REGULAR', '2017-09-14 22:29:35', NULL, NULL, NULL, 1),
	(3753, 119, 911, NULL, 'REGULAR', '2017-09-14 22:29:35', NULL, NULL, NULL, 1),
	(3754, 110, 912, NULL, 'REGULAR', '2017-09-14 22:29:35', NULL, NULL, NULL, 1),
	(3755, 111, 912, NULL, 'REGULAR', '2017-09-14 22:29:35', NULL, NULL, NULL, 1),
	(3756, 112, 912, NULL, 'REGULAR', '2017-09-14 22:29:35', NULL, NULL, NULL, 1),
	(3757, 113, 912, NULL, 'REGULAR', '2017-09-14 22:29:35', NULL, NULL, NULL, 1),
	(3758, 114, 912, NULL, 'REGULAR', '2017-09-14 22:29:35', NULL, NULL, NULL, 1),
	(3759, 115, 912, NULL, 'REGULAR', '2017-09-14 22:29:35', NULL, NULL, NULL, 1),
	(3760, 116, 912, NULL, 'REGULAR', '2017-09-14 22:29:35', NULL, NULL, NULL, 1),
	(3761, 117, 912, NULL, 'REGULAR', '2017-09-14 22:29:35', NULL, NULL, NULL, 1),
	(3762, 118, 912, NULL, 'REGULAR', '2017-09-14 22:29:35', NULL, NULL, NULL, 1),
	(3763, 119, 912, NULL, 'REGULAR', '2017-09-14 22:29:35', NULL, NULL, NULL, 1),
	(3764, 130, 913, NULL, 'REGULAR', '2017-09-14 22:29:35', NULL, NULL, NULL, 1),
	(3765, 131, 913, NULL, 'REGULAR', '2017-09-14 22:29:35', NULL, NULL, NULL, 1),
	(3766, 133, 913, NULL, 'REGULAR', '2017-09-14 22:29:35', NULL, NULL, NULL, 1),
	(3767, 134, 913, NULL, 'REGULAR', '2017-09-14 22:29:35', NULL, NULL, NULL, 1),
	(3768, 135, 913, NULL, 'REGULAR', '2017-09-14 22:29:35', NULL, NULL, NULL, 1),
	(3769, 136, 913, NULL, 'REGULAR', '2017-09-14 22:29:35', NULL, NULL, NULL, 1),
	(3770, 137, 913, NULL, 'REGULAR', '2017-09-14 22:29:35', NULL, NULL, NULL, 1),
	(3771, 172, 913, NULL, 'REGULAR', '2017-09-14 22:29:35', NULL, NULL, NULL, 1),
	(3772, 130, 914, NULL, 'REGULAR', '2017-09-14 22:29:35', NULL, NULL, NULL, 1),
	(3773, 131, 914, NULL, 'REGULAR', '2017-09-14 22:29:35', NULL, NULL, NULL, 1),
	(3774, 133, 914, NULL, 'REGULAR', '2017-09-14 22:29:35', NULL, NULL, NULL, 1),
	(3775, 134, 914, NULL, 'REGULAR', '2017-09-14 22:29:35', NULL, NULL, NULL, 1),
	(3776, 135, 914, NULL, 'REGULAR', '2017-09-14 22:29:35', NULL, NULL, NULL, 1),
	(3777, 136, 914, NULL, 'REGULAR', '2017-09-14 22:29:35', NULL, NULL, NULL, 1),
	(3778, 137, 914, NULL, 'REGULAR', '2017-09-14 22:29:35', NULL, NULL, NULL, 1),
	(3779, 172, 914, NULL, 'REGULAR', '2017-09-14 22:29:35', NULL, NULL, NULL, 1),
	(3780, 110, 915, NULL, 'REGULAR', '2017-09-14 22:29:35', NULL, NULL, NULL, 1),
	(3781, 111, 915, NULL, 'REGULAR', '2017-09-14 22:29:35', NULL, NULL, NULL, 1),
	(3782, 112, 915, NULL, 'REGULAR', '2017-09-14 22:29:35', NULL, NULL, NULL, 1),
	(3783, 113, 915, NULL, 'REGULAR', '2017-09-14 22:29:35', NULL, NULL, NULL, 1),
	(3784, 114, 915, NULL, 'REGULAR', '2017-09-14 22:29:35', NULL, NULL, NULL, 1),
	(3785, 115, 915, NULL, 'REGULAR', '2017-09-14 22:29:35', NULL, NULL, NULL, 1),
	(3786, 116, 915, NULL, 'REGULAR', '2017-09-14 22:29:35', NULL, NULL, NULL, 1),
	(3787, 117, 915, NULL, 'REGULAR', '2017-09-14 22:29:35', NULL, NULL, NULL, 1),
	(3788, 118, 915, NULL, 'REGULAR', '2017-09-14 22:29:35', NULL, NULL, NULL, 1),
	(3789, 119, 915, NULL, 'REGULAR', '2017-09-14 22:29:35', NULL, NULL, NULL, 1),
	(3790, 110, 916, NULL, 'REGULAR', '2017-09-14 22:29:35', NULL, NULL, NULL, 1),
	(3791, 111, 916, NULL, 'REGULAR', '2017-09-14 22:29:35', NULL, NULL, NULL, 1),
	(3792, 112, 916, NULL, 'REGULAR', '2017-09-14 22:29:35', NULL, NULL, NULL, 1),
	(3793, 113, 916, NULL, 'REGULAR', '2017-09-14 22:29:35', NULL, NULL, NULL, 1),
	(3794, 114, 916, NULL, 'REGULAR', '2017-09-14 22:29:35', NULL, NULL, NULL, 1),
	(3795, 115, 916, NULL, 'REGULAR', '2017-09-14 22:29:35', NULL, NULL, NULL, 1),
	(3796, 116, 916, NULL, 'REGULAR', '2017-09-14 22:29:35', NULL, NULL, NULL, 1),
	(3797, 117, 916, NULL, 'REGULAR', '2017-09-14 22:29:35', NULL, NULL, NULL, 1),
	(3798, 118, 916, NULL, 'REGULAR', '2017-09-14 22:29:35', NULL, NULL, NULL, 1),
	(3799, 119, 916, NULL, 'REGULAR', '2017-09-14 22:29:35', NULL, NULL, NULL, 1),
	(3800, 130, 917, NULL, 'REGULAR', '2017-09-14 22:29:35', NULL, NULL, NULL, 1),
	(3801, 131, 917, NULL, 'REGULAR', '2017-09-14 22:29:35', NULL, NULL, NULL, 1),
	(3802, 133, 917, NULL, 'REGULAR', '2017-09-14 22:29:35', NULL, NULL, NULL, 1),
	(3803, 134, 917, NULL, 'REGULAR', '2017-09-14 22:29:35', NULL, NULL, NULL, 1),
	(3804, 135, 917, NULL, 'REGULAR', '2017-09-14 22:29:35', NULL, NULL, NULL, 1),
	(3805, 136, 917, NULL, 'REGULAR', '2017-09-14 22:29:35', NULL, NULL, NULL, 1),
	(3806, 137, 917, NULL, 'REGULAR', '2017-09-14 22:29:35', NULL, NULL, NULL, 1),
	(3807, 172, 917, NULL, 'REGULAR', '2017-09-14 22:29:35', NULL, NULL, NULL, 1),
	(3808, 130, 918, NULL, 'REGULAR', '2017-09-14 22:29:35', NULL, NULL, NULL, 1),
	(3809, 131, 918, NULL, 'REGULAR', '2017-09-14 22:29:35', NULL, NULL, NULL, 1),
	(3810, 133, 918, NULL, 'REGULAR', '2017-09-14 22:29:35', NULL, NULL, NULL, 1),
	(3811, 134, 918, NULL, 'REGULAR', '2017-09-14 22:29:35', NULL, NULL, NULL, 1),
	(3812, 135, 918, NULL, 'REGULAR', '2017-09-14 22:29:35', NULL, NULL, NULL, 1),
	(3813, 136, 918, NULL, 'REGULAR', '2017-09-14 22:29:35', NULL, NULL, NULL, 1),
	(3814, 137, 918, NULL, 'REGULAR', '2017-09-14 22:29:35', NULL, NULL, NULL, 1),
	(3815, 172, 918, NULL, 'REGULAR', '2017-09-14 22:29:35', NULL, NULL, NULL, 1),
	(3816, 110, 919, NULL, 'REGULAR', '2017-09-14 22:29:35', NULL, NULL, NULL, 1),
	(3817, 111, 919, NULL, 'REGULAR', '2017-09-14 22:29:35', NULL, NULL, NULL, 1),
	(3818, 112, 919, NULL, 'REGULAR', '2017-09-14 22:29:35', NULL, NULL, NULL, 1),
	(3819, 113, 919, NULL, 'REGULAR', '2017-09-14 22:29:35', NULL, NULL, NULL, 1),
	(3820, 114, 919, NULL, 'REGULAR', '2017-09-14 22:29:35', NULL, NULL, NULL, 1),
	(3821, 115, 919, NULL, 'REGULAR', '2017-09-14 22:29:35', NULL, NULL, NULL, 1),
	(3822, 116, 919, NULL, 'REGULAR', '2017-09-14 22:29:35', NULL, NULL, NULL, 1),
	(3823, 117, 919, NULL, 'REGULAR', '2017-09-14 22:29:35', NULL, NULL, NULL, 1),
	(3824, 118, 919, NULL, 'REGULAR', '2017-09-14 22:29:35', NULL, NULL, NULL, 1),
	(3825, 119, 919, NULL, 'REGULAR', '2017-09-14 22:29:35', NULL, NULL, NULL, 1),
	(3826, 110, 920, NULL, 'REGULAR', '2017-09-14 22:29:35', NULL, NULL, NULL, 1),
	(3827, 111, 920, NULL, 'REGULAR', '2017-09-14 22:29:35', NULL, NULL, NULL, 1),
	(3828, 112, 920, NULL, 'REGULAR', '2017-09-14 22:29:35', NULL, NULL, NULL, 1),
	(3829, 113, 920, NULL, 'REGULAR', '2017-09-14 22:29:35', NULL, NULL, NULL, 1),
	(3830, 114, 920, NULL, 'REGULAR', '2017-09-14 22:29:35', NULL, NULL, NULL, 1),
	(3831, 115, 920, NULL, 'REGULAR', '2017-09-14 22:29:35', NULL, NULL, NULL, 1),
	(3832, 116, 920, NULL, 'REGULAR', '2017-09-14 22:29:35', NULL, NULL, NULL, 1),
	(3833, 117, 920, NULL, 'REGULAR', '2017-09-14 22:29:35', NULL, NULL, NULL, 1),
	(3834, 118, 920, NULL, 'REGULAR', '2017-09-14 22:29:35', NULL, NULL, NULL, 1),
	(3835, 119, 920, NULL, 'REGULAR', '2017-09-14 22:29:35', NULL, NULL, NULL, 1),
	(3836, 130, 921, NULL, 'REGULAR', '2017-09-14 22:29:35', NULL, NULL, NULL, 1),
	(3837, 131, 921, NULL, 'REGULAR', '2017-09-14 22:29:35', NULL, NULL, NULL, 1),
	(3838, 133, 921, NULL, 'REGULAR', '2017-09-14 22:29:35', NULL, NULL, NULL, 1),
	(3839, 134, 921, NULL, 'REGULAR', '2017-09-14 22:29:35', NULL, NULL, NULL, 1),
	(3840, 135, 921, NULL, 'REGULAR', '2017-09-14 22:29:35', NULL, NULL, NULL, 1),
	(3841, 136, 921, NULL, 'REGULAR', '2017-09-14 22:29:35', NULL, NULL, NULL, 1),
	(3842, 137, 921, NULL, 'REGULAR', '2017-09-14 22:29:35', NULL, NULL, NULL, 1),
	(3843, 172, 921, NULL, 'REGULAR', '2017-09-14 22:29:35', NULL, NULL, NULL, 1),
	(3844, 130, 922, NULL, 'REGULAR', '2017-09-14 22:29:35', NULL, NULL, NULL, 1),
	(3845, 131, 922, NULL, 'REGULAR', '2017-09-14 22:29:35', NULL, NULL, NULL, 1),
	(3846, 133, 922, NULL, 'REGULAR', '2017-09-14 22:29:35', NULL, NULL, NULL, 1),
	(3847, 134, 922, NULL, 'REGULAR', '2017-09-14 22:29:35', NULL, NULL, NULL, 1),
	(3848, 135, 922, NULL, 'REGULAR', '2017-09-14 22:29:35', NULL, NULL, NULL, 1),
	(3849, 136, 922, NULL, 'REGULAR', '2017-09-14 22:29:35', NULL, NULL, NULL, 1),
	(3850, 137, 922, NULL, 'REGULAR', '2017-09-14 22:29:35', NULL, NULL, NULL, 1),
	(3851, 172, 922, NULL, 'REGULAR', '2017-09-14 22:29:35', NULL, NULL, NULL, 1),
	(3852, 110, 923, NULL, 'REGULAR', '2017-09-14 22:29:35', NULL, NULL, NULL, 1),
	(3853, 111, 923, NULL, 'REGULAR', '2017-09-14 22:29:35', NULL, NULL, NULL, 1),
	(3854, 112, 923, NULL, 'REGULAR', '2017-09-14 22:29:35', NULL, NULL, NULL, 1),
	(3855, 113, 923, NULL, 'REGULAR', '2017-09-14 22:29:35', NULL, NULL, NULL, 1),
	(3856, 114, 923, NULL, 'REGULAR', '2017-09-14 22:29:35', NULL, NULL, NULL, 1),
	(3857, 115, 923, NULL, 'REGULAR', '2017-09-14 22:29:35', NULL, NULL, NULL, 1),
	(3858, 116, 923, NULL, 'REGULAR', '2017-09-14 22:29:35', NULL, NULL, NULL, 1),
	(3859, 117, 923, NULL, 'REGULAR', '2017-09-14 22:29:35', NULL, NULL, NULL, 1),
	(3860, 118, 923, NULL, 'REGULAR', '2017-09-14 22:29:35', NULL, NULL, NULL, 1),
	(3861, 119, 923, NULL, 'REGULAR', '2017-09-14 22:29:35', NULL, NULL, NULL, 1),
	(3862, 110, 924, NULL, 'REGULAR', '2017-09-14 22:29:35', NULL, NULL, NULL, 1),
	(3863, 111, 924, NULL, 'REGULAR', '2017-09-14 22:29:35', NULL, NULL, NULL, 1),
	(3864, 112, 924, NULL, 'REGULAR', '2017-09-14 22:29:35', NULL, NULL, NULL, 1),
	(3865, 113, 924, NULL, 'REGULAR', '2017-09-14 22:29:35', NULL, NULL, NULL, 1),
	(3866, 114, 924, NULL, 'REGULAR', '2017-09-14 22:29:35', NULL, NULL, NULL, 1),
	(3867, 115, 924, NULL, 'REGULAR', '2017-09-14 22:29:35', NULL, NULL, NULL, 1),
	(3868, 116, 924, NULL, 'REGULAR', '2017-09-14 22:29:35', NULL, NULL, NULL, 1),
	(3869, 117, 924, NULL, 'REGULAR', '2017-09-14 22:29:35', NULL, NULL, NULL, 1),
	(3870, 118, 924, NULL, 'REGULAR', '2017-09-14 22:29:35', NULL, NULL, NULL, 1),
	(3871, 119, 924, NULL, 'REGULAR', '2017-09-14 22:29:35', NULL, NULL, NULL, 1),
	(3872, 130, 925, NULL, 'REGULAR', '2017-09-14 22:29:35', NULL, NULL, NULL, 1),
	(3873, 131, 925, NULL, 'REGULAR', '2017-09-14 22:29:35', NULL, NULL, NULL, 1),
	(3874, 133, 925, NULL, 'REGULAR', '2017-09-14 22:29:35', NULL, NULL, NULL, 1),
	(3875, 134, 925, NULL, 'REGULAR', '2017-09-14 22:29:35', NULL, NULL, NULL, 1),
	(3876, 135, 925, NULL, 'REGULAR', '2017-09-14 22:29:35', NULL, NULL, NULL, 1),
	(3877, 136, 925, NULL, 'REGULAR', '2017-09-14 22:29:35', NULL, NULL, NULL, 1),
	(3878, 137, 925, NULL, 'REGULAR', '2017-09-14 22:29:35', NULL, NULL, NULL, 1),
	(3879, 172, 925, NULL, 'REGULAR', '2017-09-14 22:29:35', NULL, NULL, NULL, 1),
	(3880, 130, 926, NULL, 'REGULAR', '2017-09-14 22:29:35', NULL, NULL, NULL, 1),
	(3881, 131, 926, NULL, 'REGULAR', '2017-09-14 22:29:35', NULL, NULL, NULL, 1),
	(3882, 133, 926, NULL, 'REGULAR', '2017-09-14 22:29:35', NULL, NULL, NULL, 1),
	(3883, 134, 926, NULL, 'REGULAR', '2017-09-14 22:29:35', NULL, NULL, NULL, 1),
	(3884, 135, 926, NULL, 'REGULAR', '2017-09-14 22:29:35', NULL, NULL, NULL, 1),
	(3885, 136, 926, NULL, 'REGULAR', '2017-09-14 22:29:35', NULL, NULL, NULL, 1),
	(3886, 137, 926, NULL, 'REGULAR', '2017-09-14 22:29:35', NULL, NULL, NULL, 1),
	(3887, 172, 926, NULL, 'REGULAR', '2017-09-14 22:29:35', NULL, NULL, NULL, 1),
	(3888, 110, 927, NULL, 'REGULAR', '2017-09-14 22:29:35', NULL, NULL, NULL, 1),
	(3889, 111, 927, NULL, 'REGULAR', '2017-09-14 22:29:35', NULL, NULL, NULL, 1),
	(3890, 112, 927, NULL, 'REGULAR', '2017-09-14 22:29:35', NULL, NULL, NULL, 1),
	(3891, 113, 927, NULL, 'REGULAR', '2017-09-14 22:29:35', NULL, NULL, NULL, 1),
	(3892, 114, 927, NULL, 'REGULAR', '2017-09-14 22:29:35', NULL, NULL, NULL, 1),
	(3893, 115, 927, NULL, 'REGULAR', '2017-09-14 22:29:35', NULL, NULL, NULL, 1),
	(3894, 116, 927, NULL, 'REGULAR', '2017-09-14 22:29:35', NULL, NULL, NULL, 1),
	(3895, 117, 927, NULL, 'REGULAR', '2017-09-14 22:29:35', NULL, NULL, NULL, 1),
	(3896, 118, 927, NULL, 'REGULAR', '2017-09-14 22:29:35', NULL, NULL, NULL, 1),
	(3897, 119, 927, NULL, 'REGULAR', '2017-09-14 22:29:35', NULL, NULL, NULL, 1),
	(3898, 110, 928, NULL, 'REGULAR', '2017-09-14 22:29:35', NULL, NULL, NULL, 1),
	(3899, 111, 928, NULL, 'REGULAR', '2017-09-14 22:29:35', NULL, NULL, NULL, 1),
	(3900, 112, 928, NULL, 'REGULAR', '2017-09-14 22:29:35', NULL, NULL, NULL, 1),
	(3901, 113, 928, NULL, 'REGULAR', '2017-09-14 22:29:35', NULL, NULL, NULL, 1),
	(3902, 114, 928, NULL, 'REGULAR', '2017-09-14 22:29:35', NULL, NULL, NULL, 1),
	(3903, 115, 928, NULL, 'REGULAR', '2017-09-14 22:29:35', NULL, NULL, NULL, 1),
	(3904, 116, 928, NULL, 'REGULAR', '2017-09-14 22:29:35', NULL, NULL, NULL, 1),
	(3905, 117, 928, NULL, 'REGULAR', '2017-09-14 22:29:35', NULL, NULL, NULL, 1),
	(3906, 118, 928, NULL, 'REGULAR', '2017-09-14 22:29:35', NULL, NULL, NULL, 1),
	(3907, 119, 928, NULL, 'REGULAR', '2017-09-14 22:29:35', NULL, NULL, NULL, 1),
	(3908, 130, 929, NULL, 'REGULAR', '2017-09-14 22:29:35', NULL, NULL, NULL, 1),
	(3909, 131, 929, NULL, 'REGULAR', '2017-09-14 22:29:35', NULL, NULL, NULL, 1),
	(3910, 133, 929, NULL, 'REGULAR', '2017-09-14 22:29:35', NULL, NULL, NULL, 1),
	(3911, 134, 929, NULL, 'REGULAR', '2017-09-14 22:29:35', NULL, NULL, NULL, 1),
	(3912, 135, 929, NULL, 'REGULAR', '2017-09-14 22:29:35', NULL, NULL, NULL, 1),
	(3913, 136, 929, NULL, 'REGULAR', '2017-09-14 22:29:35', NULL, NULL, NULL, 1),
	(3914, 137, 929, NULL, 'REGULAR', '2017-09-14 22:29:35', NULL, NULL, NULL, 1),
	(3915, 172, 929, NULL, 'REGULAR', '2017-09-14 22:29:35', NULL, NULL, NULL, 1),
	(3916, 130, 930, NULL, 'REGULAR', '2017-09-14 22:29:35', NULL, NULL, NULL, 1),
	(3917, 131, 930, NULL, 'REGULAR', '2017-09-14 22:29:35', NULL, NULL, NULL, 1),
	(3918, 133, 930, NULL, 'REGULAR', '2017-09-14 22:29:35', NULL, NULL, NULL, 1),
	(3919, 134, 930, NULL, 'REGULAR', '2017-09-14 22:29:35', NULL, NULL, NULL, 1),
	(3920, 135, 930, NULL, 'REGULAR', '2017-09-14 22:29:35', NULL, NULL, NULL, 1),
	(3921, 136, 930, NULL, 'REGULAR', '2017-09-14 22:29:35', NULL, NULL, NULL, 1),
	(3922, 137, 930, NULL, 'REGULAR', '2017-09-14 22:29:35', NULL, NULL, NULL, 1),
	(3923, 172, 930, NULL, 'REGULAR', '2017-09-14 22:29:35', NULL, NULL, NULL, 1),
	(3924, 110, 931, NULL, 'REGULAR', '2017-09-14 22:29:35', NULL, NULL, NULL, 1),
	(3925, 111, 931, NULL, 'REGULAR', '2017-09-14 22:29:35', NULL, NULL, NULL, 1),
	(3926, 112, 931, NULL, 'REGULAR', '2017-09-14 22:29:35', NULL, NULL, NULL, 1),
	(3927, 113, 931, NULL, 'REGULAR', '2017-09-14 22:29:35', NULL, NULL, NULL, 1),
	(3928, 114, 931, NULL, 'REGULAR', '2017-09-14 22:29:35', NULL, NULL, NULL, 1),
	(3929, 115, 931, NULL, 'REGULAR', '2017-09-14 22:29:35', NULL, NULL, NULL, 1),
	(3930, 116, 931, NULL, 'REGULAR', '2017-09-14 22:29:35', NULL, NULL, NULL, 1),
	(3931, 117, 931, NULL, 'REGULAR', '2017-09-14 22:29:35', NULL, NULL, NULL, 1),
	(3932, 118, 931, NULL, 'REGULAR', '2017-09-14 22:29:35', NULL, NULL, NULL, 1),
	(3933, 119, 931, NULL, 'REGULAR', '2017-09-14 22:29:35', NULL, NULL, NULL, 1),
	(3934, 110, 932, NULL, 'REGULAR', '2017-09-14 22:29:35', NULL, NULL, NULL, 1),
	(3935, 111, 932, NULL, 'REGULAR', '2017-09-14 22:29:35', NULL, NULL, NULL, 1),
	(3936, 112, 932, NULL, 'REGULAR', '2017-09-14 22:29:35', NULL, NULL, NULL, 1),
	(3937, 113, 932, NULL, 'REGULAR', '2017-09-14 22:29:35', NULL, NULL, NULL, 1),
	(3938, 114, 932, NULL, 'REGULAR', '2017-09-14 22:29:35', NULL, NULL, NULL, 1),
	(3939, 115, 932, NULL, 'REGULAR', '2017-09-14 22:29:35', NULL, NULL, NULL, 1),
	(3940, 116, 932, NULL, 'REGULAR', '2017-09-14 22:29:35', NULL, NULL, NULL, 1),
	(3941, 117, 932, NULL, 'REGULAR', '2017-09-14 22:29:35', NULL, NULL, NULL, 1),
	(3942, 118, 932, NULL, 'REGULAR', '2017-09-14 22:29:35', NULL, NULL, NULL, 1),
	(3943, 119, 932, NULL, 'REGULAR', '2017-09-14 22:29:35', NULL, NULL, NULL, 1),
	(3944, 130, 933, NULL, 'REGULAR', '2017-09-14 22:29:35', NULL, NULL, NULL, 1),
	(3945, 131, 933, NULL, 'REGULAR', '2017-09-14 22:29:35', NULL, NULL, NULL, 1),
	(3946, 133, 933, NULL, 'REGULAR', '2017-09-14 22:29:35', NULL, NULL, NULL, 1),
	(3947, 134, 933, NULL, 'REGULAR', '2017-09-14 22:29:35', NULL, NULL, NULL, 1),
	(3948, 135, 933, NULL, 'REGULAR', '2017-09-14 22:29:35', NULL, NULL, NULL, 1),
	(3949, 136, 933, NULL, 'REGULAR', '2017-09-14 22:29:35', NULL, NULL, NULL, 1),
	(3950, 137, 933, NULL, 'REGULAR', '2017-09-14 22:29:35', NULL, NULL, NULL, 1),
	(3951, 172, 933, NULL, 'REGULAR', '2017-09-14 22:29:35', NULL, NULL, NULL, 1),
	(3952, 130, 934, NULL, 'REGULAR', '2017-09-14 22:29:35', NULL, NULL, NULL, 1),
	(3953, 131, 934, NULL, 'REGULAR', '2017-09-14 22:29:35', NULL, NULL, NULL, 1),
	(3954, 133, 934, NULL, 'REGULAR', '2017-09-14 22:29:35', NULL, NULL, NULL, 1),
	(3955, 134, 934, NULL, 'REGULAR', '2017-09-14 22:29:35', NULL, NULL, NULL, 1),
	(3956, 135, 934, NULL, 'REGULAR', '2017-09-14 22:29:35', NULL, NULL, NULL, 1),
	(3957, 136, 934, NULL, 'REGULAR', '2017-09-14 22:29:35', NULL, NULL, NULL, 1),
	(3958, 137, 934, NULL, 'REGULAR', '2017-09-14 22:29:35', NULL, NULL, NULL, 1),
	(3959, 172, 934, NULL, 'REGULAR', '2017-09-14 22:29:35', NULL, NULL, NULL, 1),
	(3960, 110, 935, NULL, 'REGULAR', '2017-09-14 22:29:35', NULL, NULL, NULL, 1),
	(3961, 111, 935, NULL, 'REGULAR', '2017-09-14 22:29:35', NULL, NULL, NULL, 1),
	(3962, 112, 935, NULL, 'REGULAR', '2017-09-14 22:29:35', NULL, NULL, NULL, 1),
	(3963, 113, 935, NULL, 'REGULAR', '2017-09-14 22:29:35', NULL, NULL, NULL, 1),
	(3964, 114, 935, NULL, 'REGULAR', '2017-09-14 22:29:35', NULL, NULL, NULL, 1),
	(3965, 115, 935, NULL, 'REGULAR', '2017-09-14 22:29:35', NULL, NULL, NULL, 1),
	(3966, 116, 935, NULL, 'REGULAR', '2017-09-14 22:29:35', NULL, NULL, NULL, 1),
	(3967, 117, 935, NULL, 'REGULAR', '2017-09-14 22:29:35', NULL, NULL, NULL, 1),
	(3968, 118, 935, NULL, 'REGULAR', '2017-09-14 22:29:35', NULL, NULL, NULL, 1),
	(3969, 119, 935, NULL, 'REGULAR', '2017-09-14 22:29:35', NULL, NULL, NULL, 1),
	(3970, 110, 936, NULL, 'REGULAR', '2017-09-14 22:29:35', NULL, NULL, NULL, 1),
	(3971, 111, 936, NULL, 'REGULAR', '2017-09-14 22:29:35', NULL, NULL, NULL, 1),
	(3972, 112, 936, NULL, 'REGULAR', '2017-09-14 22:29:35', NULL, NULL, NULL, 1),
	(3973, 113, 936, NULL, 'REGULAR', '2017-09-14 22:29:35', NULL, NULL, NULL, 1),
	(3974, 114, 936, NULL, 'REGULAR', '2017-09-14 22:29:35', NULL, NULL, NULL, 1),
	(3975, 115, 936, NULL, 'REGULAR', '2017-09-14 22:29:35', NULL, NULL, NULL, 1),
	(3976, 116, 936, NULL, 'REGULAR', '2017-09-14 22:29:35', NULL, NULL, NULL, 1),
	(3977, 117, 936, NULL, 'REGULAR', '2017-09-14 22:29:35', NULL, NULL, NULL, 1),
	(3978, 118, 936, NULL, 'REGULAR', '2017-09-14 22:29:35', NULL, NULL, NULL, 1),
	(3979, 119, 936, NULL, 'REGULAR', '2017-09-14 22:29:35', NULL, NULL, NULL, 1),
	(3980, 130, 937, NULL, 'REGULAR', '2017-09-14 22:29:35', NULL, NULL, NULL, 1),
	(3981, 131, 937, NULL, 'REGULAR', '2017-09-14 22:29:35', NULL, NULL, NULL, 1),
	(3982, 133, 937, NULL, 'REGULAR', '2017-09-14 22:29:35', NULL, NULL, NULL, 1),
	(3983, 134, 937, NULL, 'REGULAR', '2017-09-14 22:29:35', NULL, NULL, NULL, 1),
	(3984, 135, 937, NULL, 'REGULAR', '2017-09-14 22:29:35', NULL, NULL, NULL, 1),
	(3985, 136, 937, NULL, 'REGULAR', '2017-09-14 22:29:35', NULL, NULL, NULL, 1),
	(3986, 137, 937, NULL, 'REGULAR', '2017-09-14 22:29:35', NULL, NULL, NULL, 1),
	(3987, 172, 937, NULL, 'REGULAR', '2017-09-14 22:29:35', NULL, NULL, NULL, 1),
	(3988, 130, 938, NULL, 'REGULAR', '2017-09-14 22:29:35', NULL, NULL, NULL, 1),
	(3989, 131, 938, NULL, 'REGULAR', '2017-09-14 22:29:35', NULL, NULL, NULL, 1),
	(3990, 133, 938, NULL, 'REGULAR', '2017-09-14 22:29:35', NULL, NULL, NULL, 1),
	(3991, 134, 938, NULL, 'REGULAR', '2017-09-14 22:29:35', NULL, NULL, NULL, 1),
	(3992, 135, 938, NULL, 'REGULAR', '2017-09-14 22:29:35', NULL, NULL, NULL, 1),
	(3993, 136, 938, NULL, 'REGULAR', '2017-09-14 22:29:35', NULL, NULL, NULL, 1),
	(3994, 137, 938, NULL, 'REGULAR', '2017-09-14 22:29:35', NULL, NULL, NULL, 1),
	(3995, 172, 938, NULL, 'REGULAR', '2017-09-14 22:29:35', NULL, NULL, NULL, 1),
	(3996, 110, 939, NULL, 'REGULAR', '2017-09-14 22:29:35', NULL, NULL, NULL, 1),
	(3997, 111, 939, NULL, 'REGULAR', '2017-09-14 22:29:35', NULL, NULL, NULL, 1),
	(3998, 112, 939, NULL, 'REGULAR', '2017-09-14 22:29:35', NULL, NULL, NULL, 1),
	(3999, 113, 939, NULL, 'REGULAR', '2017-09-14 22:29:35', NULL, NULL, NULL, 1),
	(4000, 114, 939, NULL, 'REGULAR', '2017-09-14 22:29:35', NULL, NULL, NULL, 1),
	(4001, 115, 939, NULL, 'REGULAR', '2017-09-14 22:29:35', NULL, NULL, NULL, 1),
	(4002, 116, 939, NULL, 'REGULAR', '2017-09-14 22:29:35', NULL, NULL, NULL, 1),
	(4003, 117, 939, NULL, 'REGULAR', '2017-09-14 22:29:35', NULL, NULL, NULL, 1),
	(4004, 118, 939, NULL, 'REGULAR', '2017-09-14 22:29:35', NULL, NULL, NULL, 1),
	(4005, 119, 939, NULL, 'REGULAR', '2017-09-14 22:29:35', NULL, NULL, NULL, 1),
	(4006, 110, 940, NULL, 'REGULAR', '2017-09-14 22:29:35', NULL, NULL, NULL, 1),
	(4007, 111, 940, NULL, 'REGULAR', '2017-09-14 22:29:35', NULL, NULL, NULL, 1),
	(4008, 112, 940, NULL, 'REGULAR', '2017-09-14 22:29:35', NULL, NULL, NULL, 1),
	(4009, 113, 940, NULL, 'REGULAR', '2017-09-14 22:29:35', NULL, NULL, NULL, 1),
	(4010, 114, 940, NULL, 'REGULAR', '2017-09-14 22:29:35', NULL, NULL, NULL, 1),
	(4011, 115, 940, NULL, 'REGULAR', '2017-09-14 22:29:35', NULL, NULL, NULL, 1),
	(4012, 116, 940, NULL, 'REGULAR', '2017-09-14 22:29:35', NULL, NULL, NULL, 1),
	(4013, 117, 940, NULL, 'REGULAR', '2017-09-14 22:29:35', NULL, NULL, NULL, 1),
	(4014, 118, 940, NULL, 'REGULAR', '2017-09-14 22:29:35', NULL, NULL, NULL, 1),
	(4015, 119, 940, NULL, 'REGULAR', '2017-09-14 22:29:35', NULL, NULL, NULL, 1),
	(4016, 130, 941, NULL, 'REGULAR', '2017-09-14 22:29:35', NULL, NULL, NULL, 1),
	(4017, 131, 941, NULL, 'REGULAR', '2017-09-14 22:29:35', NULL, NULL, NULL, 1),
	(4018, 133, 941, NULL, 'REGULAR', '2017-09-14 22:29:35', NULL, NULL, NULL, 1),
	(4019, 134, 941, NULL, 'REGULAR', '2017-09-14 22:29:35', NULL, NULL, NULL, 1),
	(4020, 135, 941, NULL, 'REGULAR', '2017-09-14 22:29:35', NULL, NULL, NULL, 1),
	(4021, 136, 941, NULL, 'REGULAR', '2017-09-14 22:29:35', NULL, NULL, NULL, 1),
	(4022, 137, 941, NULL, 'REGULAR', '2017-09-14 22:29:35', NULL, NULL, NULL, 1),
	(4023, 172, 941, NULL, 'REGULAR', '2017-09-14 22:29:36', NULL, NULL, NULL, 1),
	(4024, 130, 942, NULL, 'REGULAR', '2017-09-14 22:29:36', NULL, NULL, NULL, 1),
	(4025, 131, 942, NULL, 'REGULAR', '2017-09-14 22:29:36', NULL, NULL, NULL, 1),
	(4026, 133, 942, NULL, 'REGULAR', '2017-09-14 22:29:36', NULL, NULL, NULL, 1),
	(4027, 134, 942, NULL, 'REGULAR', '2017-09-14 22:29:36', NULL, NULL, NULL, 1),
	(4028, 135, 942, NULL, 'REGULAR', '2017-09-14 22:29:36', NULL, NULL, NULL, 1),
	(4029, 136, 942, NULL, 'REGULAR', '2017-09-14 22:29:36', NULL, NULL, NULL, 1),
	(4030, 137, 942, NULL, 'REGULAR', '2017-09-14 22:29:36', NULL, NULL, NULL, 1),
	(4031, 172, 942, NULL, 'REGULAR', '2017-09-14 22:29:36', NULL, NULL, NULL, 1),
	(4032, 110, 943, NULL, 'REGULAR', '2017-09-14 22:29:36', NULL, NULL, NULL, 1),
	(4033, 111, 943, NULL, 'REGULAR', '2017-09-14 22:29:36', NULL, NULL, NULL, 1),
	(4034, 112, 943, NULL, 'REGULAR', '2017-09-14 22:29:36', NULL, NULL, NULL, 1),
	(4035, 113, 943, NULL, 'REGULAR', '2017-09-14 22:29:36', NULL, NULL, NULL, 1),
	(4036, 114, 943, NULL, 'REGULAR', '2017-09-14 22:29:36', NULL, NULL, NULL, 1),
	(4037, 115, 943, NULL, 'REGULAR', '2017-09-14 22:29:36', NULL, NULL, NULL, 1),
	(4038, 116, 943, NULL, 'REGULAR', '2017-09-14 22:29:36', NULL, NULL, NULL, 1),
	(4039, 117, 943, NULL, 'REGULAR', '2017-09-14 22:29:36', NULL, NULL, NULL, 1),
	(4040, 118, 943, NULL, 'REGULAR', '2017-09-14 22:29:36', NULL, NULL, NULL, 1),
	(4041, 119, 943, NULL, 'REGULAR', '2017-09-14 22:29:36', NULL, NULL, NULL, 1),
	(4042, 110, 944, NULL, 'REGULAR', '2017-09-14 22:29:36', NULL, NULL, NULL, 1),
	(4043, 111, 944, NULL, 'REGULAR', '2017-09-14 22:29:36', NULL, NULL, NULL, 1),
	(4044, 112, 944, NULL, 'REGULAR', '2017-09-14 22:29:36', NULL, NULL, NULL, 1),
	(4045, 113, 944, NULL, 'REGULAR', '2017-09-14 22:29:36', NULL, NULL, NULL, 1),
	(4046, 114, 944, NULL, 'REGULAR', '2017-09-14 22:29:36', NULL, NULL, NULL, 1),
	(4047, 115, 944, NULL, 'REGULAR', '2017-09-14 22:29:36', NULL, NULL, NULL, 1),
	(4048, 116, 944, NULL, 'REGULAR', '2017-09-14 22:29:36', NULL, NULL, NULL, 1),
	(4049, 117, 944, NULL, 'REGULAR', '2017-09-14 22:29:36', NULL, NULL, NULL, 1),
	(4050, 118, 944, NULL, 'REGULAR', '2017-09-14 22:29:36', NULL, NULL, NULL, 1),
	(4051, 119, 944, NULL, 'REGULAR', '2017-09-14 22:29:36', NULL, NULL, NULL, 1),
	(4052, 130, 945, NULL, 'REGULAR', '2017-09-14 22:29:36', NULL, NULL, NULL, 1),
	(4053, 131, 945, NULL, 'REGULAR', '2017-09-14 22:29:36', NULL, NULL, NULL, 1),
	(4054, 133, 945, NULL, 'REGULAR', '2017-09-14 22:29:36', NULL, NULL, NULL, 1),
	(4055, 134, 945, NULL, 'REGULAR', '2017-09-14 22:29:36', NULL, NULL, NULL, 1),
	(4056, 135, 945, NULL, 'REGULAR', '2017-09-14 22:29:36', NULL, NULL, NULL, 1),
	(4057, 136, 945, NULL, 'REGULAR', '2017-09-14 22:29:36', NULL, NULL, NULL, 1),
	(4058, 137, 945, NULL, 'REGULAR', '2017-09-14 22:29:36', NULL, NULL, NULL, 1),
	(4059, 172, 945, NULL, 'REGULAR', '2017-09-14 22:29:36', NULL, NULL, NULL, 1),
	(4060, 130, 946, NULL, 'REGULAR', '2017-09-14 22:29:36', NULL, NULL, NULL, 1),
	(4061, 131, 946, NULL, 'REGULAR', '2017-09-14 22:29:36', NULL, NULL, NULL, 1),
	(4062, 133, 946, NULL, 'REGULAR', '2017-09-14 22:29:36', NULL, NULL, NULL, 1),
	(4063, 134, 946, NULL, 'REGULAR', '2017-09-14 22:29:36', NULL, NULL, NULL, 1),
	(4064, 135, 946, NULL, 'REGULAR', '2017-09-14 22:29:36', NULL, NULL, NULL, 1),
	(4065, 136, 946, NULL, 'REGULAR', '2017-09-14 22:29:36', NULL, NULL, NULL, 1),
	(4066, 137, 946, NULL, 'REGULAR', '2017-09-14 22:29:36', NULL, NULL, NULL, 1),
	(4067, 172, 946, NULL, 'REGULAR', '2017-09-14 22:29:36', NULL, NULL, NULL, 1),
	(4068, 110, 947, NULL, 'REGULAR', '2017-09-14 22:29:36', NULL, NULL, NULL, 1),
	(4069, 111, 947, NULL, 'REGULAR', '2017-09-14 22:29:36', NULL, NULL, NULL, 1),
	(4070, 112, 947, NULL, 'REGULAR', '2017-09-14 22:29:36', NULL, NULL, NULL, 1),
	(4071, 113, 947, NULL, 'REGULAR', '2017-09-14 22:29:36', NULL, NULL, NULL, 1),
	(4072, 114, 947, NULL, 'REGULAR', '2017-09-14 22:29:36', NULL, NULL, NULL, 1),
	(4073, 115, 947, NULL, 'REGULAR', '2017-09-14 22:29:36', NULL, NULL, NULL, 1),
	(4074, 116, 947, NULL, 'REGULAR', '2017-09-14 22:29:36', NULL, NULL, NULL, 1),
	(4075, 117, 947, NULL, 'REGULAR', '2017-09-14 22:29:36', NULL, NULL, NULL, 1),
	(4076, 118, 947, NULL, 'REGULAR', '2017-09-14 22:29:36', NULL, NULL, NULL, 1),
	(4077, 119, 947, NULL, 'REGULAR', '2017-09-14 22:29:36', NULL, NULL, NULL, 1),
	(4078, 110, 948, NULL, 'REGULAR', '2017-09-14 22:29:36', NULL, NULL, NULL, 1),
	(4079, 111, 948, NULL, 'REGULAR', '2017-09-14 22:29:36', NULL, NULL, NULL, 1),
	(4080, 112, 948, NULL, 'REGULAR', '2017-09-14 22:29:36', NULL, NULL, NULL, 1),
	(4081, 113, 948, NULL, 'REGULAR', '2017-09-14 22:29:36', NULL, NULL, NULL, 1),
	(4082, 114, 948, NULL, 'REGULAR', '2017-09-14 22:29:36', NULL, NULL, NULL, 1),
	(4083, 115, 948, NULL, 'REGULAR', '2017-09-14 22:29:36', NULL, NULL, NULL, 1),
	(4084, 116, 948, NULL, 'REGULAR', '2017-09-14 22:29:36', NULL, NULL, NULL, 1),
	(4085, 117, 948, NULL, 'REGULAR', '2017-09-14 22:29:36', NULL, NULL, NULL, 1),
	(4086, 118, 948, NULL, 'REGULAR', '2017-09-14 22:29:36', NULL, NULL, NULL, 1),
	(4087, 119, 948, NULL, 'REGULAR', '2017-09-14 22:29:36', NULL, NULL, NULL, 1),
	(4088, 130, 949, NULL, 'REGULAR', '2017-09-14 22:29:36', NULL, NULL, NULL, 1),
	(4089, 131, 949, NULL, 'REGULAR', '2017-09-14 22:29:36', NULL, NULL, NULL, 1),
	(4090, 133, 949, NULL, 'REGULAR', '2017-09-14 22:29:36', NULL, NULL, NULL, 1),
	(4091, 134, 949, NULL, 'REGULAR', '2017-09-14 22:29:36', NULL, NULL, NULL, 1),
	(4092, 135, 949, NULL, 'REGULAR', '2017-09-14 22:29:36', NULL, NULL, NULL, 1),
	(4093, 136, 949, NULL, 'REGULAR', '2017-09-14 22:29:36', NULL, NULL, NULL, 1),
	(4094, 137, 949, NULL, 'REGULAR', '2017-09-14 22:29:36', NULL, NULL, NULL, 1),
	(4095, 172, 949, NULL, 'REGULAR', '2017-09-14 22:29:36', NULL, NULL, NULL, 1),
	(4096, 130, 950, NULL, 'REGULAR', '2017-09-14 22:29:36', NULL, NULL, NULL, 1),
	(4097, 131, 950, NULL, 'REGULAR', '2017-09-14 22:29:36', NULL, NULL, NULL, 1),
	(4098, 133, 950, NULL, 'REGULAR', '2017-09-14 22:29:36', NULL, NULL, NULL, 1),
	(4099, 134, 950, NULL, 'REGULAR', '2017-09-14 22:29:36', NULL, NULL, NULL, 1),
	(4100, 135, 950, NULL, 'REGULAR', '2017-09-14 22:29:36', NULL, NULL, NULL, 1),
	(4101, 136, 950, NULL, 'REGULAR', '2017-09-14 22:29:36', NULL, NULL, NULL, 1),
	(4102, 137, 950, NULL, 'REGULAR', '2017-09-14 22:29:36', NULL, NULL, NULL, 1),
	(4103, 172, 950, NULL, 'REGULAR', '2017-09-14 22:29:36', NULL, NULL, NULL, 1),
	(4104, 110, 951, NULL, 'REGULAR', '2017-09-14 22:29:36', NULL, NULL, NULL, 1),
	(4105, 111, 951, NULL, 'REGULAR', '2017-09-14 22:29:36', NULL, NULL, NULL, 1),
	(4106, 112, 951, NULL, 'REGULAR', '2017-09-14 22:29:36', NULL, NULL, NULL, 1),
	(4107, 113, 951, NULL, 'REGULAR', '2017-09-14 22:29:36', NULL, NULL, NULL, 1),
	(4108, 114, 951, NULL, 'REGULAR', '2017-09-14 22:29:36', NULL, NULL, NULL, 1),
	(4109, 115, 951, NULL, 'REGULAR', '2017-09-14 22:29:36', NULL, NULL, NULL, 1),
	(4110, 116, 951, NULL, 'REGULAR', '2017-09-14 22:29:36', NULL, NULL, NULL, 1),
	(4111, 117, 951, NULL, 'REGULAR', '2017-09-14 22:29:36', NULL, NULL, NULL, 1),
	(4112, 118, 951, NULL, 'REGULAR', '2017-09-14 22:29:36', NULL, NULL, NULL, 1),
	(4113, 119, 951, NULL, 'REGULAR', '2017-09-14 22:29:36', NULL, NULL, NULL, 1),
	(4114, 110, 952, NULL, 'REGULAR', '2017-09-14 22:29:36', NULL, NULL, NULL, 1),
	(4115, 111, 952, NULL, 'REGULAR', '2017-09-14 22:29:36', NULL, NULL, NULL, 1),
	(4116, 112, 952, NULL, 'REGULAR', '2017-09-14 22:29:36', NULL, NULL, NULL, 1),
	(4117, 113, 952, NULL, 'REGULAR', '2017-09-14 22:29:36', NULL, NULL, NULL, 1),
	(4118, 114, 952, NULL, 'REGULAR', '2017-09-14 22:29:36', NULL, NULL, NULL, 1),
	(4119, 115, 952, NULL, 'REGULAR', '2017-09-14 22:29:36', NULL, NULL, NULL, 1),
	(4120, 116, 952, NULL, 'REGULAR', '2017-09-14 22:29:36', NULL, NULL, NULL, 1),
	(4121, 117, 952, NULL, 'REGULAR', '2017-09-14 22:29:36', NULL, NULL, NULL, 1),
	(4122, 118, 952, NULL, 'REGULAR', '2017-09-14 22:29:36', NULL, NULL, NULL, 1),
	(4123, 119, 952, NULL, 'REGULAR', '2017-09-14 22:29:36', NULL, NULL, NULL, 1),
	(4124, 130, 953, NULL, 'REGULAR', '2017-09-14 22:29:36', NULL, NULL, NULL, 1),
	(4125, 131, 953, NULL, 'REGULAR', '2017-09-14 22:29:36', NULL, NULL, NULL, 1),
	(4126, 133, 953, NULL, 'REGULAR', '2017-09-14 22:29:36', NULL, NULL, NULL, 1),
	(4127, 134, 953, NULL, 'REGULAR', '2017-09-14 22:29:36', NULL, NULL, NULL, 1),
	(4128, 135, 953, NULL, 'REGULAR', '2017-09-14 22:29:36', NULL, NULL, NULL, 1),
	(4129, 136, 953, NULL, 'REGULAR', '2017-09-14 22:29:36', NULL, NULL, NULL, 1),
	(4130, 137, 953, NULL, 'REGULAR', '2017-09-14 22:29:36', NULL, NULL, NULL, 1),
	(4131, 172, 953, NULL, 'REGULAR', '2017-09-14 22:29:36', NULL, NULL, NULL, 1),
	(4132, 130, 954, NULL, 'REGULAR', '2017-09-14 22:29:36', NULL, NULL, NULL, 1),
	(4133, 131, 954, NULL, 'REGULAR', '2017-09-14 22:29:36', NULL, NULL, NULL, 1),
	(4134, 133, 954, NULL, 'REGULAR', '2017-09-14 22:29:36', NULL, NULL, NULL, 1),
	(4135, 134, 954, NULL, 'REGULAR', '2017-09-14 22:29:36', NULL, NULL, NULL, 1),
	(4136, 135, 954, NULL, 'REGULAR', '2017-09-14 22:29:36', NULL, NULL, NULL, 1),
	(4137, 136, 954, NULL, 'REGULAR', '2017-09-14 22:29:36', NULL, NULL, NULL, 1),
	(4138, 137, 954, NULL, 'REGULAR', '2017-09-14 22:29:36', NULL, NULL, NULL, 1),
	(4139, 172, 954, NULL, 'REGULAR', '2017-09-14 22:29:36', NULL, NULL, NULL, 1),
	(4140, 110, 955, NULL, 'REGULAR', '2017-09-14 22:29:36', NULL, NULL, NULL, 1),
	(4141, 111, 955, NULL, 'REGULAR', '2017-09-14 22:29:36', NULL, NULL, NULL, 1),
	(4142, 112, 955, NULL, 'REGULAR', '2017-09-14 22:29:36', NULL, NULL, NULL, 1),
	(4143, 113, 955, NULL, 'REGULAR', '2017-09-14 22:29:36', NULL, NULL, NULL, 1),
	(4144, 114, 955, NULL, 'REGULAR', '2017-09-14 22:29:36', NULL, NULL, NULL, 1),
	(4145, 115, 955, NULL, 'REGULAR', '2017-09-14 22:29:36', NULL, NULL, NULL, 1),
	(4146, 116, 955, NULL, 'REGULAR', '2017-09-14 22:29:36', NULL, NULL, NULL, 1),
	(4147, 117, 955, NULL, 'REGULAR', '2017-09-14 22:29:36', NULL, NULL, NULL, 1),
	(4148, 118, 955, NULL, 'REGULAR', '2017-09-14 22:29:36', NULL, NULL, NULL, 1),
	(4149, 119, 955, NULL, 'REGULAR', '2017-09-14 22:29:36', NULL, NULL, NULL, 1),
	(4150, 110, 956, NULL, 'REGULAR', '2017-09-14 22:29:36', NULL, NULL, NULL, 1),
	(4151, 111, 956, NULL, 'REGULAR', '2017-09-14 22:29:36', NULL, NULL, NULL, 1),
	(4152, 112, 956, NULL, 'REGULAR', '2017-09-14 22:29:36', NULL, NULL, NULL, 1),
	(4153, 113, 956, NULL, 'REGULAR', '2017-09-14 22:29:36', NULL, NULL, NULL, 1),
	(4154, 114, 956, NULL, 'REGULAR', '2017-09-14 22:29:36', NULL, NULL, NULL, 1),
	(4155, 115, 956, NULL, 'REGULAR', '2017-09-14 22:29:36', NULL, NULL, NULL, 1),
	(4156, 116, 956, NULL, 'REGULAR', '2017-09-14 22:29:36', NULL, NULL, NULL, 1),
	(4157, 117, 956, NULL, 'REGULAR', '2017-09-14 22:29:36', NULL, NULL, NULL, 1),
	(4158, 118, 956, NULL, 'REGULAR', '2017-09-14 22:29:36', NULL, NULL, NULL, 1),
	(4159, 119, 956, NULL, 'REGULAR', '2017-09-14 22:29:36', NULL, NULL, NULL, 1),
	(4160, 130, 957, NULL, 'REGULAR', '2017-09-14 22:29:36', NULL, NULL, NULL, 1),
	(4161, 131, 957, NULL, 'REGULAR', '2017-09-14 22:29:36', NULL, NULL, NULL, 1),
	(4162, 133, 957, NULL, 'REGULAR', '2017-09-14 22:29:36', NULL, NULL, NULL, 1),
	(4163, 134, 957, NULL, 'REGULAR', '2017-09-14 22:29:36', NULL, NULL, NULL, 1),
	(4164, 135, 957, NULL, 'REGULAR', '2017-09-14 22:29:36', NULL, NULL, NULL, 1),
	(4165, 136, 957, NULL, 'REGULAR', '2017-09-14 22:29:36', NULL, NULL, NULL, 1),
	(4166, 137, 957, NULL, 'REGULAR', '2017-09-14 22:29:36', NULL, NULL, NULL, 1),
	(4167, 172, 957, NULL, 'REGULAR', '2017-09-14 22:29:36', NULL, NULL, NULL, 1),
	(4168, 130, 958, NULL, 'REGULAR', '2017-09-14 22:29:36', NULL, NULL, NULL, 1),
	(4169, 131, 958, NULL, 'REGULAR', '2017-09-14 22:29:36', NULL, NULL, NULL, 1),
	(4170, 133, 958, NULL, 'REGULAR', '2017-09-14 22:29:36', NULL, NULL, NULL, 1),
	(4171, 134, 958, NULL, 'REGULAR', '2017-09-14 22:29:36', NULL, NULL, NULL, 1),
	(4172, 135, 958, NULL, 'REGULAR', '2017-09-14 22:29:36', NULL, NULL, NULL, 1),
	(4173, 136, 958, NULL, 'REGULAR', '2017-09-14 22:29:36', NULL, NULL, NULL, 1),
	(4174, 137, 958, NULL, 'REGULAR', '2017-09-14 22:29:36', NULL, NULL, NULL, 1),
	(4175, 172, 958, NULL, 'REGULAR', '2017-09-14 22:29:36', NULL, NULL, NULL, 1),
	(4176, 110, 959, NULL, 'REGULAR', '2017-09-14 22:29:36', NULL, NULL, NULL, 1),
	(4177, 111, 959, NULL, 'REGULAR', '2017-09-14 22:29:36', NULL, NULL, NULL, 1),
	(4178, 112, 959, NULL, 'REGULAR', '2017-09-14 22:29:36', NULL, NULL, NULL, 1),
	(4179, 113, 959, NULL, 'REGULAR', '2017-09-14 22:29:36', NULL, NULL, NULL, 1),
	(4180, 114, 959, NULL, 'REGULAR', '2017-09-14 22:29:36', NULL, NULL, NULL, 1),
	(4181, 115, 959, NULL, 'REGULAR', '2017-09-14 22:29:36', NULL, NULL, NULL, 1),
	(4182, 116, 959, NULL, 'REGULAR', '2017-09-14 22:29:36', NULL, NULL, NULL, 1),
	(4183, 117, 959, NULL, 'REGULAR', '2017-09-14 22:29:36', NULL, NULL, NULL, 1),
	(4184, 118, 959, NULL, 'REGULAR', '2017-09-14 22:29:36', NULL, NULL, NULL, 1),
	(4185, 119, 959, NULL, 'REGULAR', '2017-09-14 22:29:36', NULL, NULL, NULL, 1),
	(4186, 110, 960, NULL, 'REGULAR', '2017-09-14 22:29:36', NULL, NULL, NULL, 1),
	(4187, 111, 960, NULL, 'REGULAR', '2017-09-14 22:29:36', NULL, NULL, NULL, 1),
	(4188, 112, 960, NULL, 'REGULAR', '2017-09-14 22:29:36', NULL, NULL, NULL, 1),
	(4189, 113, 960, NULL, 'REGULAR', '2017-09-14 22:29:36', NULL, NULL, NULL, 1),
	(4190, 114, 960, NULL, 'REGULAR', '2017-09-14 22:29:36', NULL, NULL, NULL, 1),
	(4191, 115, 960, NULL, 'REGULAR', '2017-09-14 22:29:36', NULL, NULL, NULL, 1),
	(4192, 116, 960, NULL, 'REGULAR', '2017-09-14 22:29:36', NULL, NULL, NULL, 1),
	(4193, 117, 960, NULL, 'REGULAR', '2017-09-14 22:29:36', NULL, NULL, NULL, 1),
	(4194, 118, 960, NULL, 'REGULAR', '2017-09-14 22:29:36', NULL, NULL, NULL, 1),
	(4195, 119, 960, NULL, 'REGULAR', '2017-09-14 22:29:36', NULL, NULL, NULL, 1),
	(4196, 130, 961, NULL, 'REGULAR', '2017-09-14 22:29:36', NULL, NULL, NULL, 1),
	(4197, 131, 961, NULL, 'REGULAR', '2017-09-14 22:29:36', NULL, NULL, NULL, 1),
	(4198, 133, 961, NULL, 'REGULAR', '2017-09-14 22:29:36', NULL, NULL, NULL, 1),
	(4199, 134, 961, NULL, 'REGULAR', '2017-09-14 22:29:36', NULL, NULL, NULL, 1),
	(4200, 135, 961, NULL, 'REGULAR', '2017-09-14 22:29:36', NULL, NULL, NULL, 1),
	(4201, 136, 961, NULL, 'REGULAR', '2017-09-14 22:29:36', NULL, NULL, NULL, 1),
	(4202, 137, 961, NULL, 'REGULAR', '2017-09-14 22:29:36', NULL, NULL, NULL, 1),
	(4203, 172, 961, NULL, 'REGULAR', '2017-09-14 22:29:36', NULL, NULL, NULL, 1),
	(4204, 130, 962, NULL, 'REGULAR', '2017-09-14 22:29:36', NULL, NULL, NULL, 1),
	(4205, 131, 962, NULL, 'REGULAR', '2017-09-14 22:29:36', NULL, NULL, NULL, 1),
	(4206, 133, 962, NULL, 'REGULAR', '2017-09-14 22:29:36', NULL, NULL, NULL, 1),
	(4207, 134, 962, NULL, 'REGULAR', '2017-09-14 22:29:36', NULL, NULL, NULL, 1),
	(4208, 135, 962, NULL, 'REGULAR', '2017-09-14 22:29:36', NULL, NULL, NULL, 1),
	(4209, 136, 962, NULL, 'REGULAR', '2017-09-14 22:29:36', NULL, NULL, NULL, 1),
	(4210, 137, 962, NULL, 'REGULAR', '2017-09-14 22:29:36', NULL, NULL, NULL, 1),
	(4211, 172, 962, NULL, 'REGULAR', '2017-09-14 22:29:36', NULL, NULL, NULL, 1),
	(4212, 110, 963, NULL, 'REGULAR', '2017-09-14 22:29:36', NULL, NULL, NULL, 1),
	(4213, 111, 963, NULL, 'REGULAR', '2017-09-14 22:29:36', NULL, NULL, NULL, 1),
	(4214, 112, 963, NULL, 'REGULAR', '2017-09-14 22:29:36', NULL, NULL, NULL, 1),
	(4215, 113, 963, NULL, 'REGULAR', '2017-09-14 22:29:36', NULL, NULL, NULL, 1),
	(4216, 114, 963, NULL, 'REGULAR', '2017-09-14 22:29:36', NULL, NULL, NULL, 1),
	(4217, 115, 963, NULL, 'REGULAR', '2017-09-14 22:29:36', NULL, NULL, NULL, 1),
	(4218, 116, 963, NULL, 'REGULAR', '2017-09-14 22:29:36', NULL, NULL, NULL, 1),
	(4219, 117, 963, NULL, 'REGULAR', '2017-09-14 22:29:36', NULL, NULL, NULL, 1),
	(4220, 118, 963, NULL, 'REGULAR', '2017-09-14 22:29:36', NULL, NULL, NULL, 1),
	(4221, 119, 963, NULL, 'REGULAR', '2017-09-14 22:29:36', NULL, NULL, NULL, 1),
	(4222, 110, 964, NULL, 'REGULAR', '2017-09-14 22:29:36', NULL, NULL, NULL, 1),
	(4223, 111, 964, NULL, 'REGULAR', '2017-09-14 22:29:36', NULL, NULL, NULL, 1),
	(4224, 112, 964, NULL, 'REGULAR', '2017-09-14 22:29:36', NULL, NULL, NULL, 1),
	(4225, 113, 964, NULL, 'REGULAR', '2017-09-14 22:29:36', NULL, NULL, NULL, 1),
	(4226, 114, 964, NULL, 'REGULAR', '2017-09-14 22:29:36', NULL, NULL, NULL, 1),
	(4227, 115, 964, NULL, 'REGULAR', '2017-09-14 22:29:36', NULL, NULL, NULL, 1),
	(4228, 116, 964, NULL, 'REGULAR', '2017-09-14 22:29:36', NULL, NULL, NULL, 1),
	(4229, 117, 964, NULL, 'REGULAR', '2017-09-14 22:29:36', NULL, NULL, NULL, 1),
	(4230, 118, 964, NULL, 'REGULAR', '2017-09-14 22:29:36', NULL, NULL, NULL, 1),
	(4231, 119, 964, NULL, 'REGULAR', '2017-09-14 22:29:36', NULL, NULL, NULL, 1),
	(4232, 130, 965, NULL, 'REGULAR', '2017-09-14 22:29:36', NULL, NULL, NULL, 1),
	(4233, 131, 965, NULL, 'REGULAR', '2017-09-14 22:29:36', NULL, NULL, NULL, 1),
	(4234, 133, 965, NULL, 'REGULAR', '2017-09-14 22:29:36', NULL, NULL, NULL, 1),
	(4235, 134, 965, NULL, 'REGULAR', '2017-09-14 22:29:36', NULL, NULL, NULL, 1),
	(4236, 135, 965, NULL, 'REGULAR', '2017-09-14 22:29:36', NULL, NULL, NULL, 1),
	(4237, 136, 965, NULL, 'REGULAR', '2017-09-14 22:29:36', NULL, NULL, NULL, 1),
	(4238, 137, 965, NULL, 'REGULAR', '2017-09-14 22:29:36', NULL, NULL, NULL, 1),
	(4239, 172, 965, NULL, 'REGULAR', '2017-09-14 22:29:36', NULL, NULL, NULL, 1),
	(4240, 130, 966, NULL, 'REGULAR', '2017-09-14 22:29:36', NULL, NULL, NULL, 1),
	(4241, 131, 966, NULL, 'REGULAR', '2017-09-14 22:29:36', NULL, NULL, NULL, 1),
	(4242, 133, 966, NULL, 'REGULAR', '2017-09-14 22:29:36', NULL, NULL, NULL, 1),
	(4243, 134, 966, NULL, 'REGULAR', '2017-09-14 22:29:36', NULL, NULL, NULL, 1),
	(4244, 135, 966, NULL, 'REGULAR', '2017-09-14 22:29:36', NULL, NULL, NULL, 1),
	(4245, 136, 966, NULL, 'REGULAR', '2017-09-14 22:29:36', NULL, NULL, NULL, 1),
	(4246, 137, 966, NULL, 'REGULAR', '2017-09-14 22:29:36', NULL, NULL, NULL, 1),
	(4247, 172, 966, NULL, 'REGULAR', '2017-09-14 22:29:36', NULL, NULL, NULL, 1),
	(4248, 110, 967, NULL, 'REGULAR', '2017-09-14 22:29:36', NULL, NULL, NULL, 1),
	(4249, 111, 967, NULL, 'REGULAR', '2017-09-14 22:29:36', NULL, NULL, NULL, 1),
	(4250, 112, 967, NULL, 'REGULAR', '2017-09-14 22:29:36', NULL, NULL, NULL, 1),
	(4251, 113, 967, NULL, 'REGULAR', '2017-09-14 22:29:36', NULL, NULL, NULL, 1),
	(4252, 114, 967, NULL, 'REGULAR', '2017-09-14 22:29:36', NULL, NULL, NULL, 1),
	(4253, 115, 967, NULL, 'REGULAR', '2017-09-14 22:29:36', NULL, NULL, NULL, 1),
	(4254, 116, 967, NULL, 'REGULAR', '2017-09-14 22:29:36', NULL, NULL, NULL, 1),
	(4255, 117, 967, NULL, 'REGULAR', '2017-09-14 22:29:36', NULL, NULL, NULL, 1),
	(4256, 118, 967, NULL, 'REGULAR', '2017-09-14 22:29:36', NULL, NULL, NULL, 1),
	(4257, 119, 967, NULL, 'REGULAR', '2017-09-14 22:29:36', NULL, NULL, NULL, 1),
	(4258, 110, 968, NULL, 'REGULAR', '2017-09-14 22:29:36', NULL, NULL, NULL, 1),
	(4259, 111, 968, NULL, 'REGULAR', '2017-09-14 22:29:36', NULL, NULL, NULL, 1),
	(4260, 112, 968, NULL, 'REGULAR', '2017-09-14 22:29:36', NULL, NULL, NULL, 1),
	(4261, 113, 968, NULL, 'REGULAR', '2017-09-14 22:29:36', NULL, NULL, NULL, 1),
	(4262, 114, 968, NULL, 'REGULAR', '2017-09-14 22:29:36', NULL, NULL, NULL, 1),
	(4263, 115, 968, NULL, 'REGULAR', '2017-09-14 22:29:36', NULL, NULL, NULL, 1),
	(4264, 116, 968, NULL, 'REGULAR', '2017-09-14 22:29:36', NULL, NULL, NULL, 1),
	(4265, 117, 968, NULL, 'REGULAR', '2017-09-14 22:29:36', NULL, NULL, NULL, 1),
	(4266, 118, 968, NULL, 'REGULAR', '2017-09-14 22:29:36', NULL, NULL, NULL, 1),
	(4267, 119, 968, NULL, 'REGULAR', '2017-09-14 22:29:36', NULL, NULL, NULL, 1),
	(4268, 130, 969, NULL, 'REGULAR', '2017-09-14 22:29:36', NULL, NULL, NULL, 1),
	(4269, 131, 969, NULL, 'REGULAR', '2017-09-14 22:29:36', NULL, NULL, NULL, 1),
	(4270, 133, 969, NULL, 'REGULAR', '2017-09-14 22:29:36', NULL, NULL, NULL, 1),
	(4271, 134, 969, NULL, 'REGULAR', '2017-09-14 22:29:36', NULL, NULL, NULL, 1),
	(4272, 135, 969, NULL, 'REGULAR', '2017-09-14 22:29:36', NULL, NULL, NULL, 1),
	(4273, 136, 969, NULL, 'REGULAR', '2017-09-14 22:29:36', NULL, NULL, NULL, 1),
	(4274, 137, 969, NULL, 'REGULAR', '2017-09-14 22:29:36', NULL, NULL, NULL, 1),
	(4275, 172, 969, NULL, 'REGULAR', '2017-09-14 22:29:36', NULL, NULL, NULL, 1),
	(4276, 130, 970, NULL, 'REGULAR', '2017-09-14 22:29:36', NULL, NULL, NULL, 1),
	(4277, 131, 970, NULL, 'REGULAR', '2017-09-14 22:29:36', NULL, NULL, NULL, 1),
	(4278, 133, 970, NULL, 'REGULAR', '2017-09-14 22:29:36', NULL, NULL, NULL, 1),
	(4279, 134, 970, NULL, 'REGULAR', '2017-09-14 22:29:36', NULL, NULL, NULL, 1),
	(4280, 135, 970, NULL, 'REGULAR', '2017-09-14 22:29:36', NULL, NULL, NULL, 1),
	(4281, 136, 970, NULL, 'REGULAR', '2017-09-14 22:29:36', NULL, NULL, NULL, 1),
	(4282, 137, 970, NULL, 'REGULAR', '2017-09-14 22:29:36', NULL, NULL, NULL, 1),
	(4283, 172, 970, NULL, 'REGULAR', '2017-09-14 22:29:36', NULL, NULL, NULL, 1),
	(4284, 110, 971, NULL, 'REGULAR', '2017-09-14 22:29:36', NULL, NULL, NULL, 1),
	(4285, 111, 971, NULL, 'REGULAR', '2017-09-14 22:29:36', NULL, NULL, NULL, 1),
	(4286, 112, 971, NULL, 'REGULAR', '2017-09-14 22:29:36', NULL, NULL, NULL, 1),
	(4287, 113, 971, NULL, 'REGULAR', '2017-09-14 22:29:36', NULL, NULL, NULL, 1),
	(4288, 114, 971, NULL, 'REGULAR', '2017-09-14 22:29:36', NULL, NULL, NULL, 1),
	(4289, 115, 971, NULL, 'REGULAR', '2017-09-14 22:29:36', NULL, NULL, NULL, 1),
	(4290, 116, 971, NULL, 'REGULAR', '2017-09-14 22:29:36', NULL, NULL, NULL, 1),
	(4291, 117, 971, NULL, 'REGULAR', '2017-09-14 22:29:36', NULL, NULL, NULL, 1),
	(4292, 118, 971, NULL, 'REGULAR', '2017-09-14 22:29:36', NULL, NULL, NULL, 1),
	(4293, 119, 971, NULL, 'REGULAR', '2017-09-14 22:29:36', NULL, NULL, NULL, 1),
	(4294, 110, 972, NULL, 'REGULAR', '2017-09-14 22:29:36', NULL, NULL, NULL, 1),
	(4295, 111, 972, NULL, 'REGULAR', '2017-09-14 22:29:36', NULL, NULL, NULL, 1),
	(4296, 112, 972, NULL, 'REGULAR', '2017-09-14 22:29:36', NULL, NULL, NULL, 1),
	(4297, 113, 972, NULL, 'REGULAR', '2017-09-14 22:29:36', NULL, NULL, NULL, 1),
	(4298, 114, 972, NULL, 'REGULAR', '2017-09-14 22:29:36', NULL, NULL, NULL, 1),
	(4299, 115, 972, NULL, 'REGULAR', '2017-09-14 22:29:36', NULL, NULL, NULL, 1),
	(4300, 116, 972, NULL, 'REGULAR', '2017-09-14 22:29:36', NULL, NULL, NULL, 1),
	(4301, 117, 972, NULL, 'REGULAR', '2017-09-14 22:29:36', NULL, NULL, NULL, 1),
	(4302, 118, 972, NULL, 'REGULAR', '2017-09-14 22:29:36', NULL, NULL, NULL, 1),
	(4303, 119, 972, NULL, 'REGULAR', '2017-09-14 22:29:36', NULL, NULL, NULL, 1),
	(4304, 130, 973, NULL, 'REGULAR', '2017-09-14 22:29:36', NULL, NULL, NULL, 1),
	(4305, 131, 973, NULL, 'REGULAR', '2017-09-14 22:29:36', NULL, NULL, NULL, 1),
	(4306, 133, 973, NULL, 'REGULAR', '2017-09-14 22:29:36', NULL, NULL, NULL, 1),
	(4307, 134, 973, NULL, 'REGULAR', '2017-09-14 22:29:36', NULL, NULL, NULL, 1),
	(4308, 135, 973, NULL, 'REGULAR', '2017-09-14 22:29:36', NULL, NULL, NULL, 1),
	(4309, 136, 973, NULL, 'REGULAR', '2017-09-14 22:29:36', NULL, NULL, NULL, 1),
	(4310, 137, 973, NULL, 'REGULAR', '2017-09-14 22:29:36', NULL, NULL, NULL, 1),
	(4311, 172, 973, NULL, 'REGULAR', '2017-09-14 22:29:36', NULL, NULL, NULL, 1),
	(4312, 130, 974, NULL, 'REGULAR', '2017-09-14 22:29:36', NULL, NULL, NULL, 1),
	(4313, 131, 974, NULL, 'REGULAR', '2017-09-14 22:29:36', NULL, NULL, NULL, 1),
	(4314, 133, 974, NULL, 'REGULAR', '2017-09-14 22:29:36', NULL, NULL, NULL, 1),
	(4315, 134, 974, NULL, 'REGULAR', '2017-09-14 22:29:36', NULL, NULL, NULL, 1),
	(4316, 135, 974, NULL, 'REGULAR', '2017-09-14 22:29:36', NULL, NULL, NULL, 1),
	(4317, 136, 974, NULL, 'REGULAR', '2017-09-14 22:29:36', NULL, NULL, NULL, 1),
	(4318, 137, 974, NULL, 'REGULAR', '2017-09-14 22:29:36', NULL, NULL, NULL, 1),
	(4319, 172, 974, NULL, 'REGULAR', '2017-09-14 22:29:36', NULL, NULL, NULL, 1),
	(4320, 110, 975, NULL, 'REGULAR', '2017-09-14 22:29:36', NULL, NULL, NULL, 1),
	(4321, 111, 975, NULL, 'REGULAR', '2017-09-14 22:29:36', NULL, NULL, NULL, 1),
	(4322, 112, 975, NULL, 'REGULAR', '2017-09-14 22:29:36', NULL, NULL, NULL, 1),
	(4323, 113, 975, NULL, 'REGULAR', '2017-09-14 22:29:36', NULL, NULL, NULL, 1),
	(4324, 114, 975, NULL, 'REGULAR', '2017-09-14 22:29:36', NULL, NULL, NULL, 1),
	(4325, 115, 975, NULL, 'REGULAR', '2017-09-14 22:29:36', NULL, NULL, NULL, 1),
	(4326, 116, 975, NULL, 'REGULAR', '2017-09-14 22:29:36', NULL, NULL, NULL, 1),
	(4327, 117, 975, NULL, 'REGULAR', '2017-09-14 22:29:36', NULL, NULL, NULL, 1),
	(4328, 118, 975, NULL, 'REGULAR', '2017-09-14 22:29:36', NULL, NULL, NULL, 1),
	(4329, 119, 975, NULL, 'REGULAR', '2017-09-14 22:29:36', NULL, NULL, NULL, 1),
	(4330, 110, 976, NULL, 'REGULAR', '2017-09-14 22:29:36', NULL, NULL, NULL, 1),
	(4331, 111, 976, NULL, 'REGULAR', '2017-09-14 22:29:36', NULL, NULL, NULL, 1),
	(4332, 112, 976, NULL, 'REGULAR', '2017-09-14 22:29:36', NULL, NULL, NULL, 1),
	(4333, 113, 976, NULL, 'REGULAR', '2017-09-14 22:29:36', NULL, NULL, NULL, 1),
	(4334, 114, 976, NULL, 'REGULAR', '2017-09-14 22:29:36', NULL, NULL, NULL, 1),
	(4335, 115, 976, NULL, 'REGULAR', '2017-09-14 22:29:36', NULL, NULL, NULL, 1),
	(4336, 116, 976, NULL, 'REGULAR', '2017-09-14 22:29:36', NULL, NULL, NULL, 1),
	(4337, 117, 976, NULL, 'REGULAR', '2017-09-14 22:29:36', NULL, NULL, NULL, 1),
	(4338, 118, 976, NULL, 'REGULAR', '2017-09-14 22:29:36', NULL, NULL, NULL, 1),
	(4339, 119, 976, NULL, 'REGULAR', '2017-09-14 22:29:36', NULL, NULL, NULL, 1),
	(4340, 130, 977, NULL, 'REGULAR', '2017-09-14 22:29:36', NULL, NULL, NULL, 1),
	(4341, 131, 977, NULL, 'REGULAR', '2017-09-14 22:29:36', NULL, NULL, NULL, 1),
	(4342, 133, 977, NULL, 'REGULAR', '2017-09-14 22:29:36', NULL, NULL, NULL, 1),
	(4343, 134, 977, NULL, 'REGULAR', '2017-09-14 22:29:36', NULL, NULL, NULL, 1),
	(4344, 135, 977, NULL, 'REGULAR', '2017-09-14 22:29:36', NULL, NULL, NULL, 1),
	(4345, 136, 977, NULL, 'REGULAR', '2017-09-14 22:29:36', NULL, NULL, NULL, 1),
	(4346, 137, 977, NULL, 'REGULAR', '2017-09-14 22:29:36', NULL, NULL, NULL, 1),
	(4347, 172, 977, NULL, 'REGULAR', '2017-09-14 22:29:36', NULL, NULL, NULL, 1),
	(4348, 130, 978, NULL, 'REGULAR', '2017-09-14 22:29:36', NULL, NULL, NULL, 1),
	(4349, 131, 978, NULL, 'REGULAR', '2017-09-14 22:29:36', NULL, NULL, NULL, 1),
	(4350, 133, 978, NULL, 'REGULAR', '2017-09-14 22:29:37', NULL, NULL, NULL, 1),
	(4351, 134, 978, NULL, 'REGULAR', '2017-09-14 22:29:37', NULL, NULL, NULL, 1),
	(4352, 135, 978, NULL, 'REGULAR', '2017-09-14 22:29:37', NULL, NULL, NULL, 1),
	(4353, 136, 978, NULL, 'REGULAR', '2017-09-14 22:29:37', NULL, NULL, NULL, 1),
	(4354, 137, 978, NULL, 'REGULAR', '2017-09-14 22:29:37', NULL, NULL, NULL, 1),
	(4355, 172, 978, NULL, 'REGULAR', '2017-09-14 22:29:37', NULL, NULL, NULL, 1),
	(4356, 110, 979, NULL, 'REGULAR', '2017-09-14 22:29:37', NULL, NULL, NULL, 1),
	(4357, 111, 979, NULL, 'REGULAR', '2017-09-14 22:29:37', NULL, NULL, NULL, 1),
	(4358, 112, 979, NULL, 'REGULAR', '2017-09-14 22:29:37', NULL, NULL, NULL, 1),
	(4359, 113, 979, NULL, 'REGULAR', '2017-09-14 22:29:37', NULL, NULL, NULL, 1),
	(4360, 114, 979, NULL, 'REGULAR', '2017-09-14 22:29:37', NULL, NULL, NULL, 1),
	(4361, 115, 979, NULL, 'REGULAR', '2017-09-14 22:29:37', NULL, NULL, NULL, 1),
	(4362, 116, 979, NULL, 'REGULAR', '2017-09-14 22:29:37', NULL, NULL, NULL, 1),
	(4363, 117, 979, NULL, 'REGULAR', '2017-09-14 22:29:37', NULL, NULL, NULL, 1),
	(4364, 118, 979, NULL, 'REGULAR', '2017-09-14 22:29:37', NULL, NULL, NULL, 1),
	(4365, 119, 979, NULL, 'REGULAR', '2017-09-14 22:29:37', NULL, NULL, NULL, 1),
	(4366, 110, 980, NULL, 'REGULAR', '2017-09-14 22:29:37', NULL, NULL, NULL, 1),
	(4367, 111, 980, NULL, 'REGULAR', '2017-09-14 22:29:37', NULL, NULL, NULL, 1),
	(4368, 112, 980, NULL, 'REGULAR', '2017-09-14 22:29:37', NULL, NULL, NULL, 1),
	(4369, 113, 980, NULL, 'REGULAR', '2017-09-14 22:29:37', NULL, NULL, NULL, 1),
	(4370, 114, 980, NULL, 'REGULAR', '2017-09-14 22:29:37', NULL, NULL, NULL, 1),
	(4371, 115, 980, NULL, 'REGULAR', '2017-09-14 22:29:37', NULL, NULL, NULL, 1),
	(4372, 116, 980, NULL, 'REGULAR', '2017-09-14 22:29:37', NULL, NULL, NULL, 1),
	(4373, 117, 980, NULL, 'REGULAR', '2017-09-14 22:29:37', NULL, NULL, NULL, 1),
	(4374, 118, 980, NULL, 'REGULAR', '2017-09-14 22:29:37', NULL, NULL, NULL, 1),
	(4375, 119, 980, NULL, 'REGULAR', '2017-09-14 22:29:37', NULL, NULL, NULL, 1),
	(4376, 130, 981, NULL, 'REGULAR', '2017-09-14 22:29:37', NULL, NULL, NULL, 1),
	(4377, 131, 981, NULL, 'REGULAR', '2017-09-14 22:29:37', NULL, NULL, NULL, 1),
	(4378, 133, 981, NULL, 'REGULAR', '2017-09-14 22:29:37', NULL, NULL, NULL, 1),
	(4379, 134, 981, NULL, 'REGULAR', '2017-09-14 22:29:37', NULL, NULL, NULL, 1),
	(4380, 135, 981, NULL, 'REGULAR', '2017-09-14 22:29:37', NULL, NULL, NULL, 1),
	(4381, 136, 981, NULL, 'REGULAR', '2017-09-14 22:29:37', NULL, NULL, NULL, 1),
	(4382, 137, 981, NULL, 'REGULAR', '2017-09-14 22:29:37', NULL, NULL, NULL, 1),
	(4383, 172, 981, NULL, 'REGULAR', '2017-09-14 22:29:37', NULL, NULL, NULL, 1),
	(4384, 130, 982, NULL, 'REGULAR', '2017-09-14 22:29:37', NULL, NULL, NULL, 1),
	(4385, 131, 982, NULL, 'REGULAR', '2017-09-14 22:29:37', NULL, NULL, NULL, 1),
	(4386, 133, 982, NULL, 'REGULAR', '2017-09-14 22:29:37', NULL, NULL, NULL, 1),
	(4387, 134, 982, NULL, 'REGULAR', '2017-09-14 22:29:37', NULL, NULL, NULL, 1),
	(4388, 135, 982, NULL, 'REGULAR', '2017-09-14 22:29:37', NULL, NULL, NULL, 1),
	(4389, 136, 982, NULL, 'REGULAR', '2017-09-14 22:29:37', NULL, NULL, NULL, 1),
	(4390, 137, 982, NULL, 'REGULAR', '2017-09-14 22:29:37', NULL, NULL, NULL, 1),
	(4391, 172, 982, NULL, 'REGULAR', '2017-09-14 22:29:37', NULL, NULL, NULL, 1),
	(4392, 110, 983, NULL, 'REGULAR', '2017-09-14 22:29:37', NULL, NULL, NULL, 1),
	(4393, 111, 983, NULL, 'REGULAR', '2017-09-14 22:29:37', NULL, NULL, NULL, 1),
	(4394, 112, 983, NULL, 'REGULAR', '2017-09-14 22:29:37', NULL, NULL, NULL, 1),
	(4395, 113, 983, NULL, 'REGULAR', '2017-09-14 22:29:37', NULL, NULL, NULL, 1),
	(4396, 114, 983, NULL, 'REGULAR', '2017-09-14 22:29:37', NULL, NULL, NULL, 1),
	(4397, 115, 983, NULL, 'REGULAR', '2017-09-14 22:29:37', NULL, NULL, NULL, 1),
	(4398, 116, 983, NULL, 'REGULAR', '2017-09-14 22:29:37', NULL, NULL, NULL, 1),
	(4399, 117, 983, NULL, 'REGULAR', '2017-09-14 22:29:37', NULL, NULL, NULL, 1),
	(4400, 118, 983, NULL, 'REGULAR', '2017-09-14 22:29:37', NULL, NULL, NULL, 1),
	(4401, 119, 983, NULL, 'REGULAR', '2017-09-14 22:29:37', NULL, NULL, NULL, 1),
	(4402, 110, 984, NULL, 'REGULAR', '2017-09-14 22:29:37', NULL, NULL, NULL, 1),
	(4403, 111, 984, NULL, 'REGULAR', '2017-09-14 22:29:37', NULL, NULL, NULL, 1),
	(4404, 112, 984, NULL, 'REGULAR', '2017-09-14 22:29:37', NULL, NULL, NULL, 1),
	(4405, 113, 984, NULL, 'REGULAR', '2017-09-14 22:29:37', NULL, NULL, NULL, 1),
	(4406, 114, 984, NULL, 'REGULAR', '2017-09-14 22:29:37', NULL, NULL, NULL, 1),
	(4407, 115, 984, NULL, 'REGULAR', '2017-09-14 22:29:37', NULL, NULL, NULL, 1),
	(4408, 116, 984, NULL, 'REGULAR', '2017-09-14 22:29:37', NULL, NULL, NULL, 1),
	(4409, 117, 984, NULL, 'REGULAR', '2017-09-14 22:29:37', NULL, NULL, NULL, 1),
	(4410, 118, 984, NULL, 'REGULAR', '2017-09-14 22:29:37', NULL, NULL, NULL, 1),
	(4411, 119, 984, NULL, 'REGULAR', '2017-09-14 22:29:37', NULL, NULL, NULL, 1),
	(4412, 130, 985, NULL, 'REGULAR', '2017-09-14 22:29:37', NULL, NULL, NULL, 1),
	(4413, 131, 985, NULL, 'REGULAR', '2017-09-14 22:29:37', NULL, NULL, NULL, 1),
	(4414, 133, 985, NULL, 'REGULAR', '2017-09-14 22:29:37', NULL, NULL, NULL, 1),
	(4415, 134, 985, NULL, 'REGULAR', '2017-09-14 22:29:37', NULL, NULL, NULL, 1),
	(4416, 135, 985, NULL, 'REGULAR', '2017-09-14 22:29:37', NULL, NULL, NULL, 1),
	(4417, 136, 985, NULL, 'REGULAR', '2017-09-14 22:29:37', NULL, NULL, NULL, 1),
	(4418, 137, 985, NULL, 'REGULAR', '2017-09-14 22:29:37', NULL, NULL, NULL, 1),
	(4419, 172, 985, NULL, 'REGULAR', '2017-09-14 22:29:37', NULL, NULL, NULL, 1),
	(4420, 130, 986, NULL, 'REGULAR', '2017-09-14 22:29:37', NULL, NULL, NULL, 1),
	(4421, 131, 986, NULL, 'REGULAR', '2017-09-14 22:29:37', NULL, NULL, NULL, 1),
	(4422, 133, 986, NULL, 'REGULAR', '2017-09-14 22:29:37', NULL, NULL, NULL, 1),
	(4423, 134, 986, NULL, 'REGULAR', '2017-09-14 22:29:37', NULL, NULL, NULL, 1),
	(4424, 135, 986, NULL, 'REGULAR', '2017-09-14 22:29:37', NULL, NULL, NULL, 1),
	(4425, 136, 986, NULL, 'REGULAR', '2017-09-14 22:29:37', NULL, NULL, NULL, 1),
	(4426, 137, 986, NULL, 'REGULAR', '2017-09-14 22:29:37', NULL, NULL, NULL, 1),
	(4427, 172, 986, NULL, 'REGULAR', '2017-09-14 22:29:37', NULL, NULL, NULL, 1),
	(4428, 110, 987, NULL, 'REGULAR', '2017-09-14 22:29:37', NULL, NULL, NULL, 1),
	(4429, 111, 987, NULL, 'REGULAR', '2017-09-14 22:29:37', NULL, NULL, NULL, 1),
	(4430, 112, 987, NULL, 'REGULAR', '2017-09-14 22:29:37', NULL, NULL, NULL, 1),
	(4431, 113, 987, NULL, 'REGULAR', '2017-09-14 22:29:37', NULL, NULL, NULL, 1),
	(4432, 114, 987, NULL, 'REGULAR', '2017-09-14 22:29:37', NULL, NULL, NULL, 1),
	(4433, 115, 987, NULL, 'REGULAR', '2017-09-14 22:29:37', NULL, NULL, NULL, 1),
	(4434, 116, 987, NULL, 'REGULAR', '2017-09-14 22:29:37', NULL, NULL, NULL, 1),
	(4435, 117, 987, NULL, 'REGULAR', '2017-09-14 22:29:37', NULL, NULL, NULL, 1),
	(4436, 118, 987, NULL, 'REGULAR', '2017-09-14 22:29:37', NULL, NULL, NULL, 1),
	(4437, 119, 987, NULL, 'REGULAR', '2017-09-14 22:29:37', NULL, NULL, NULL, 1),
	(4438, 110, 988, NULL, 'REGULAR', '2017-09-14 22:29:37', NULL, NULL, NULL, 1),
	(4439, 111, 988, NULL, 'REGULAR', '2017-09-14 22:29:37', NULL, NULL, NULL, 1),
	(4440, 112, 988, NULL, 'REGULAR', '2017-09-14 22:29:37', NULL, NULL, NULL, 1),
	(4441, 113, 988, NULL, 'REGULAR', '2017-09-14 22:29:37', NULL, NULL, NULL, 1),
	(4442, 114, 988, NULL, 'REGULAR', '2017-09-14 22:29:37', NULL, NULL, NULL, 1),
	(4443, 115, 988, NULL, 'REGULAR', '2017-09-14 22:29:37', NULL, NULL, NULL, 1),
	(4444, 116, 988, NULL, 'REGULAR', '2017-09-14 22:29:37', NULL, NULL, NULL, 1),
	(4445, 117, 988, NULL, 'REGULAR', '2017-09-14 22:29:37', NULL, NULL, NULL, 1),
	(4446, 118, 988, NULL, 'REGULAR', '2017-09-14 22:29:37', NULL, NULL, NULL, 1),
	(4447, 119, 988, NULL, 'REGULAR', '2017-09-14 22:29:37', NULL, NULL, NULL, 1),
	(4448, 130, 989, NULL, 'REGULAR', '2017-09-14 22:29:37', NULL, NULL, NULL, 1),
	(4449, 131, 989, NULL, 'REGULAR', '2017-09-14 22:29:37', NULL, NULL, NULL, 1),
	(4450, 133, 989, NULL, 'REGULAR', '2017-09-14 22:29:37', NULL, NULL, NULL, 1),
	(4451, 134, 989, NULL, 'REGULAR', '2017-09-14 22:29:37', NULL, NULL, NULL, 1),
	(4452, 135, 989, NULL, 'REGULAR', '2017-09-14 22:29:37', NULL, NULL, NULL, 1),
	(4453, 136, 989, NULL, 'REGULAR', '2017-09-14 22:29:37', NULL, NULL, NULL, 1),
	(4454, 137, 989, NULL, 'REGULAR', '2017-09-14 22:29:37', NULL, NULL, NULL, 1),
	(4455, 172, 989, NULL, 'REGULAR', '2017-09-14 22:29:37', NULL, NULL, NULL, 1),
	(4456, 130, 990, NULL, 'REGULAR', '2017-09-14 22:29:37', NULL, NULL, NULL, 1),
	(4457, 131, 990, NULL, 'REGULAR', '2017-09-14 22:29:37', NULL, NULL, NULL, 1),
	(4458, 133, 990, NULL, 'REGULAR', '2017-09-14 22:29:37', NULL, NULL, NULL, 1),
	(4459, 134, 990, NULL, 'REGULAR', '2017-09-14 22:29:37', NULL, NULL, NULL, 1),
	(4460, 135, 990, NULL, 'REGULAR', '2017-09-14 22:29:37', NULL, NULL, NULL, 1),
	(4461, 136, 990, NULL, 'REGULAR', '2017-09-14 22:29:37', NULL, NULL, NULL, 1),
	(4462, 137, 990, NULL, 'REGULAR', '2017-09-14 22:29:37', NULL, NULL, NULL, 1),
	(4463, 172, 990, NULL, 'REGULAR', '2017-09-14 22:29:37', NULL, NULL, NULL, 1),
	(4464, 152, 991, 1, 'REGULAR', '2017-09-22 14:03:27', NULL, NULL, NULL, 1);
/*!40000 ALTER TABLE `load_group` ENABLE KEYS */;

-- Dumping structure for table cictems.load_group_schedule
CREATE TABLE IF NOT EXISTS `load_group_schedule` (
  `id` int(11) NOT NULL AUTO_INCREMENT,
  `load_group_id` int(11) DEFAULT NULL,
  `class_day` varchar(50) COLLATE utf8_unicode_ci DEFAULT NULL,
  `class_start` varchar(50) COLLATE utf8_unicode_ci DEFAULT NULL,
  `class_end` varchar(50) COLLATE utf8_unicode_ci DEFAULT NULL,
  `class_room` varchar(50) COLLATE utf8_unicode_ci DEFAULT NULL,
  `created_date` datetime NOT NULL DEFAULT CURRENT_TIMESTAMP,
  `created_by` varchar(50) COLLATE utf8_unicode_ci DEFAULT NULL,
  `updated_date` datetime DEFAULT NULL,
  `updated_by` varchar(50) COLLATE utf8_unicode_ci DEFAULT NULL,
  `active` int(11) NOT NULL DEFAULT '1',
  PRIMARY KEY (`id`),
  KEY `schedule_group_fk` (`load_group_id`),
  CONSTRAINT `schedule_group_fk` FOREIGN KEY (`load_group_id`) REFERENCES `load_group` (`id`)
) ENGINE=InnoDB AUTO_INCREMENT=2 DEFAULT CHARSET=utf8 COLLATE=utf8_unicode_ci;

-- Dumping data for table cictems.load_group_schedule: ~0 rows (approximately)
/*!40000 ALTER TABLE `load_group_schedule` DISABLE KEYS */;
/*!40000 ALTER TABLE `load_group_schedule` ENABLE KEYS */;

-- Dumping structure for table cictems.load_section
CREATE TABLE IF NOT EXISTS `load_section` (
  `id` int(11) NOT NULL AUTO_INCREMENT,
  `ACADTERM_id` int(11) DEFAULT NULL,
  `ACADPROG_id` int(11) DEFAULT NULL,
  `CURRICULUM_id` int(11) DEFAULT NULL,
  `section_name` varchar(50) COLLATE utf8_unicode_ci DEFAULT NULL,
  `section_description` varchar(50) COLLATE utf8_unicode_ci DEFAULT NULL,
  `year_level` int(11) DEFAULT NULL,
  `_group` int(11) DEFAULT NULL,
  `type` varchar(50) COLLATE utf8_unicode_ci NOT NULL DEFAULT 'REGULAR' COMMENT 'REGULAR, SPECIAL, SUMMER, TUTORIAL, CONJUCTION',
  `college` varchar(50) COLLATE utf8_unicode_ci NOT NULL DEFAULT 'CICT',
  `created_date` datetime NOT NULL DEFAULT CURRENT_TIMESTAMP,
  `created_by` int(11) DEFAULT NULL,
  `updated_date` datetime DEFAULT NULL,
  `updated_by` int(11) DEFAULT NULL,
  `adviser` int(11) DEFAULT NULL,
  `active` int(11) NOT NULL DEFAULT '1',
  PRIMARY KEY (`id`),
  KEY `section_fk_from_academic_term_id` (`ACADTERM_id`),
  KEY `section_fk_from_academic_program_id` (`ACADPROG_id`),
  KEY `section_fk_created_by` (`created_by`),
  KEY `section_fk_advisert` (`adviser`),
  KEY `section_fk_updated_by` (`updated_by`),
  KEY `section_fk_cur` (`CURRICULUM_id`),
  CONSTRAINT `section_fk_advisert` FOREIGN KEY (`adviser`) REFERENCES `faculty` (`id`),
  CONSTRAINT `section_fk_created_by` FOREIGN KEY (`created_by`) REFERENCES `faculty` (`id`),
  CONSTRAINT `section_fk_cur` FOREIGN KEY (`CURRICULUM_id`) REFERENCES `curriculum` (`id`),
  CONSTRAINT `section_fk_from_academic_program_id` FOREIGN KEY (`ACADPROG_id`) REFERENCES `academic_program` (`id`),
  CONSTRAINT `section_fk_from_academic_term_id` FOREIGN KEY (`ACADTERM_id`) REFERENCES `academic_term` (`id`),
  CONSTRAINT `section_fk_updated_by` FOREIGN KEY (`updated_by`) REFERENCES `faculty` (`id`)
) ENGINE=InnoDB AUTO_INCREMENT=992 DEFAULT CHARSET=utf8 COLLATE=utf8_unicode_ci COMMENT='all the sections';

-- Dumping data for table cictems.load_section: ~313 rows (approximately)
/*!40000 ALTER TABLE `load_section` DISABLE KEYS */;
INSERT INTO `load_section` (`id`, `ACADTERM_id`, `ACADPROG_id`, `CURRICULUM_id`, `section_name`, `section_description`, `year_level`, `_group`, `type`, `college`, `created_date`, `created_by`, `updated_date`, `updated_by`, `adviser`, `active`) VALUES
	(679, 11, 5, 7, 'A', NULL, 1, 1, 'REGULAR', 'CICT', '2017-09-14 22:28:48', NULL, NULL, NULL, 1, 1),
	(680, 11, 5, 7, 'A', NULL, 1, 2, 'REGULAR', 'CICT', '2017-09-14 22:28:48', NULL, NULL, NULL, NULL, 1),
	(681, 11, 5, 7, 'A', NULL, 2, 1, 'REGULAR', 'CICT', '2017-09-14 22:28:48', NULL, NULL, NULL, NULL, 1),
	(682, 11, 5, 7, 'A', NULL, 2, 2, 'REGULAR', 'CICT', '2017-09-14 22:28:49', NULL, NULL, NULL, NULL, 1),
	(683, 11, 5, 7, 'A', NULL, 3, 1, 'REGULAR', 'CICT', '2017-09-14 22:28:49', NULL, NULL, NULL, NULL, 1),
	(684, 11, 5, 7, 'A', NULL, 3, 2, 'REGULAR', 'CICT', '2017-09-14 22:28:49', NULL, NULL, NULL, NULL, 1),
	(685, 11, 5, 7, 'A', NULL, 4, 1, 'REGULAR', 'CICT', '2017-09-14 22:28:49', NULL, NULL, NULL, NULL, 1),
	(686, 11, 5, 7, 'A', NULL, 4, 2, 'REGULAR', 'CICT', '2017-09-14 22:28:49', NULL, NULL, NULL, NULL, 1),
	(687, 11, 5, 7, 'B', NULL, 1, 1, 'REGULAR', 'CICT', '2017-09-14 22:28:49', NULL, NULL, NULL, NULL, 1),
	(688, 11, 5, 7, 'B', NULL, 1, 2, 'REGULAR', 'CICT', '2017-09-14 22:28:49', NULL, NULL, NULL, NULL, 1),
	(689, 11, 5, 7, 'B', NULL, 2, 1, 'REGULAR', 'CICT', '2017-09-14 22:28:49', NULL, NULL, NULL, NULL, 1),
	(690, 11, 5, 7, 'B', NULL, 2, 2, 'REGULAR', 'CICT', '2017-09-14 22:28:49', NULL, NULL, NULL, NULL, 1),
	(691, 11, 5, 7, 'B', NULL, 3, 1, 'REGULAR', 'CICT', '2017-09-14 22:28:49', NULL, NULL, NULL, NULL, 1),
	(692, 11, 5, 7, 'B', NULL, 3, 2, 'REGULAR', 'CICT', '2017-09-14 22:28:49', NULL, NULL, NULL, NULL, 1),
	(693, 11, 5, 7, 'B', NULL, 4, 1, 'REGULAR', 'CICT', '2017-09-14 22:28:49', NULL, NULL, NULL, NULL, 1),
	(694, 11, 5, 7, 'B', NULL, 4, 2, 'REGULAR', 'CICT', '2017-09-14 22:28:49', NULL, NULL, NULL, NULL, 1),
	(695, 11, 5, 7, 'C', NULL, 1, 1, 'REGULAR', 'CICT', '2017-09-14 22:28:49', NULL, NULL, NULL, NULL, 1),
	(696, 11, 5, 7, 'C', NULL, 1, 2, 'REGULAR', 'CICT', '2017-09-14 22:28:49', NULL, NULL, NULL, NULL, 1),
	(697, 11, 5, 7, 'C', NULL, 2, 1, 'REGULAR', 'CICT', '2017-09-14 22:28:49', NULL, NULL, NULL, NULL, 1),
	(698, 11, 5, 7, 'C', NULL, 2, 2, 'REGULAR', 'CICT', '2017-09-14 22:28:49', NULL, NULL, NULL, NULL, 1),
	(699, 11, 5, 7, 'C', NULL, 3, 1, 'REGULAR', 'CICT', '2017-09-14 22:28:49', NULL, NULL, NULL, NULL, 1),
	(700, 11, 5, 7, 'C', NULL, 3, 2, 'REGULAR', 'CICT', '2017-09-14 22:28:49', NULL, NULL, NULL, NULL, 1),
	(701, 11, 5, 7, 'C', NULL, 4, 1, 'REGULAR', 'CICT', '2017-09-14 22:28:49', NULL, NULL, NULL, NULL, 1),
	(702, 11, 5, 7, 'C', NULL, 4, 2, 'REGULAR', 'CICT', '2017-09-14 22:28:49', NULL, NULL, NULL, NULL, 1),
	(703, 11, 5, 7, 'D', NULL, 1, 1, 'REGULAR', 'CICT', '2017-09-14 22:28:49', NULL, NULL, NULL, NULL, 1),
	(704, 11, 5, 7, 'D', NULL, 1, 2, 'REGULAR', 'CICT', '2017-09-14 22:28:49', NULL, NULL, NULL, NULL, 1),
	(705, 11, 5, 7, 'D', NULL, 2, 1, 'REGULAR', 'CICT', '2017-09-14 22:28:49', NULL, NULL, NULL, NULL, 1),
	(706, 11, 5, 7, 'D', NULL, 2, 2, 'REGULAR', 'CICT', '2017-09-14 22:28:49', NULL, NULL, NULL, NULL, 1),
	(707, 11, 5, 7, 'D', NULL, 3, 1, 'REGULAR', 'CICT', '2017-09-14 22:28:49', NULL, NULL, NULL, NULL, 1),
	(708, 11, 5, 7, 'D', NULL, 3, 2, 'REGULAR', 'CICT', '2017-09-14 22:28:49', NULL, NULL, NULL, NULL, 1),
	(709, 11, 5, 7, 'D', NULL, 4, 1, 'REGULAR', 'CICT', '2017-09-14 22:28:49', NULL, NULL, NULL, NULL, 1),
	(710, 11, 5, 7, 'D', NULL, 4, 2, 'REGULAR', 'CICT', '2017-09-14 22:28:49', NULL, NULL, NULL, NULL, 1),
	(711, 11, 5, 7, 'E', NULL, 1, 1, 'REGULAR', 'CICT', '2017-09-14 22:28:49', NULL, NULL, NULL, NULL, 1),
	(712, 11, 5, 7, 'E', NULL, 1, 2, 'REGULAR', 'CICT', '2017-09-14 22:28:49', NULL, NULL, NULL, NULL, 1),
	(713, 11, 5, 7, 'E', NULL, 2, 1, 'REGULAR', 'CICT', '2017-09-14 22:28:49', NULL, NULL, NULL, NULL, 1),
	(714, 11, 5, 7, 'E', NULL, 2, 2, 'REGULAR', 'CICT', '2017-09-14 22:28:49', NULL, NULL, NULL, NULL, 1),
	(715, 11, 5, 7, 'E', NULL, 3, 1, 'REGULAR', 'CICT', '2017-09-14 22:28:50', NULL, NULL, NULL, NULL, 1),
	(716, 11, 5, 7, 'E', NULL, 3, 2, 'REGULAR', 'CICT', '2017-09-14 22:28:50', NULL, NULL, NULL, NULL, 1),
	(717, 11, 5, 7, 'E', NULL, 4, 1, 'REGULAR', 'CICT', '2017-09-14 22:28:50', NULL, NULL, NULL, NULL, 1),
	(718, 11, 5, 7, 'E', NULL, 4, 2, 'REGULAR', 'CICT', '2017-09-14 22:28:50', NULL, NULL, NULL, NULL, 1),
	(719, 11, 5, 7, 'F', NULL, 1, 1, 'REGULAR', 'CICT', '2017-09-14 22:28:50', NULL, NULL, NULL, NULL, 1),
	(720, 11, 5, 7, 'F', NULL, 1, 2, 'REGULAR', 'CICT', '2017-09-14 22:28:50', NULL, NULL, NULL, NULL, 1),
	(721, 11, 5, 7, 'F', NULL, 2, 1, 'REGULAR', 'CICT', '2017-09-14 22:28:50', NULL, NULL, NULL, NULL, 1),
	(722, 11, 5, 7, 'F', NULL, 2, 2, 'REGULAR', 'CICT', '2017-09-14 22:28:50', NULL, NULL, NULL, NULL, 1),
	(723, 11, 5, 7, 'F', NULL, 3, 1, 'REGULAR', 'CICT', '2017-09-14 22:28:50', NULL, NULL, NULL, NULL, 1),
	(724, 11, 5, 7, 'F', NULL, 3, 2, 'REGULAR', 'CICT', '2017-09-14 22:28:50', NULL, NULL, NULL, NULL, 1),
	(725, 11, 5, 7, 'F', NULL, 4, 1, 'REGULAR', 'CICT', '2017-09-14 22:28:50', NULL, NULL, NULL, NULL, 1),
	(726, 11, 5, 7, 'F', NULL, 4, 2, 'REGULAR', 'CICT', '2017-09-14 22:28:50', NULL, NULL, NULL, NULL, 1),
	(727, 11, 5, 7, 'G', NULL, 1, 1, 'REGULAR', 'CICT', '2017-09-14 22:28:50', NULL, NULL, NULL, NULL, 1),
	(728, 11, 5, 7, 'G', NULL, 1, 2, 'REGULAR', 'CICT', '2017-09-14 22:28:50', NULL, NULL, NULL, NULL, 1),
	(729, 11, 5, 7, 'G', NULL, 2, 1, 'REGULAR', 'CICT', '2017-09-14 22:28:50', NULL, NULL, NULL, NULL, 1),
	(730, 11, 5, 7, 'G', NULL, 2, 2, 'REGULAR', 'CICT', '2017-09-14 22:28:50', NULL, NULL, NULL, NULL, 1),
	(731, 11, 5, 7, 'G', NULL, 3, 1, 'REGULAR', 'CICT', '2017-09-14 22:28:50', NULL, NULL, NULL, NULL, 1),
	(732, 11, 5, 7, 'G', NULL, 3, 2, 'REGULAR', 'CICT', '2017-09-14 22:28:50', NULL, NULL, NULL, NULL, 1),
	(733, 11, 5, 7, 'G', NULL, 4, 1, 'REGULAR', 'CICT', '2017-09-14 22:28:50', NULL, NULL, NULL, NULL, 1),
	(734, 11, 5, 7, 'G', NULL, 4, 2, 'REGULAR', 'CICT', '2017-09-14 22:28:50', NULL, NULL, NULL, NULL, 1),
	(735, 11, 5, 7, 'H', NULL, 1, 1, 'REGULAR', 'CICT', '2017-09-14 22:28:50', NULL, NULL, NULL, NULL, 1),
	(736, 11, 5, 7, 'H', NULL, 1, 2, 'REGULAR', 'CICT', '2017-09-14 22:28:50', NULL, NULL, NULL, NULL, 1),
	(737, 11, 5, 7, 'H', NULL, 2, 1, 'REGULAR', 'CICT', '2017-09-14 22:28:50', NULL, NULL, NULL, NULL, 1),
	(738, 11, 5, 7, 'H', NULL, 2, 2, 'REGULAR', 'CICT', '2017-09-14 22:28:50', NULL, NULL, NULL, NULL, 1),
	(739, 11, 5, 7, 'H', NULL, 3, 1, 'REGULAR', 'CICT', '2017-09-14 22:28:50', NULL, NULL, NULL, NULL, 1),
	(740, 11, 5, 7, 'H', NULL, 3, 2, 'REGULAR', 'CICT', '2017-09-14 22:28:50', NULL, NULL, NULL, NULL, 1),
	(741, 11, 5, 7, 'H', NULL, 4, 1, 'REGULAR', 'CICT', '2017-09-14 22:28:50', NULL, NULL, NULL, NULL, 1),
	(742, 11, 5, 7, 'H', NULL, 4, 2, 'REGULAR', 'CICT', '2017-09-14 22:28:50', NULL, NULL, NULL, NULL, 1),
	(743, 11, 5, 7, 'I', NULL, 1, 1, 'REGULAR', 'CICT', '2017-09-14 22:28:50', NULL, NULL, NULL, NULL, 1),
	(744, 11, 5, 7, 'I', NULL, 1, 2, 'REGULAR', 'CICT', '2017-09-14 22:28:50', NULL, NULL, NULL, NULL, 1),
	(745, 11, 5, 7, 'I', NULL, 2, 1, 'REGULAR', 'CICT', '2017-09-14 22:28:50', NULL, NULL, NULL, NULL, 1),
	(746, 11, 5, 7, 'I', NULL, 2, 2, 'REGULAR', 'CICT', '2017-09-14 22:28:50', NULL, NULL, NULL, NULL, 1),
	(747, 11, 5, 7, 'I', NULL, 3, 1, 'REGULAR', 'CICT', '2017-09-14 22:28:50', NULL, NULL, NULL, NULL, 1),
	(748, 11, 5, 7, 'I', NULL, 3, 2, 'REGULAR', 'CICT', '2017-09-14 22:28:50', NULL, NULL, NULL, NULL, 1),
	(749, 11, 5, 7, 'I', NULL, 4, 1, 'REGULAR', 'CICT', '2017-09-14 22:28:50', NULL, NULL, NULL, NULL, 1),
	(750, 11, 5, 7, 'I', NULL, 4, 2, 'REGULAR', 'CICT', '2017-09-14 22:28:50', NULL, NULL, NULL, NULL, 1),
	(751, 11, 5, 7, 'J', NULL, 1, 1, 'REGULAR', 'CICT', '2017-09-14 22:28:50', NULL, NULL, NULL, NULL, 1),
	(752, 11, 5, 7, 'J', NULL, 1, 2, 'REGULAR', 'CICT', '2017-09-14 22:28:50', NULL, NULL, NULL, NULL, 1),
	(753, 11, 5, 7, 'J', NULL, 2, 1, 'REGULAR', 'CICT', '2017-09-14 22:28:50', NULL, NULL, NULL, NULL, 1),
	(754, 11, 5, 7, 'J', NULL, 2, 2, 'REGULAR', 'CICT', '2017-09-14 22:28:50', NULL, NULL, NULL, NULL, 1),
	(755, 11, 5, 7, 'J', NULL, 3, 1, 'REGULAR', 'CICT', '2017-09-14 22:28:50', NULL, NULL, NULL, NULL, 1),
	(756, 11, 5, 7, 'J', NULL, 3, 2, 'REGULAR', 'CICT', '2017-09-14 22:28:50', NULL, NULL, NULL, NULL, 1),
	(757, 11, 5, 7, 'J', NULL, 4, 1, 'REGULAR', 'CICT', '2017-09-14 22:28:50', NULL, NULL, NULL, NULL, 1),
	(758, 11, 5, 7, 'J', NULL, 4, 2, 'REGULAR', 'CICT', '2017-09-14 22:28:50', NULL, NULL, NULL, NULL, 1),
	(759, 11, 5, 7, 'K', NULL, 1, 1, 'REGULAR', 'CICT', '2017-09-14 22:28:50', NULL, NULL, NULL, NULL, 1),
	(760, 11, 5, 7, 'K', NULL, 1, 2, 'REGULAR', 'CICT', '2017-09-14 22:28:50', NULL, NULL, NULL, NULL, 1),
	(761, 11, 5, 7, 'K', NULL, 2, 1, 'REGULAR', 'CICT', '2017-09-14 22:28:51', NULL, NULL, NULL, NULL, 1),
	(762, 11, 5, 7, 'K', NULL, 2, 2, 'REGULAR', 'CICT', '2017-09-14 22:28:51', NULL, NULL, NULL, NULL, 1),
	(763, 11, 5, 7, 'K', NULL, 3, 1, 'REGULAR', 'CICT', '2017-09-14 22:28:51', NULL, NULL, NULL, NULL, 1),
	(764, 11, 5, 7, 'K', NULL, 3, 2, 'REGULAR', 'CICT', '2017-09-14 22:28:51', NULL, NULL, NULL, NULL, 1),
	(765, 11, 5, 7, 'K', NULL, 4, 1, 'REGULAR', 'CICT', '2017-09-14 22:28:51', NULL, NULL, NULL, NULL, 1),
	(766, 11, 5, 7, 'K', NULL, 4, 2, 'REGULAR', 'CICT', '2017-09-14 22:28:51', NULL, NULL, NULL, NULL, 1),
	(767, 11, 5, 7, 'L', NULL, 1, 1, 'REGULAR', 'CICT', '2017-09-14 22:28:51', NULL, NULL, NULL, NULL, 1),
	(768, 11, 5, 7, 'L', NULL, 1, 2, 'REGULAR', 'CICT', '2017-09-14 22:28:51', NULL, NULL, NULL, NULL, 1),
	(769, 11, 5, 7, 'L', NULL, 2, 1, 'REGULAR', 'CICT', '2017-09-14 22:28:51', NULL, NULL, NULL, NULL, 1),
	(770, 11, 5, 7, 'L', NULL, 2, 2, 'REGULAR', 'CICT', '2017-09-14 22:28:51', NULL, NULL, NULL, NULL, 1),
	(771, 11, 5, 7, 'L', NULL, 3, 1, 'REGULAR', 'CICT', '2017-09-14 22:28:51', NULL, NULL, NULL, NULL, 1),
	(772, 11, 5, 7, 'L', NULL, 3, 2, 'REGULAR', 'CICT', '2017-09-14 22:28:51', NULL, NULL, NULL, NULL, 1),
	(773, 11, 5, 7, 'L', NULL, 4, 1, 'REGULAR', 'CICT', '2017-09-14 22:28:51', NULL, NULL, NULL, NULL, 1),
	(774, 11, 5, 7, 'L', NULL, 4, 2, 'REGULAR', 'CICT', '2017-09-14 22:28:51', NULL, NULL, NULL, NULL, 1),
	(775, 11, 5, 7, 'M', NULL, 1, 1, 'REGULAR', 'CICT', '2017-09-14 22:28:51', NULL, NULL, NULL, NULL, 1),
	(776, 11, 5, 7, 'M', NULL, 1, 2, 'REGULAR', 'CICT', '2017-09-14 22:28:51', NULL, NULL, NULL, NULL, 1),
	(777, 11, 5, 7, 'M', NULL, 2, 1, 'REGULAR', 'CICT', '2017-09-14 22:28:51', NULL, NULL, NULL, NULL, 1),
	(778, 11, 5, 7, 'M', NULL, 2, 2, 'REGULAR', 'CICT', '2017-09-14 22:28:51', NULL, NULL, NULL, NULL, 1),
	(779, 11, 5, 7, 'M', NULL, 3, 1, 'REGULAR', 'CICT', '2017-09-14 22:28:51', NULL, NULL, NULL, NULL, 1),
	(780, 11, 5, 7, 'M', NULL, 3, 2, 'REGULAR', 'CICT', '2017-09-14 22:28:51', NULL, NULL, NULL, NULL, 1),
	(781, 11, 5, 7, 'M', NULL, 4, 1, 'REGULAR', 'CICT', '2017-09-14 22:28:51', NULL, NULL, NULL, NULL, 1),
	(782, 11, 5, 7, 'M', NULL, 4, 2, 'REGULAR', 'CICT', '2017-09-14 22:28:51', NULL, NULL, NULL, NULL, 1),
	(783, 11, 5, 7, 'N', NULL, 1, 1, 'REGULAR', 'CICT', '2017-09-14 22:28:51', NULL, NULL, NULL, NULL, 1),
	(784, 11, 5, 7, 'N', NULL, 1, 2, 'REGULAR', 'CICT', '2017-09-14 22:28:51', NULL, NULL, NULL, NULL, 1),
	(785, 11, 5, 7, 'N', NULL, 2, 1, 'REGULAR', 'CICT', '2017-09-14 22:28:51', NULL, NULL, NULL, NULL, 1),
	(786, 11, 5, 7, 'N', NULL, 2, 2, 'REGULAR', 'CICT', '2017-09-14 22:28:51', NULL, NULL, NULL, NULL, 1),
	(787, 11, 5, 7, 'N', NULL, 3, 1, 'REGULAR', 'CICT', '2017-09-14 22:28:51', NULL, NULL, NULL, NULL, 1),
	(788, 11, 5, 7, 'N', NULL, 3, 2, 'REGULAR', 'CICT', '2017-09-14 22:28:51', NULL, NULL, NULL, NULL, 1),
	(789, 11, 5, 7, 'N', NULL, 4, 1, 'REGULAR', 'CICT', '2017-09-14 22:28:51', NULL, NULL, NULL, NULL, 1),
	(790, 11, 5, 7, 'N', NULL, 4, 2, 'REGULAR', 'CICT', '2017-09-14 22:28:51', NULL, NULL, NULL, NULL, 1),
	(791, 11, 5, 7, 'O', NULL, 1, 1, 'REGULAR', 'CICT', '2017-09-14 22:28:51', NULL, NULL, NULL, NULL, 1),
	(792, 11, 5, 7, 'O', NULL, 1, 2, 'REGULAR', 'CICT', '2017-09-14 22:28:51', NULL, NULL, NULL, NULL, 1),
	(793, 11, 5, 7, 'O', NULL, 2, 1, 'REGULAR', 'CICT', '2017-09-14 22:28:51', NULL, NULL, NULL, NULL, 1),
	(794, 11, 5, 7, 'O', NULL, 2, 2, 'REGULAR', 'CICT', '2017-09-14 22:28:51', NULL, NULL, NULL, NULL, 1),
	(795, 11, 5, 7, 'O', NULL, 3, 1, 'REGULAR', 'CICT', '2017-09-14 22:28:51', NULL, NULL, NULL, NULL, 1),
	(796, 11, 5, 7, 'O', NULL, 3, 2, 'REGULAR', 'CICT', '2017-09-14 22:28:51', NULL, NULL, NULL, NULL, 1),
	(797, 11, 5, 7, 'O', NULL, 4, 1, 'REGULAR', 'CICT', '2017-09-14 22:28:51', NULL, NULL, NULL, NULL, 1),
	(798, 11, 5, 7, 'O', NULL, 4, 2, 'REGULAR', 'CICT', '2017-09-14 22:28:51', NULL, NULL, NULL, NULL, 1),
	(799, 11, 5, 7, 'P', NULL, 1, 1, 'REGULAR', 'CICT', '2017-09-14 22:28:51', NULL, NULL, NULL, NULL, 1),
	(800, 11, 5, 7, 'P', NULL, 1, 2, 'REGULAR', 'CICT', '2017-09-14 22:28:51', NULL, NULL, NULL, NULL, 1),
	(801, 11, 5, 7, 'P', NULL, 2, 1, 'REGULAR', 'CICT', '2017-09-14 22:28:51', NULL, NULL, NULL, NULL, 1),
	(802, 11, 5, 7, 'P', NULL, 2, 2, 'REGULAR', 'CICT', '2017-09-14 22:28:51', NULL, NULL, NULL, NULL, 1),
	(803, 11, 5, 7, 'P', NULL, 3, 1, 'REGULAR', 'CICT', '2017-09-14 22:28:51', NULL, NULL, NULL, NULL, 1),
	(804, 11, 5, 7, 'P', NULL, 3, 2, 'REGULAR', 'CICT', '2017-09-14 22:28:51', NULL, NULL, NULL, NULL, 1),
	(805, 11, 5, 7, 'P', NULL, 4, 1, 'REGULAR', 'CICT', '2017-09-14 22:28:52', NULL, NULL, NULL, NULL, 1),
	(806, 11, 5, 7, 'P', NULL, 4, 2, 'REGULAR', 'CICT', '2017-09-14 22:28:52', NULL, NULL, NULL, NULL, 1),
	(807, 11, 5, 7, 'Q', NULL, 1, 1, 'REGULAR', 'CICT', '2017-09-14 22:28:52', NULL, NULL, NULL, NULL, 1),
	(808, 11, 5, 7, 'Q', NULL, 1, 2, 'REGULAR', 'CICT', '2017-09-14 22:28:52', NULL, NULL, NULL, NULL, 1),
	(809, 11, 5, 7, 'Q', NULL, 2, 1, 'REGULAR', 'CICT', '2017-09-14 22:28:52', NULL, NULL, NULL, NULL, 1),
	(810, 11, 5, 7, 'Q', NULL, 2, 2, 'REGULAR', 'CICT', '2017-09-14 22:28:52', NULL, NULL, NULL, NULL, 1),
	(811, 11, 5, 7, 'Q', NULL, 3, 1, 'REGULAR', 'CICT', '2017-09-14 22:28:52', NULL, NULL, NULL, NULL, 1),
	(812, 11, 5, 7, 'Q', NULL, 3, 2, 'REGULAR', 'CICT', '2017-09-14 22:28:52', NULL, NULL, NULL, NULL, 1),
	(813, 11, 5, 7, 'Q', NULL, 4, 1, 'REGULAR', 'CICT', '2017-09-14 22:28:52', NULL, NULL, NULL, NULL, 1),
	(814, 11, 5, 7, 'Q', NULL, 4, 2, 'REGULAR', 'CICT', '2017-09-14 22:28:52', NULL, NULL, NULL, NULL, 1),
	(815, 11, 5, 7, 'R', NULL, 1, 1, 'REGULAR', 'CICT', '2017-09-14 22:28:52', NULL, NULL, NULL, NULL, 1),
	(816, 11, 5, 7, 'R', NULL, 1, 2, 'REGULAR', 'CICT', '2017-09-14 22:28:52', NULL, NULL, NULL, NULL, 1),
	(817, 11, 5, 7, 'R', NULL, 2, 1, 'REGULAR', 'CICT', '2017-09-14 22:28:52', NULL, NULL, NULL, NULL, 1),
	(818, 11, 5, 7, 'R', NULL, 2, 2, 'REGULAR', 'CICT', '2017-09-14 22:28:52', NULL, NULL, NULL, NULL, 1),
	(819, 11, 5, 7, 'R', NULL, 3, 1, 'REGULAR', 'CICT', '2017-09-14 22:28:52', NULL, NULL, NULL, NULL, 1),
	(820, 11, 5, 7, 'R', NULL, 3, 2, 'REGULAR', 'CICT', '2017-09-14 22:28:52', NULL, NULL, NULL, NULL, 1),
	(821, 11, 5, 7, 'R', NULL, 4, 1, 'REGULAR', 'CICT', '2017-09-14 22:28:52', NULL, NULL, NULL, NULL, 1),
	(822, 11, 5, 7, 'R', NULL, 4, 2, 'REGULAR', 'CICT', '2017-09-14 22:28:52', NULL, NULL, NULL, NULL, 1),
	(823, 11, 5, 7, 'S', NULL, 1, 1, 'REGULAR', 'CICT', '2017-09-14 22:28:52', NULL, NULL, NULL, NULL, 1),
	(824, 11, 5, 7, 'S', NULL, 1, 2, 'REGULAR', 'CICT', '2017-09-14 22:28:52', NULL, NULL, NULL, NULL, 1),
	(825, 11, 5, 7, 'S', NULL, 2, 1, 'REGULAR', 'CICT', '2017-09-14 22:28:52', NULL, NULL, NULL, NULL, 1),
	(826, 11, 5, 7, 'S', NULL, 2, 2, 'REGULAR', 'CICT', '2017-09-14 22:28:52', NULL, NULL, NULL, NULL, 1),
	(827, 11, 5, 7, 'S', NULL, 3, 1, 'REGULAR', 'CICT', '2017-09-14 22:28:52', NULL, NULL, NULL, NULL, 1),
	(828, 11, 5, 7, 'S', NULL, 3, 2, 'REGULAR', 'CICT', '2017-09-14 22:28:52', NULL, NULL, NULL, NULL, 1),
	(829, 11, 5, 7, 'S', NULL, 4, 1, 'REGULAR', 'CICT', '2017-09-14 22:28:52', NULL, NULL, NULL, NULL, 1),
	(830, 11, 5, 7, 'S', NULL, 4, 2, 'REGULAR', 'CICT', '2017-09-14 22:28:52', NULL, NULL, NULL, NULL, 1),
	(831, 11, 5, 7, 'T', NULL, 1, 1, 'REGULAR', 'CICT', '2017-09-14 22:28:52', NULL, NULL, NULL, NULL, 1),
	(832, 11, 5, 7, 'T', NULL, 1, 2, 'REGULAR', 'CICT', '2017-09-14 22:28:52', NULL, NULL, NULL, NULL, 1),
	(833, 11, 5, 7, 'T', NULL, 2, 1, 'REGULAR', 'CICT', '2017-09-14 22:28:52', NULL, NULL, NULL, NULL, 1),
	(834, 11, 5, 7, 'T', NULL, 2, 2, 'REGULAR', 'CICT', '2017-09-14 22:28:52', NULL, NULL, NULL, NULL, 1),
	(835, 11, 5, 7, 'T', NULL, 3, 1, 'REGULAR', 'CICT', '2017-09-14 22:28:52', NULL, NULL, NULL, NULL, 1),
	(836, 11, 5, 7, 'T', NULL, 3, 2, 'REGULAR', 'CICT', '2017-09-14 22:28:52', NULL, NULL, NULL, NULL, 1),
	(837, 11, 5, 7, 'T', NULL, 4, 1, 'REGULAR', 'CICT', '2017-09-14 22:28:52', NULL, NULL, NULL, NULL, 1),
	(838, 11, 5, 7, 'T', NULL, 4, 2, 'REGULAR', 'CICT', '2017-09-14 22:28:52', NULL, NULL, NULL, NULL, 1),
	(839, 11, 5, 7, 'U', NULL, 1, 1, 'REGULAR', 'CICT', '2017-09-14 22:28:52', NULL, NULL, NULL, NULL, 1),
	(840, 11, 5, 7, 'U', NULL, 1, 2, 'REGULAR', 'CICT', '2017-09-14 22:28:52', NULL, NULL, NULL, NULL, 1),
	(841, 11, 5, 7, 'U', NULL, 2, 1, 'REGULAR', 'CICT', '2017-09-14 22:28:52', NULL, NULL, NULL, NULL, 1),
	(842, 11, 5, 7, 'U', NULL, 2, 2, 'REGULAR', 'CICT', '2017-09-14 22:28:52', NULL, NULL, NULL, NULL, 1),
	(843, 11, 5, 7, 'U', NULL, 3, 1, 'REGULAR', 'CICT', '2017-09-14 22:28:52', NULL, NULL, NULL, NULL, 1),
	(844, 11, 5, 7, 'U', NULL, 3, 2, 'REGULAR', 'CICT', '2017-09-14 22:28:52', NULL, NULL, NULL, NULL, 1),
	(845, 11, 5, 7, 'U', NULL, 4, 1, 'REGULAR', 'CICT', '2017-09-14 22:28:52', NULL, NULL, NULL, NULL, 1),
	(846, 11, 5, 7, 'U', NULL, 4, 2, 'REGULAR', 'CICT', '2017-09-14 22:28:52', NULL, NULL, NULL, NULL, 1),
	(847, 11, 5, 7, 'V', NULL, 1, 1, 'REGULAR', 'CICT', '2017-09-14 22:28:52', NULL, NULL, NULL, NULL, 1),
	(848, 11, 5, 7, 'V', NULL, 1, 2, 'REGULAR', 'CICT', '2017-09-14 22:28:52', NULL, NULL, NULL, NULL, 1),
	(849, 11, 5, 7, 'V', NULL, 2, 1, 'REGULAR', 'CICT', '2017-09-14 22:28:52', NULL, NULL, NULL, NULL, 1),
	(850, 11, 5, 7, 'V', NULL, 2, 2, 'REGULAR', 'CICT', '2017-09-14 22:28:52', NULL, NULL, NULL, NULL, 1),
	(851, 11, 5, 7, 'V', NULL, 3, 1, 'REGULAR', 'CICT', '2017-09-14 22:28:52', NULL, NULL, NULL, NULL, 1),
	(852, 11, 5, 7, 'V', NULL, 3, 2, 'REGULAR', 'CICT', '2017-09-14 22:28:52', NULL, NULL, NULL, NULL, 1),
	(853, 11, 5, 7, 'V', NULL, 4, 1, 'REGULAR', 'CICT', '2017-09-14 22:28:53', NULL, NULL, NULL, NULL, 1),
	(854, 11, 5, 7, 'V', NULL, 4, 2, 'REGULAR', 'CICT', '2017-09-14 22:28:53', NULL, NULL, NULL, NULL, 1),
	(855, 11, 5, 7, 'W', NULL, 1, 1, 'REGULAR', 'CICT', '2017-09-14 22:28:53', NULL, NULL, NULL, NULL, 1),
	(856, 11, 5, 7, 'W', NULL, 1, 2, 'REGULAR', 'CICT', '2017-09-14 22:28:53', NULL, NULL, NULL, NULL, 1),
	(857, 11, 5, 7, 'W', NULL, 2, 1, 'REGULAR', 'CICT', '2017-09-14 22:28:53', NULL, NULL, NULL, NULL, 1),
	(858, 11, 5, 7, 'W', NULL, 2, 2, 'REGULAR', 'CICT', '2017-09-14 22:28:53', NULL, NULL, NULL, NULL, 1),
	(859, 11, 5, 7, 'W', NULL, 3, 1, 'REGULAR', 'CICT', '2017-09-14 22:28:53', NULL, NULL, NULL, NULL, 1),
	(860, 11, 5, 7, 'W', NULL, 3, 2, 'REGULAR', 'CICT', '2017-09-14 22:28:53', NULL, NULL, NULL, NULL, 1),
	(861, 11, 5, 7, 'W', NULL, 4, 1, 'REGULAR', 'CICT', '2017-09-14 22:28:53', NULL, NULL, NULL, NULL, 1),
	(862, 11, 5, 7, 'W', NULL, 4, 2, 'REGULAR', 'CICT', '2017-09-14 22:28:53', NULL, NULL, NULL, NULL, 1),
	(863, 11, 5, 7, 'X', NULL, 1, 1, 'REGULAR', 'CICT', '2017-09-14 22:28:53', NULL, NULL, NULL, NULL, 1),
	(864, 11, 5, 7, 'X', NULL, 1, 2, 'REGULAR', 'CICT', '2017-09-14 22:28:53', NULL, NULL, NULL, NULL, 1),
	(865, 11, 5, 7, 'X', NULL, 2, 1, 'REGULAR', 'CICT', '2017-09-14 22:28:53', NULL, NULL, NULL, NULL, 1),
	(866, 11, 5, 7, 'X', NULL, 2, 2, 'REGULAR', 'CICT', '2017-09-14 22:28:53', NULL, NULL, NULL, NULL, 1),
	(867, 11, 5, 7, 'X', NULL, 3, 1, 'REGULAR', 'CICT', '2017-09-14 22:28:53', NULL, NULL, NULL, NULL, 1),
	(868, 11, 5, 7, 'X', NULL, 3, 2, 'REGULAR', 'CICT', '2017-09-14 22:28:53', NULL, NULL, NULL, NULL, 1),
	(869, 11, 5, 7, 'X', NULL, 4, 1, 'REGULAR', 'CICT', '2017-09-14 22:28:53', NULL, NULL, NULL, NULL, 1),
	(870, 11, 5, 7, 'X', NULL, 4, 2, 'REGULAR', 'CICT', '2017-09-14 22:28:53', NULL, NULL, NULL, NULL, 1),
	(871, 11, 5, 7, 'Y', NULL, 1, 1, 'REGULAR', 'CICT', '2017-09-14 22:28:53', NULL, NULL, NULL, NULL, 1),
	(872, 11, 5, 7, 'Y', NULL, 1, 2, 'REGULAR', 'CICT', '2017-09-14 22:28:53', NULL, NULL, NULL, NULL, 1),
	(873, 11, 5, 7, 'Y', NULL, 2, 1, 'REGULAR', 'CICT', '2017-09-14 22:28:53', NULL, NULL, NULL, NULL, 1),
	(874, 11, 5, 7, 'Y', NULL, 2, 2, 'REGULAR', 'CICT', '2017-09-14 22:28:53', NULL, NULL, NULL, NULL, 1),
	(875, 11, 5, 7, 'Y', NULL, 3, 1, 'REGULAR', 'CICT', '2017-09-14 22:28:53', NULL, NULL, NULL, NULL, 1),
	(876, 11, 5, 7, 'Y', NULL, 3, 2, 'REGULAR', 'CICT', '2017-09-14 22:28:53', NULL, NULL, NULL, NULL, 1),
	(877, 11, 5, 7, 'Y', NULL, 4, 1, 'REGULAR', 'CICT', '2017-09-14 22:28:53', NULL, NULL, NULL, NULL, 1),
	(878, 11, 5, 7, 'Y', NULL, 4, 2, 'REGULAR', 'CICT', '2017-09-14 22:28:53', NULL, NULL, NULL, NULL, 1),
	(879, 11, 5, 7, 'Z', NULL, 1, 1, 'REGULAR', 'CICT', '2017-09-14 22:28:53', NULL, NULL, NULL, NULL, 1),
	(880, 11, 5, 7, 'Z', NULL, 1, 2, 'REGULAR', 'CICT', '2017-09-14 22:28:53', NULL, NULL, NULL, NULL, 1),
	(881, 11, 5, 7, 'Z', NULL, 2, 1, 'REGULAR', 'CICT', '2017-09-14 22:28:53', NULL, NULL, NULL, NULL, 1),
	(882, 11, 5, 7, 'Z', NULL, 2, 2, 'REGULAR', 'CICT', '2017-09-14 22:28:53', NULL, NULL, NULL, NULL, 1),
	(883, 11, 5, 7, 'Z', NULL, 3, 1, 'REGULAR', 'CICT', '2017-09-14 22:28:53', NULL, NULL, NULL, NULL, 1),
	(884, 11, 5, 7, 'Z', NULL, 3, 2, 'REGULAR', 'CICT', '2017-09-14 22:28:53', NULL, NULL, NULL, NULL, 1),
	(885, 11, 5, 7, 'Z', NULL, 4, 1, 'REGULAR', 'CICT', '2017-09-14 22:28:53', NULL, NULL, NULL, NULL, 1),
	(886, 11, 5, 7, 'Z', NULL, 4, 2, 'REGULAR', 'CICT', '2017-09-14 22:28:53', NULL, NULL, NULL, NULL, 1),
	(887, 11, 4, 6, 'A', NULL, 1, 1, 'REGULAR', 'CICT', '2017-09-14 22:29:34', NULL, NULL, NULL, NULL, 1),
	(888, 11, 4, 6, 'A', NULL, 1, 2, 'REGULAR', 'CICT', '2017-09-14 22:29:34', NULL, NULL, NULL, NULL, 1),
	(889, 11, 4, 6, 'A', NULL, 2, 1, 'REGULAR', 'CICT', '2017-09-14 22:29:34', NULL, NULL, NULL, NULL, 1),
	(890, 11, 4, 6, 'A', NULL, 2, 2, 'REGULAR', 'CICT', '2017-09-14 22:29:34', NULL, NULL, NULL, NULL, 1),
	(891, 11, 4, 6, 'B', NULL, 1, 1, 'REGULAR', 'CICT', '2017-09-14 22:29:34', NULL, NULL, NULL, NULL, 1),
	(892, 11, 4, 6, 'B', NULL, 1, 2, 'REGULAR', 'CICT', '2017-09-14 22:29:34', NULL, NULL, NULL, NULL, 1),
	(893, 11, 4, 6, 'B', NULL, 2, 1, 'REGULAR', 'CICT', '2017-09-14 22:29:34', NULL, NULL, NULL, NULL, 1),
	(894, 11, 4, 6, 'B', NULL, 2, 2, 'REGULAR', 'CICT', '2017-09-14 22:29:34', NULL, NULL, NULL, NULL, 1),
	(895, 11, 4, 6, 'C', NULL, 1, 1, 'REGULAR', 'CICT', '2017-09-14 22:29:34', NULL, NULL, NULL, NULL, 1),
	(896, 11, 4, 6, 'C', NULL, 1, 2, 'REGULAR', 'CICT', '2017-09-14 22:29:34', NULL, NULL, NULL, NULL, 1),
	(897, 11, 4, 6, 'C', NULL, 2, 1, 'REGULAR', 'CICT', '2017-09-14 22:29:34', NULL, NULL, NULL, NULL, 1),
	(898, 11, 4, 6, 'C', NULL, 2, 2, 'REGULAR', 'CICT', '2017-09-14 22:29:34', NULL, NULL, NULL, NULL, 1),
	(899, 11, 4, 6, 'D', NULL, 1, 1, 'REGULAR', 'CICT', '2017-09-14 22:29:34', NULL, NULL, NULL, NULL, 1),
	(900, 11, 4, 6, 'D', NULL, 1, 2, 'REGULAR', 'CICT', '2017-09-14 22:29:34', NULL, NULL, NULL, NULL, 1),
	(901, 11, 4, 6, 'D', NULL, 2, 1, 'REGULAR', 'CICT', '2017-09-14 22:29:34', NULL, NULL, NULL, NULL, 1),
	(902, 11, 4, 6, 'D', NULL, 2, 2, 'REGULAR', 'CICT', '2017-09-14 22:29:34', NULL, NULL, NULL, NULL, 1),
	(903, 11, 4, 6, 'E', NULL, 1, 1, 'REGULAR', 'CICT', '2017-09-14 22:29:34', NULL, NULL, NULL, NULL, 1),
	(904, 11, 4, 6, 'E', NULL, 1, 2, 'REGULAR', 'CICT', '2017-09-14 22:29:34', NULL, NULL, NULL, NULL, 1),
	(905, 11, 4, 6, 'E', NULL, 2, 1, 'REGULAR', 'CICT', '2017-09-14 22:29:34', NULL, NULL, NULL, NULL, 1),
	(906, 11, 4, 6, 'E', NULL, 2, 2, 'REGULAR', 'CICT', '2017-09-14 22:29:34', NULL, NULL, NULL, NULL, 1),
	(907, 11, 4, 6, 'F', NULL, 1, 1, 'REGULAR', 'CICT', '2017-09-14 22:29:34', NULL, NULL, NULL, NULL, 1),
	(908, 11, 4, 6, 'F', NULL, 1, 2, 'REGULAR', 'CICT', '2017-09-14 22:29:34', NULL, NULL, NULL, NULL, 1),
	(909, 11, 4, 6, 'F', NULL, 2, 1, 'REGULAR', 'CICT', '2017-09-14 22:29:35', NULL, NULL, NULL, NULL, 1),
	(910, 11, 4, 6, 'F', NULL, 2, 2, 'REGULAR', 'CICT', '2017-09-14 22:29:35', NULL, NULL, NULL, NULL, 1),
	(911, 11, 4, 6, 'G', NULL, 1, 1, 'REGULAR', 'CICT', '2017-09-14 22:29:35', NULL, NULL, NULL, NULL, 1),
	(912, 11, 4, 6, 'G', NULL, 1, 2, 'REGULAR', 'CICT', '2017-09-14 22:29:35', NULL, NULL, NULL, NULL, 1),
	(913, 11, 4, 6, 'G', NULL, 2, 1, 'REGULAR', 'CICT', '2017-09-14 22:29:35', NULL, NULL, NULL, NULL, 1),
	(914, 11, 4, 6, 'G', NULL, 2, 2, 'REGULAR', 'CICT', '2017-09-14 22:29:35', NULL, NULL, NULL, NULL, 1),
	(915, 11, 4, 6, 'H', NULL, 1, 1, 'REGULAR', 'CICT', '2017-09-14 22:29:35', NULL, NULL, NULL, NULL, 1),
	(916, 11, 4, 6, 'H', NULL, 1, 2, 'REGULAR', 'CICT', '2017-09-14 22:29:35', NULL, NULL, NULL, NULL, 1),
	(917, 11, 4, 6, 'H', NULL, 2, 1, 'REGULAR', 'CICT', '2017-09-14 22:29:35', NULL, NULL, NULL, NULL, 1),
	(918, 11, 4, 6, 'H', NULL, 2, 2, 'REGULAR', 'CICT', '2017-09-14 22:29:35', NULL, NULL, NULL, NULL, 1),
	(919, 11, 4, 6, 'I', NULL, 1, 1, 'REGULAR', 'CICT', '2017-09-14 22:29:35', NULL, NULL, NULL, NULL, 1),
	(920, 11, 4, 6, 'I', NULL, 1, 2, 'REGULAR', 'CICT', '2017-09-14 22:29:35', NULL, NULL, NULL, NULL, 1),
	(921, 11, 4, 6, 'I', NULL, 2, 1, 'REGULAR', 'CICT', '2017-09-14 22:29:35', NULL, NULL, NULL, NULL, 1),
	(922, 11, 4, 6, 'I', NULL, 2, 2, 'REGULAR', 'CICT', '2017-09-14 22:29:35', NULL, NULL, NULL, NULL, 1),
	(923, 11, 4, 6, 'J', NULL, 1, 1, 'REGULAR', 'CICT', '2017-09-14 22:29:35', NULL, NULL, NULL, NULL, 1),
	(924, 11, 4, 6, 'J', NULL, 1, 2, 'REGULAR', 'CICT', '2017-09-14 22:29:35', NULL, NULL, NULL, NULL, 1),
	(925, 11, 4, 6, 'J', NULL, 2, 1, 'REGULAR', 'CICT', '2017-09-14 22:29:35', NULL, NULL, NULL, NULL, 1),
	(926, 11, 4, 6, 'J', NULL, 2, 2, 'REGULAR', 'CICT', '2017-09-14 22:29:35', NULL, NULL, NULL, NULL, 1),
	(927, 11, 4, 6, 'K', NULL, 1, 1, 'REGULAR', 'CICT', '2017-09-14 22:29:35', NULL, NULL, NULL, NULL, 1),
	(928, 11, 4, 6, 'K', NULL, 1, 2, 'REGULAR', 'CICT', '2017-09-14 22:29:35', NULL, NULL, NULL, NULL, 1),
	(929, 11, 4, 6, 'K', NULL, 2, 1, 'REGULAR', 'CICT', '2017-09-14 22:29:35', NULL, NULL, NULL, NULL, 1),
	(930, 11, 4, 6, 'K', NULL, 2, 2, 'REGULAR', 'CICT', '2017-09-14 22:29:35', NULL, NULL, NULL, NULL, 1),
	(931, 11, 4, 6, 'L', NULL, 1, 1, 'REGULAR', 'CICT', '2017-09-14 22:29:35', NULL, NULL, NULL, NULL, 1),
	(932, 11, 4, 6, 'L', NULL, 1, 2, 'REGULAR', 'CICT', '2017-09-14 22:29:35', NULL, NULL, NULL, NULL, 1),
	(933, 11, 4, 6, 'L', NULL, 2, 1, 'REGULAR', 'CICT', '2017-09-14 22:29:35', NULL, NULL, NULL, NULL, 1),
	(934, 11, 4, 6, 'L', NULL, 2, 2, 'REGULAR', 'CICT', '2017-09-14 22:29:35', NULL, NULL, NULL, NULL, 1),
	(935, 11, 4, 6, 'M', NULL, 1, 1, 'REGULAR', 'CICT', '2017-09-14 22:29:35', NULL, NULL, NULL, NULL, 1),
	(936, 11, 4, 6, 'M', NULL, 1, 2, 'REGULAR', 'CICT', '2017-09-14 22:29:35', NULL, NULL, NULL, NULL, 1),
	(937, 11, 4, 6, 'M', NULL, 2, 1, 'REGULAR', 'CICT', '2017-09-14 22:29:35', NULL, NULL, NULL, NULL, 1),
	(938, 11, 4, 6, 'M', NULL, 2, 2, 'REGULAR', 'CICT', '2017-09-14 22:29:35', NULL, NULL, NULL, NULL, 1),
	(939, 11, 4, 6, 'N', NULL, 1, 1, 'REGULAR', 'CICT', '2017-09-14 22:29:35', NULL, NULL, NULL, NULL, 1),
	(940, 11, 4, 6, 'N', NULL, 1, 2, 'REGULAR', 'CICT', '2017-09-14 22:29:35', NULL, NULL, NULL, NULL, 1),
	(941, 11, 4, 6, 'N', NULL, 2, 1, 'REGULAR', 'CICT', '2017-09-14 22:29:35', NULL, NULL, NULL, NULL, 1),
	(942, 11, 4, 6, 'N', NULL, 2, 2, 'REGULAR', 'CICT', '2017-09-14 22:29:36', NULL, NULL, NULL, NULL, 1),
	(943, 11, 4, 6, 'O', NULL, 1, 1, 'REGULAR', 'CICT', '2017-09-14 22:29:36', NULL, NULL, NULL, NULL, 1),
	(944, 11, 4, 6, 'O', NULL, 1, 2, 'REGULAR', 'CICT', '2017-09-14 22:29:36', NULL, NULL, NULL, NULL, 1),
	(945, 11, 4, 6, 'O', NULL, 2, 1, 'REGULAR', 'CICT', '2017-09-14 22:29:36', NULL, NULL, NULL, NULL, 1),
	(946, 11, 4, 6, 'O', NULL, 2, 2, 'REGULAR', 'CICT', '2017-09-14 22:29:36', NULL, NULL, NULL, NULL, 1),
	(947, 11, 4, 6, 'P', NULL, 1, 1, 'REGULAR', 'CICT', '2017-09-14 22:29:36', NULL, NULL, NULL, NULL, 1),
	(948, 11, 4, 6, 'P', NULL, 1, 2, 'REGULAR', 'CICT', '2017-09-14 22:29:36', NULL, NULL, NULL, NULL, 1),
	(949, 11, 4, 6, 'P', NULL, 2, 1, 'REGULAR', 'CICT', '2017-09-14 22:29:36', NULL, NULL, NULL, NULL, 1),
	(950, 11, 4, 6, 'P', NULL, 2, 2, 'REGULAR', 'CICT', '2017-09-14 22:29:36', NULL, NULL, NULL, NULL, 1),
	(951, 11, 4, 6, 'Q', NULL, 1, 1, 'REGULAR', 'CICT', '2017-09-14 22:29:36', NULL, NULL, NULL, NULL, 1),
	(952, 11, 4, 6, 'Q', NULL, 1, 2, 'REGULAR', 'CICT', '2017-09-14 22:29:36', NULL, NULL, NULL, NULL, 1),
	(953, 11, 4, 6, 'Q', NULL, 2, 1, 'REGULAR', 'CICT', '2017-09-14 22:29:36', NULL, NULL, NULL, NULL, 1),
	(954, 11, 4, 6, 'Q', NULL, 2, 2, 'REGULAR', 'CICT', '2017-09-14 22:29:36', NULL, NULL, NULL, NULL, 1),
	(955, 11, 4, 6, 'R', NULL, 1, 1, 'REGULAR', 'CICT', '2017-09-14 22:29:36', NULL, NULL, NULL, NULL, 1),
	(956, 11, 4, 6, 'R', NULL, 1, 2, 'REGULAR', 'CICT', '2017-09-14 22:29:36', NULL, NULL, NULL, NULL, 1),
	(957, 11, 4, 6, 'R', NULL, 2, 1, 'REGULAR', 'CICT', '2017-09-14 22:29:36', NULL, NULL, NULL, NULL, 1),
	(958, 11, 4, 6, 'R', NULL, 2, 2, 'REGULAR', 'CICT', '2017-09-14 22:29:36', NULL, NULL, NULL, NULL, 1),
	(959, 11, 4, 6, 'S', NULL, 1, 1, 'REGULAR', 'CICT', '2017-09-14 22:29:36', NULL, NULL, NULL, NULL, 1),
	(960, 11, 4, 6, 'S', NULL, 1, 2, 'REGULAR', 'CICT', '2017-09-14 22:29:36', NULL, NULL, NULL, NULL, 1),
	(961, 11, 4, 6, 'S', NULL, 2, 1, 'REGULAR', 'CICT', '2017-09-14 22:29:36', NULL, NULL, NULL, NULL, 1),
	(962, 11, 4, 6, 'S', NULL, 2, 2, 'REGULAR', 'CICT', '2017-09-14 22:29:36', NULL, NULL, NULL, NULL, 1),
	(963, 11, 4, 6, 'T', NULL, 1, 1, 'REGULAR', 'CICT', '2017-09-14 22:29:36', NULL, NULL, NULL, NULL, 1),
	(964, 11, 4, 6, 'T', NULL, 1, 2, 'REGULAR', 'CICT', '2017-09-14 22:29:36', NULL, NULL, NULL, NULL, 1),
	(965, 11, 4, 6, 'T', NULL, 2, 1, 'REGULAR', 'CICT', '2017-09-14 22:29:36', NULL, NULL, NULL, NULL, 1),
	(966, 11, 4, 6, 'T', NULL, 2, 2, 'REGULAR', 'CICT', '2017-09-14 22:29:36', NULL, NULL, NULL, NULL, 1),
	(967, 11, 4, 6, 'U', NULL, 1, 1, 'REGULAR', 'CICT', '2017-09-14 22:29:36', NULL, NULL, NULL, NULL, 1),
	(968, 11, 4, 6, 'U', NULL, 1, 2, 'REGULAR', 'CICT', '2017-09-14 22:29:36', NULL, NULL, NULL, NULL, 1),
	(969, 11, 4, 6, 'U', NULL, 2, 1, 'REGULAR', 'CICT', '2017-09-14 22:29:36', NULL, NULL, NULL, NULL, 1),
	(970, 11, 4, 6, 'U', NULL, 2, 2, 'REGULAR', 'CICT', '2017-09-14 22:29:36', NULL, NULL, NULL, NULL, 1),
	(971, 11, 4, 6, 'V', NULL, 1, 1, 'REGULAR', 'CICT', '2017-09-14 22:29:36', NULL, NULL, NULL, NULL, 1),
	(972, 11, 4, 6, 'V', NULL, 1, 2, 'REGULAR', 'CICT', '2017-09-14 22:29:36', NULL, NULL, NULL, NULL, 1),
	(973, 11, 4, 6, 'V', NULL, 2, 1, 'REGULAR', 'CICT', '2017-09-14 22:29:36', NULL, NULL, NULL, NULL, 1),
	(974, 11, 4, 6, 'V', NULL, 2, 2, 'REGULAR', 'CICT', '2017-09-14 22:29:36', NULL, NULL, NULL, NULL, 1),
	(975, 11, 4, 6, 'W', NULL, 1, 1, 'REGULAR', 'CICT', '2017-09-14 22:29:36', NULL, NULL, NULL, NULL, 1),
	(976, 11, 4, 6, 'W', NULL, 1, 2, 'REGULAR', 'CICT', '2017-09-14 22:29:36', NULL, NULL, NULL, NULL, 1),
	(977, 11, 4, 6, 'W', NULL, 2, 1, 'REGULAR', 'CICT', '2017-09-14 22:29:36', NULL, NULL, NULL, NULL, 1),
	(978, 11, 4, 6, 'W', NULL, 2, 2, 'REGULAR', 'CICT', '2017-09-14 22:29:36', NULL, NULL, NULL, NULL, 1),
	(979, 11, 4, 6, 'X', NULL, 1, 1, 'REGULAR', 'CICT', '2017-09-14 22:29:37', NULL, NULL, NULL, NULL, 1),
	(980, 11, 4, 6, 'X', NULL, 1, 2, 'REGULAR', 'CICT', '2017-09-14 22:29:37', NULL, NULL, NULL, NULL, 1),
	(981, 11, 4, 6, 'X', NULL, 2, 1, 'REGULAR', 'CICT', '2017-09-14 22:29:37', NULL, NULL, NULL, NULL, 1),
	(982, 11, 4, 6, 'X', NULL, 2, 2, 'REGULAR', 'CICT', '2017-09-14 22:29:37', NULL, NULL, NULL, NULL, 1),
	(983, 11, 4, 6, 'Y', NULL, 1, 1, 'REGULAR', 'CICT', '2017-09-14 22:29:37', NULL, NULL, NULL, NULL, 1),
	(984, 11, 4, 6, 'Y', NULL, 1, 2, 'REGULAR', 'CICT', '2017-09-14 22:29:37', NULL, NULL, NULL, NULL, 1),
	(985, 11, 4, 6, 'Y', NULL, 2, 1, 'REGULAR', 'CICT', '2017-09-14 22:29:37', NULL, NULL, NULL, NULL, 1),
	(986, 11, 4, 6, 'Y', NULL, 2, 2, 'REGULAR', 'CICT', '2017-09-14 22:29:37', NULL, NULL, NULL, NULL, 1),
	(987, 11, 4, 6, 'Z', NULL, 1, 1, 'REGULAR', 'CICT', '2017-09-14 22:29:37', NULL, NULL, NULL, NULL, 1),
	(988, 11, 4, 6, 'Z', NULL, 1, 2, 'REGULAR', 'CICT', '2017-09-14 22:29:37', NULL, NULL, NULL, NULL, 1),
	(989, 11, 4, 6, 'Z', NULL, 2, 1, 'REGULAR', 'CICT', '2017-09-14 22:29:37', NULL, NULL, NULL, NULL, 1),
	(990, 11, 4, 6, 'Z', NULL, 2, 2, 'REGULAR', 'CICT', '2017-09-14 22:29:37', NULL, NULL, NULL, NULL, 1),
	(991, 11, NULL, NULL, 'SC-01', 'MATH 113', NULL, NULL, 'SPECIAL', 'CICT', '2017-09-22 10:48:53', NULL, NULL, NULL, NULL, 1);
/*!40000 ALTER TABLE `load_section` ENABLE KEYS */;

-- Dumping structure for table cictems.load_subject
CREATE TABLE IF NOT EXISTS `load_subject` (
  `id` int(11) NOT NULL AUTO_INCREMENT,
  `SUBJECT_id` int(11) DEFAULT NULL,
  `LOADGRP_id` int(11) DEFAULT NULL,
  `STUDENT_id` int(11) DEFAULT NULL,
  `EVALUATION_id` int(11) DEFAULT NULL,
  `added_date` datetime DEFAULT CURRENT_TIMESTAMP,
  `added_by` int(11) DEFAULT NULL,
  `remarks` varchar(50) COLLATE utf8_unicode_ci DEFAULT 'ACCEPTED',
  `removed_date` datetime DEFAULT NULL,
  `removed_by` int(11) DEFAULT NULL,
  `changing_reference` int(11) DEFAULT NULL COMMENT 'load_group',
  `active` int(11) DEFAULT '1',
  PRIMARY KEY (`id`),
  KEY `load_subject_fk_from_load_group_id` (`LOADGRP_id`),
  KEY `load_subject_fk_from_student_id` (`STUDENT_id`),
  KEY `load_subject_fk_from_evaluation_id` (`EVALUATION_id`),
  KEY `load_subject_fk_from_faculty_id` (`added_by`),
  KEY `load_subject_fk_from_faculty_id_removed` (`removed_by`),
  KEY `load_subject_fk_from_subject_id` (`SUBJECT_id`),
  KEY `load_subject_fk_changing_reference` (`changing_reference`),
  CONSTRAINT `load_subject_fk_changing_reference` FOREIGN KEY (`changing_reference`) REFERENCES `load_group` (`id`),
  CONSTRAINT `load_subject_fk_from_evaluation_id` FOREIGN KEY (`EVALUATION_id`) REFERENCES `evaluation` (`id`),
  CONSTRAINT `load_subject_fk_from_faculty_id` FOREIGN KEY (`added_by`) REFERENCES `faculty` (`id`),
  CONSTRAINT `load_subject_fk_from_faculty_id_removed` FOREIGN KEY (`removed_by`) REFERENCES `faculty` (`id`),
  CONSTRAINT `load_subject_fk_from_load_group_id` FOREIGN KEY (`LOADGRP_id`) REFERENCES `load_group` (`id`),
  CONSTRAINT `load_subject_fk_from_student_id` FOREIGN KEY (`STUDENT_id`) REFERENCES `student` (`cict_id`),
  CONSTRAINT `load_subject_fk_from_subject_id` FOREIGN KEY (`SUBJECT_id`) REFERENCES `subject` (`id`)
) ENGINE=InnoDB AUTO_INCREMENT=34 DEFAULT CHARSET=utf8 COLLATE=utf8_unicode_ci COMMENT='all students enrolled in that subject in a particular section';

-- Dumping data for table cictems.load_subject: ~29 rows (approximately)
/*!40000 ALTER TABLE `load_subject` DISABLE KEYS */;
INSERT INTO `load_subject` (`id`, `SUBJECT_id`, `LOADGRP_id`, `STUDENT_id`, `EVALUATION_id`, `added_date`, `added_by`, `remarks`, `removed_date`, `removed_by`, `changing_reference`, `active`) VALUES
	(1, 114, 3532, 59, 1, '2017-09-16 10:39:44', 1, 'REVOKED_EVALUATION', '2017-09-23 12:19:24', 3, NULL, 0),
	(2, 118, 3536, 59, 1, '2017-09-16 10:39:44', 1, 'REVOKED_EVALUATION', '2017-09-23 12:19:24', 3, NULL, 0),
	(3, 119, 3537, 59, 1, '2017-09-16 10:39:44', 1, 'REVOKED_EVALUATION', '2017-09-23 12:19:24', 3, NULL, 0),
	(4, 115, 3533, 59, 1, '2017-09-16 10:39:44', 1, 'REVOKED_EVALUATION', '2017-09-23 12:19:24', 3, NULL, 0),
	(5, 117, 3535, 59, 1, '2017-09-16 10:39:44', 1, 'REVOKED_EVALUATION', '2017-09-23 12:19:24', 3, NULL, 0),
	(6, 113, 3531, 59, 1, '2017-09-16 10:39:44', 1, 'REVOKED_EVALUATION', '2017-09-23 12:19:24', 3, NULL, 0),
	(7, 116, 3534, 59, 1, '2017-09-16 10:39:44', 1, 'REVOKED_EVALUATION', '2017-09-23 12:19:24', 3, NULL, 0),
	(8, 112, 3530, 59, 1, '2017-09-16 10:39:44', 1, 'REVOKED_EVALUATION', '2017-09-23 12:19:24', 3, NULL, 0),
	(9, 110, 3528, 59, 1, '2017-09-16 10:39:44', 1, 'REVOKED_EVALUATION', '2017-09-23 12:19:24', 3, NULL, 0),
	(10, 111, 3529, 59, 1, '2017-09-16 10:39:44', 1, 'REVOKED_EVALUATION', '2017-09-23 12:19:24', 3, NULL, 0),
	(11, 114, 1972, 57, 2, '2017-09-21 20:40:03', 1, 'REVOKED_EVALUATION', '2017-09-23 00:30:13', 3, NULL, 0),
	(12, 117, 1975, 57, 2, '2017-09-21 20:40:03', 1, 'REVOKED_EVALUATION', '2017-09-23 00:30:13', 3, NULL, 0),
	(13, 116, 1974, 57, 2, '2017-09-21 20:40:03', 1, 'REVOKED_EVALUATION', '2017-09-23 00:30:13', 3, NULL, 0),
	(14, 119, 1977, 57, 2, '2017-09-21 20:40:03', 1, 'REVOKED_EVALUATION', '2017-09-23 00:30:13', 3, NULL, 0),
	(15, 118, 1976, 57, 2, '2017-09-21 20:40:03', 1, 'REVOKED_EVALUATION', '2017-09-23 00:30:13', 3, NULL, 0),
	(16, 113, 1971, 57, 2, '2017-09-21 20:40:03', 1, 'REVOKED_EVALUATION', '2017-09-23 00:30:13', 3, NULL, 0),
	(17, 110, 1968, 57, 2, '2017-09-21 20:40:03', 1, 'REVOKED_EVALUATION', '2017-09-23 00:30:13', 3, NULL, 0),
	(18, 112, 1970, 57, 2, '2017-09-21 20:40:03', 1, 'REVOKED_EVALUATION', '2017-09-23 00:30:13', 3, NULL, 0),
	(19, 111, 1969, 57, 2, '2017-09-21 20:40:03', 1, 'REVOKED_EVALUATION', '2017-09-23 00:30:13', 3, NULL, 0),
	(24, 112, 1970, 58, 3, '2017-09-22 19:24:51', 3, 'REVOKED_EVALUATION', '2017-09-23 12:07:07', 3, NULL, 0),
	(25, 118, 1976, 58, 3, '2017-09-22 19:24:51', 3, 'REVOKED_EVALUATION', '2017-09-23 12:07:07', 3, NULL, 0),
	(26, 110, 1968, 58, 3, '2017-09-22 19:24:51', 3, 'REVOKED_EVALUATION', '2017-09-23 12:07:07', 3, NULL, 0),
	(27, 113, 1971, 58, 3, '2017-09-22 19:24:51', 3, 'REVOKED_EVALUATION', '2017-09-23 12:07:07', 3, NULL, 0),
	(28, 111, 1969, 58, 3, '2017-09-22 19:24:51', 3, 'REVOKED_EVALUATION', '2017-09-23 12:07:07', 3, NULL, 0),
	(29, 116, 1974, 58, 3, '2017-09-22 19:24:51', 3, 'REVOKED_EVALUATION', '2017-09-23 12:07:07', 3, NULL, 0),
	(30, 114, 1972, 58, 3, '2017-09-22 19:24:51', 3, 'REVOKED_EVALUATION', '2017-09-23 12:07:07', 3, NULL, 0),
	(31, 115, 1973, 58, 3, '2017-09-22 19:24:51', 3, 'REVOKED_EVALUATION', '2017-09-23 12:07:07', 3, NULL, 0),
	(32, 117, 1975, 58, 3, '2017-09-22 19:24:51', 3, 'REVOKED_EVALUATION', '2017-09-23 12:07:07', 3, NULL, 0),
	(33, 119, 1977, 58, 3, '2017-09-22 19:24:51', 3, 'REVOKED_EVALUATION', '2017-09-23 12:07:07', 3, NULL, 0);
/*!40000 ALTER TABLE `load_subject` ENABLE KEYS */;

-- Dumping structure for table cictems.student
CREATE TABLE IF NOT EXISTS `student` (
  `cict_id` int(30) NOT NULL AUTO_INCREMENT,
  `id` varchar(50) COLLATE utf8_unicode_ci DEFAULT NULL COMMENT 'bulsu_id from the registrar',
  `CURRICULUM_id` int(11) DEFAULT NULL,
  `PREP_id` int(11) DEFAULT NULL,
  `last_name` varchar(100) CHARACTER SET utf8 DEFAULT NULL,
  `first_name` varchar(100) CHARACTER SET utf8 DEFAULT NULL,
  `middle_name` varchar(100) CHARACTER SET utf8 DEFAULT NULL,
  `gender` varchar(100) COLLATE utf8_unicode_ci DEFAULT NULL,
  `year_level` int(11) DEFAULT NULL,
  `section` varchar(100) CHARACTER SET utf8 DEFAULT NULL,
  `_group` int(11) DEFAULT NULL,
  `has_profile` int(1) DEFAULT '0',
  `enrollment_type` varchar(50) COLLATE utf8_unicode_ci DEFAULT 'REGULAR' COMMENT 'REGULAR, SHIFTER, TRANSFEREE, CROSS-ENROLLEE',
  `admission_year` varchar(50) COLLATE utf8_unicode_ci DEFAULT 'NOT_SET' COMMENT 'prefix of id (2014)',
  `college` varchar(50) COLLATE utf8_unicode_ci DEFAULT 'CICT',
  `campus` varchar(50) COLLATE utf8_unicode_ci DEFAULT 'MAIN' COMMENT 'CAMPUS BRANCH, CEU, PUP',
  `residency` varchar(50) COLLATE utf8_unicode_ci DEFAULT 'REGULAR' COMMENT 'REGULAR,CROSS_ENROLLEE',
  `university` varchar(50) COLLATE utf8_unicode_ci DEFAULT NULL,
  `created_by` varchar(100) COLLATE utf8_unicode_ci DEFAULT 'FACULTY',
  `created_date` datetime DEFAULT CURRENT_TIMESTAMP,
  `verified` int(11) DEFAULT '0',
  `verification_date` datetime DEFAULT NULL,
  `last_evaluation_term` int(11) DEFAULT NULL,
  `active` int(1) DEFAULT '1',
  PRIMARY KEY (`cict_id`),
  UNIQUE KEY `id` (`id`),
  KEY `student_fk_from_curriculum_id` (`CURRICULUM_id`),
  KEY `student_fk_from_curriculum_id_prep` (`PREP_id`),
  CONSTRAINT `student_fk_from_curriculum_id` FOREIGN KEY (`CURRICULUM_id`) REFERENCES `curriculum` (`id`),
  CONSTRAINT `student_fk_from_curriculum_id_prep` FOREIGN KEY (`PREP_id`) REFERENCES `curriculum` (`id`)
) ENGINE=InnoDB AUTO_INCREMENT=62 DEFAULT CHARSET=utf8 COLLATE=utf8_unicode_ci;

-- Dumping data for table cictems.student: ~5 rows (approximately)
/*!40000 ALTER TABLE `student` DISABLE KEYS */;
INSERT INTO `student` (`cict_id`, `id`, `CURRICULUM_id`, `PREP_id`, `last_name`, `first_name`, `middle_name`, `gender`, `year_level`, `section`, `_group`, `has_profile`, `enrollment_type`, `admission_year`, `college`, `campus`, `residency`, `university`, `created_by`, `created_date`, `verified`, `verification_date`, `last_evaluation_term`, `active`) VALUES
	(57, '2014113844', 10, NULL, 'PERELLO', 'JHON MELVIN', 'NIETO', 'MALE', 4, 'A', 1, 1, 'REGULAR', '2014', 'CICT', 'MAIN', 'REGULAR', NULL, 'FACULTY', '2017-09-09 17:53:54', 0, NULL, 11, 1),
	(58, '2014123456', 7, NULL, 'DAZO', 'ARLEALYN', 'AAAA', 'FEMALE', 1, 'A', 1, 1, 'REGULAR', '2017', 'CICT', 'MAIN', 'REGULAR', NULL, 'FACULTY', '2017-09-09 18:41:14', 0, NULL, 11, 1),
	(59, '2014112470', 6, NULL, 'MERCADO', 'JELYN', 'CARLOS', 'FEMALE', 1, 'A', 1, 1, 'REGULAR', '2017', 'CICT', 'MAIN', 'REGULAR', NULL, 'FACULTY', '2017-09-10 06:57:02', 0, NULL, 11, 1),
	(60, '2015123456', 9, NULL, 'SAMPLE', 'SAMPLE', 'SAMPLE', NULL, 1, 'A', 1, 1, 'NOT_SET', '2017', 'CICT', 'MAIN', 'REGULAR', NULL, 'LINKED_ACC_24_USER_2014112470_MERCADO', '2017-09-10 12:07:01', 0, NULL, 11, 1),
	(61, '2014112233', NULL, NULL, 'EWAN', 'EWAN', 'EWAN', 'FEMALE', NULL, NULL, NULL, 1, 'REGULAR', 'NOT_SET', 'CICT', 'MAIN', 'REGULAR', NULL, 'FACULTY', '2017-09-13 07:37:52', 0, NULL, 11, 1);
/*!40000 ALTER TABLE `student` ENABLE KEYS */;

-- Dumping structure for table cictems.student_profile
CREATE TABLE IF NOT EXISTS `student_profile` (
  `id` int(30) NOT NULL AUTO_INCREMENT,
  `STUDENT_id` int(11) DEFAULT NULL,
  `floor_assignment` int(11) DEFAULT NULL,
  `profile_picture` varchar(60) COLLATE utf8_unicode_ci DEFAULT 'NONE',
  `active` int(11) DEFAULT '1',
  `mobile` varchar(50) CHARACTER SET utf8 DEFAULT NULL,
  `zipcode` varchar(100) CHARACTER SET utf8 DEFAULT NULL,
  `city` varchar(100) CHARACTER SET utf8 DEFAULT NULL,
  `brgy` varchar(100) CHARACTER SET utf8 DEFAULT NULL,
  `street` varchar(100) CHARACTER SET utf8 DEFAULT NULL,
  `house_no` varchar(100) CHARACTER SET utf8 DEFAULT NULL,
  `province` varchar(50) COLLATE utf8_unicode_ci DEFAULT NULL,
  `email` varchar(100) CHARACTER SET utf8 DEFAULT NULL,
  `ice_name` varchar(100) CHARACTER SET utf8 DEFAULT NULL,
  `ice_address` varchar(150) CHARACTER SET utf8 DEFAULT NULL,
  `ice_contact` varchar(50) COLLATE utf8_unicode_ci DEFAULT NULL,
  `created_date` datetime DEFAULT CURRENT_TIMESTAMP,
  PRIMARY KEY (`id`),
  KEY `profile_fk_from_student_cict_id` (`STUDENT_id`),
  CONSTRAINT `profile_fk_from_student_cict_id` FOREIGN KEY (`STUDENT_id`) REFERENCES `student` (`cict_id`)
) ENGINE=InnoDB AUTO_INCREMENT=28 DEFAULT CHARSET=utf8 COLLATE=utf8_unicode_ci;

-- Dumping data for table cictems.student_profile: ~14 rows (approximately)
/*!40000 ALTER TABLE `student_profile` DISABLE KEYS */;
INSERT INTO `student_profile` (`id`, `STUDENT_id`, `floor_assignment`, `profile_picture`, `active`, `mobile`, `zipcode`, `city`, `brgy`, `street`, `house_no`, `province`, `email`, `ice_name`, `ice_address`, `ice_contact`, `created_date`) VALUES
	(14, 57, 3, 'profile_2014113844jpg', 0, '09368955866', '3018', 'BOCAUE', 'BUNDUCAN', 'LGONZALES', '489', 'BULACAN', 'jhmvinperello@gmail.com', 'SAMPLE SAMPLE', 'SAMPLE SAMPLE', '09368955866', '2017-09-09 18:37:16'),
	(15, 58, 3, 'profile_58_1505267256.jpg', 0, '09368955866', '3018', 'BOCAUE', 'ASDASDASDASD', 'ASDASDASDA', 'ASDASDASD', 'BULACAN', 'jhmvinperello@gmail.com', 'EWAN KO BA', 'COMPLETE', '09368955866', '2017-09-10 06:45:40'),
	(16, 59, 3, 'NONE', 1, '09368955866', '3018', 'ASDASDASD', 'ASDASDASD', 'ASDASDASDASD', '123', 'ASDASDASDASD', 'jhmvinperello@gmail.com', 'ASDASDASDASD', 'ADDREESS', '09368955866', '2017-09-10 06:58:21'),
	(17, 57, 3, 'profile_2014113844jpg', 0, '09368955866', '3018', 'BOCAUE', 'BUNDUCAN', 'LGONZALES', '489', 'BULACAN', 'jhmvinperello@gmail.com', 'SAMPLE SAMPLE', 'SAMPLE SAMPLEDDDD', '09368955866', '2017-09-13 07:36:52'),
	(18, 57, 3, 'profile_2014113844jpg', 0, '09368955866', '3018', 'BOCAUE', 'BUNDUCAN', 'LGONZALES', '489', 'BULACAN', 'jhmvinperello@gmail.com', 'SAMPLE SAMPLE', 'SAMPLE SAMPLEDDDD', '09368955866', '2017-09-13 07:36:53'),
	(19, 61, 3, 'NONE', 0, NULL, NULL, NULL, NULL, NULL, NULL, NULL, NULL, NULL, NULL, NULL, '2017-09-13 07:38:35'),
	(20, 61, 3, 'NONE', 1, '09368955866', '3018', '123', '13', '123', '123', 'ASDASDASDASD', 'jhmvinperello@gmail.com', 'ASDASDASD', 'ASDASDAS ASDAS', '09368955866', '2017-09-13 07:40:27'),
	(21, 58, 3, 'profile_58_1505267256.jpg', 0, '09368955866', '3018', 'BOCAUE', 'ASDASDASDASD', 'ASDASDASDADDD', 'ASDASDASD', 'BULACAN', 'jhmvinperello@gmail.com', 'EWAN KO BA', 'COMPLETE', '09368955866', '2017-09-13 09:34:54'),
	(22, 58, 3, 'profile_58_1505267256.jpg', 1, '09368955866', '3018', 'BOCAUE', 'ASDASDASDASD', 'ASDASDASDADDDSWAMPLE', 'ASDASDASD', 'BULACAN', 'jhmvinperello@gmail.com', 'EWAN KO BA', 'COMPLETE', '09368955866', '2017-09-13 09:41:16'),
	(23, 57, 3, 'profile_2014113844jpg', 0, '09368955866', '3018', 'BOCAUE', 'BUNDUCAN', 'LGONZALES', '489', 'BULACAN', 'jhmvinperello@gmail.com', 'SAMPLE SAMPLE', 'SAMPLE SAMPLEDDDD', '09368955866', '2017-09-13 15:45:34'),
	(24, 57, 3, 'profile_57_1505725202.jpg', 0, '09368955866', '3018', 'BOCAUE', 'BUNDUCAN', 'LGONZALES', '489', 'BULACAN', 'jhmvinperello@gmail.com', 'ELYSSA JELYN C MERCADO', 'SAMPLE SAMPLEDDDD', '09368955866', '2017-09-13 15:45:46'),
	(25, 57, 3, 'profile_57_1505725202.jpg', 0, '09368955866', '3018', 'BOCAUE', 'BUNDUCAN', 'LGONZALES', '489', 'BULACAN', 'jhmvinperello@gmail.com', 'ELYSSA JELYN C MERCADOD', 'SAMPLE SAMPLEDDDD', '09368955866', '2017-09-18 18:26:49'),
	(26, 57, 3, 'profile_57_1505725202.jpg', 0, '09368955866', '3018D', 'BOCAUE', 'BUNDUCAN', 'LGONZALES', '489', 'BULACAN', 'jhmvinperello@gmail.com', 'ELYSSA JELYN C MERCADOD', 'SAMPLE SAMPLEDDDD', '09368955866', '2017-09-18 18:26:55'),
	(27, 57, 3, 'profile_57_1505725202.jpg', 1, '09368955866', '3018', 'BOCAUE', 'BUNDUCAN', 'LGONZALES', '489', 'BULACAN', 'jhmvinperello@gmail.com', 'ELYSSA JELYN C MERCADOD', 'SAMPLE SAMPLEDDDD', '09368955866', '2017-09-18 18:27:09');
/*!40000 ALTER TABLE `student_profile` ENABLE KEYS */;

-- Dumping structure for table cictems.subject
CREATE TABLE IF NOT EXISTS `subject` (
  `id` int(30) NOT NULL AUTO_INCREMENT,
  `code` varchar(100) COLLATE utf8_unicode_ci DEFAULT NULL,
  `descriptive_title` varchar(100) COLLATE utf8_unicode_ci DEFAULT NULL,
  `lec_units` double DEFAULT '0',
  `lab_units` double DEFAULT '0',
  `type` varchar(50) COLLATE utf8_unicode_ci DEFAULT '1' COMMENT 'MINOR, MAJOR, ELECTIVE, PE, INTERNSHIP, NSTP',
  `subtype` varchar(50) COLLATE utf8_unicode_ci DEFAULT 'NONE' COMMENT 'GRAPHICS, PROGRAMMING, HARDWARE',
  `added_by` int(11) DEFAULT NULL,
  `added_date` datetime DEFAULT CURRENT_TIMESTAMP,
  `updated_by` int(11) DEFAULT NULL,
  `updated_date` datetime DEFAULT NULL,
  `active` int(1) DEFAULT '1',
  PRIMARY KEY (`id`),
  KEY `subject_fk_added_by` (`added_by`),
  KEY `subject_fk_updated_by` (`updated_by`),
  CONSTRAINT `subject_fk_added_by` FOREIGN KEY (`added_by`) REFERENCES `faculty` (`id`),
  CONSTRAINT `subject_fk_updated_by` FOREIGN KEY (`updated_by`) REFERENCES `faculty` (`id`)
) ENGINE=InnoDB AUTO_INCREMENT=294 DEFAULT CHARSET=utf8 COLLATE=utf8_unicode_ci COMMENT='this is the subjects pre requisite are arranged with no order the pre requisite can be assign besides it subject of requisite in the same time\r\n';

-- Dumping data for table cictems.subject: ~163 rows (approximately)
/*!40000 ALTER TABLE `subject` DISABLE KEYS */;
INSERT INTO `subject` (`id`, `code`, `descriptive_title`, `lec_units`, `lab_units`, `type`, `subtype`, `added_by`, `added_date`, `updated_by`, `updated_date`, `active`) VALUES
	(110, 'PSYCH 113', 'GENERAL PSYCHOLOGY', 3, 0, 'MINOR', 'NONE', NULL, '2017-09-09 11:43:45', NULL, NULL, 1),
	(111, 'ENG 113', 'STUDY AND THINKING SKILLS', 3, 0, 'MINOR', 'NONE', NULL, '2017-09-09 11:43:45', NULL, NULL, 1),
	(112, 'FIL 113', 'SINING NG KOMUNIKASYONG PANG-AKADEMIKO', 3, 0, 'MINOR', 'NONE', NULL, '2017-09-09 11:43:45', NULL, NULL, 1),
	(113, 'MATH 113', 'COLLEGE ALGEBRA', 3, 0, 'MINOR', 'NONE', NULL, '2017-09-09 11:43:45', NULL, NULL, 1),
	(114, 'SOCSCI 113', 'PHILIPPINE HISTORY AND GOVERNMENT', 3, 0, 'MINOR', 'NONE', NULL, '2017-09-09 11:43:45', NULL, NULL, 1),
	(115, 'ACT 113', 'ICT FUNDAMENTALS', 3, 0, 'MAJOR', 'NONE', NULL, '2017-09-09 11:43:45', NULL, NULL, 1),
	(116, 'ACT 133', 'FUNDAMENTALS OF PROGRAMMING LANGUAGE', 2, 1, 'MAJOR', 'PROGRAMMING', NULL, '2017-09-09 11:43:45', NULL, NULL, 1),
	(117, 'ACT 153', 'DIGITAL AND LOGIC CIRCUITS', 2, 1, 'MAJOR', 'HARDWARE', NULL, '2017-09-09 11:43:45', NULL, NULL, 1),
	(118, 'PE 112', 'PHYSICAL EDUCATION 1', 2, 0, 'PE', 'NONE', NULL, '2017-09-09 11:43:45', NULL, NULL, 1),
	(119, 'NSTP 1', 'ROTC/LTS/CWTS', 0, 0, 'NSTP', 'NONE', NULL, '2017-09-09 11:43:45', NULL, NULL, 1),
	(120, 'ENG 123', 'ORAL COMMUNICATION', 3, 0, 'MINOR', 'NONE', NULL, '2017-09-09 11:43:45', NULL, NULL, 1),
	(121, 'MATH 123', 'PLANE TRIGONOMETRY', 3, 0, 'MINOR', 'NONE', NULL, '2017-09-09 11:43:45', NULL, NULL, 1),
	(122, 'HUM 123', 'ART APPRECIATION', 3, 0, 'MINOR', 'NONE', NULL, '2017-09-09 11:43:45', NULL, NULL, 1),
	(123, 'FIL 123', 'PAGBASA AT PAGSULAT TUNGO SA PANANALIKSIK', 3, 0, 'MINOR', 'NONE', NULL, '2017-09-09 11:43:45', NULL, NULL, 1),
	(124, 'ACT 103', 'DISCRETE STRUCTURE', 3, 0, 'MINOR', 'NONE', NULL, '2017-09-09 11:43:45', NULL, NULL, 1),
	(126, 'ACT 143', 'DATA STRUCTURE AND ALGORITHM', 2, 1, 'MAJOR', 'NONE', NULL, '2017-09-09 11:43:45', NULL, NULL, 1),
	(127, 'ACT 163', 'COMPUTER HARDWARE FUNDAMENTALS', 1, 2, 'MAJOR', 'HARDWARE', NULL, '2017-09-09 11:43:45', NULL, NULL, 1),
	(128, 'PE 122', 'PHYSICAL EDUCATION II', 2, 0, 'PE', 'NONE', NULL, '2017-09-09 11:43:45', NULL, NULL, 1),
	(129, 'NSTP 2', 'ROTC/LTS/CWTS', 0, 0, 'NSTP', 'NONE', NULL, '2017-09-09 11:43:45', NULL, NULL, 1),
	(130, 'PHILO 213', 'PHILOSOPHY OF MAN', 3, 0, 'MINOR', 'NONE', NULL, '2017-09-09 11:43:45', NULL, NULL, 1),
	(131, 'ENG 213', 'TECHNICAL WRITING FOR ICT', 3, 0, 'MINOR', 'NONE', NULL, '2017-09-09 11:43:45', NULL, NULL, 1),
	(133, 'ACT 233', 'OBJECT ORIENTED PROGRAMMING', 2, 1, 'MAJOR', 'PROGRAMMING', NULL, '2017-09-09 11:43:45', NULL, NULL, 1),
	(134, 'ACT 253', 'MULTIMEDIA AND WEB DESIGN', 2, 1, 'MAJOR', 'GRAPHICS', NULL, '2017-09-09 11:43:45', NULL, NULL, 1),
	(135, 'ACT 273', 'COMPUTER SYSTEM ORGANIZATION', 2, 1, 'MAJOR', 'HARDWARE', NULL, '2017-09-09 11:43:45', NULL, NULL, 1),
	(136, 'ACT 293', 'NETWORK AND COMMUNICATION', 2, 1, 'MAJOR', 'HARDWARE', NULL, '2017-09-09 11:43:45', NULL, NULL, 1),
	(137, 'PE 212', 'PHYSICAL EDUCATION III', 2, 0, 'PE', 'NONE', NULL, '2017-09-09 11:43:45', NULL, NULL, 1),
	(138, 'SOCSCI 223', 'LIFE AND WORKS OF RIZAL', 3, 0, 'MINOR', 'NONE', NULL, '2017-09-09 11:43:45', NULL, NULL, 1),
	(139, 'ACT 203', 'HUMAN COMPUTER INTERACTION', 2, 1, 'MAJOR', 'HARDWARE', NULL, '2017-09-09 11:43:45', NULL, NULL, 1),
	(140, 'ACT 223', 'SYSTEM ANALYSIS, DESIGN AND INTERACTION', 2, 1, 'MAJOR', 'PROGRAMMING', NULL, '2017-09-09 11:43:45', NULL, NULL, 1),
	(141, 'ACT 243', 'CODE OF ETHICS OF THE ITE PROFESSIONALS', 3, 0, 'MAJOR', 'NONE', NULL, '2017-09-09 11:43:45', NULL, NULL, 1),
	(142, 'ACT 263', 'OPERATING SYSTEM PRINCIPLES AND APPLICATIONS', 2, 1, 'MAJOR', 'HARDWARE', NULL, '2017-09-09 11:43:45', NULL, NULL, 1),
	(143, 'ACT 283A', 'WEB APPLICATION DEVELOPMENT', 2, 1, 'MAJOR', 'PROGRAMMING', NULL, '2017-09-09 11:43:45', NULL, NULL, 1),
	(144, 'ACT 283B', 'ELECTIVE 1', 3, 0, 'ELECTIVE', 'NONE', NULL, '2017-09-09 11:43:45', NULL, NULL, 1),
	(145, 'PE 222', 'PHYSICAL EDUCATION IV', 2, 0, 'PE', 'NONE', NULL, '2017-09-09 11:43:45', NULL, NULL, 1),
	(147, 'ACT 123', 'ADVANCED PROGRAMMING LANGUAGE', 2, 1, 'MAJOR', 'PROGRAMMING', NULL, '2017-09-09 11:43:45', NULL, NULL, 1),
	(148, 'ACT 283B', 'ELECTIVE I (PSIT)', 3, 0, 'ELECTIVE', 'NONE', NULL, '2017-09-09 11:43:45', NULL, NULL, 1),
	(149, 'ACT 163', 'COMPUTER HARDWARE FUNDAMENTALS', 2, 1, 'MAJOR', 'HARDWARE', NULL, '2017-09-09 11:43:45', NULL, NULL, 1),
	(150, 'SCI 213', 'ENVIROMENTAL SCIENCE', 3, 0, 'MINOR', 'NONE', NULL, '2017-09-09 11:43:45', NULL, NULL, 1),
	(152, 'ACC 323', 'ACCOUNTING PRINCIPLES', 3, 0, 'MINOR', 'NONE', NULL, '2017-09-09 11:43:45', NULL, NULL, 1),
	(154, 'IT 313', 'COMPUTER PROGRAMMING IV (OBJECT-ORIENTED PROGRAMMING)', 2, 1, 'MAJOR', 'PROGRAMMING', NULL, '2017-09-09 11:43:45', NULL, NULL, 1),
	(156, 'IT 353', 'STRATEGIC MANAGEMENT IN IT', 3, 0, 'MAJOR', 'NONE', NULL, '2017-09-09 11:43:45', NULL, NULL, 1),
	(157, 'IT 373', 'IT ELECTIVE II (ADVANCED WEB APPLICATIONS)', 2, 1, 'MAJOR', 'PROGRAMMING', NULL, '2017-09-09 11:43:45', NULL, NULL, 1),
	(159, 'SCI 323', 'PHYSICAL SCIENCE', 3, 0, 'MINOR', 'NONE', NULL, '2017-09-09 11:43:45', NULL, NULL, 1),
	(160, 'MATH 313', 'PROBABILITY AND STATISTICS', 3, 0, 'MINOR', 'NONE', NULL, '2017-09-09 11:43:45', NULL, NULL, 1),
	(162, 'IT 323', 'COMPUTER PROGRAMMING V (VB.NET)', 2, 1, 'MAJOR', 'PROGRAMMING', NULL, '2017-09-09 11:43:45', NULL, NULL, 1),
	(163, 'IT 343', 'SOFTWARE ENGINEERING', 2, 1, 'MAJOR', 'PROGRAMMING', NULL, '2017-09-09 11:43:45', NULL, NULL, 1),
	(164, 'IT 363', 'NETWORK ADMINISTRATION AND MAINTENANCE', 2, 1, 'MAJOR', 'HARDWARE', NULL, '2017-09-09 11:43:45', NULL, NULL, 1),
	(165, 'IT 383', 'IT ELECTIVE III (NETWORK PROGRAMMING)', 2, 1, 'ELECTIVE', 'PROGRAMMING', NULL, '2017-09-09 11:43:45', NULL, NULL, 1),
	(166, 'CAPS 01', 'CAPSTONE I', 3, 0, 'MAJOR', 'NONE', NULL, '2017-09-09 11:43:45', NULL, NULL, 1),
	(167, 'FREL 02', 'FREE ELECTIVE II (FOREIGN LANGUAGE I)', 3, 0, 'ELECTIVE', 'NONE', NULL, '2017-09-09 11:43:45', NULL, NULL, 1),
	(169, 'CAPS 02', 'CAPSTONE II', 3, 0, 'MAJOR', 'NONE', NULL, '2017-09-09 11:43:45', NULL, NULL, 1),
	(171, 'IT 423', 'INTERNSHIP', 9, 0, 'INTERNSHIP', 'NONE', NULL, '2017-09-09 11:43:45', NULL, NULL, 1),
	(172, 'ACT 213', 'DATABASE MANAGEMENT SYSTEM', 2, 1, 'MAJOR', 'NONE', NULL, '2017-09-09 11:43:45', NULL, NULL, 1),
	(174, 'SCI 313', 'ENVIROMENTAL SVIENCE', 3, 0, 'MINOR', 'NONE', NULL, '2017-09-09 11:43:45', NULL, NULL, 1),
	(175, 'SOCSCI 313', 'POLITICS AND GOVERNANCE WITH PHILIPPINE CONSTITUTIONS', 3, 0, 'MINOR', 'NONE', NULL, '2017-09-09 11:43:45', NULL, NULL, 1),
	(176, 'LIT 313', 'PHILIPPINE LITERATURE', 3, 0, 'MINOR', 'NONE', NULL, '2017-09-09 11:43:45', NULL, NULL, 1),
	(177, 'IT 333', 'ADVANCED DATABASE MANAGEMENT SYSTEM', 2, 1, 'MAJOR', 'NONE', NULL, '2017-09-09 11:43:45', NULL, NULL, 1),
	(179, 'FREL 01', 'FREE ELECTIVE I (INSPECTION TRIPS AND SEMINARS)', 3, 0, 'ELECTIVE', 'NONE', NULL, '2017-09-09 11:43:45', NULL, NULL, 1),
	(180, 'SOCSCI 323', 'ECONOMICS (WITH TAXATION AND AGRARIAN REFORM)', 3, 0, 'MINOR', 'NONE', NULL, '2017-09-09 11:43:45', NULL, NULL, 1),
	(186, 'IT 413', 'IT ELECTIVE IV (WIRELESS AND MOBILE COMPUTING)', 2, 1, 'ELECTIVE', 'PROGRAMMING', NULL, '2017-09-09 11:43:45', NULL, NULL, 1),
	(188, 'FREL 03', 'FREE ELECTIVE III (FOREIGN LANGUAGE II)', 3, 0, 'ELECTIVE', 'NONE', NULL, '2017-09-09 11:43:45', NULL, NULL, 1),
	(190, 'COMP 113', 'FUNDAMENTALS OF INFORMATION TECHNOLOGY', 2, 1, 'MAJOR', 'NONE', NULL, '2017-09-09 11:43:45', NULL, NULL, 1),
	(191, 'IT 113', 'COMPUTER PROGRAMMING 1', 2, 1, 'MAJOR', 'PROGRAMMING', NULL, '2017-09-09 11:43:45', NULL, NULL, 1),
	(192, 'IT 133', 'DIGITAL ELECTRONICS AND LOGIC DESIGN', 2, 1, 'MAJOR', 'HARDWARE', NULL, '2017-09-09 11:43:45', NULL, NULL, 1),
	(193, 'SCI 113', 'ENVIROMENTAL SCIENCE', 3, 0, 'MINOR', 'NONE', NULL, '2017-09-09 11:43:45', NULL, NULL, 1),
	(194, 'ENG 113', 'COMMUNICATION SKILLS 1', 3, 0, 'MINOR', 'NONE', NULL, '2017-09-09 11:43:45', NULL, NULL, 1),
	(196, 'PE 112', 'SELF-TESTING ACTIVITIES', 2, 0, 'PE', 'NONE', NULL, '2017-09-09 11:43:45', NULL, NULL, 1),
	(197, 'COMP 123', 'INTEGRATED APPLICATION SOFTWARE', 2, 1, 'MAJOR', 'GRAPHICS', NULL, '2017-09-09 11:43:45', NULL, NULL, 1),
	(198, 'IT 123', 'COMPUTER PROGRAMMING 2', 2, 1, 'MAJOR', 'PROGRAMMING', NULL, '2017-09-09 11:43:45', NULL, NULL, 1),
	(199, 'IT 143', 'COMPUTER ORGANIZATION & MICROCOMPUTER TECHNOLOGY', 2, 1, 'MAJOR', 'PROGRAMMING', NULL, '2017-09-09 11:43:45', NULL, NULL, 1),
	(200, 'SCI 124', 'PHYSICAL SCIENVE', 3, 0, 'MINOR', 'NONE', NULL, '2017-09-09 11:43:45', NULL, NULL, 1),
	(201, 'FIL 123', 'PANITIKANG FILIPINO', 3, 0, 'MINOR', 'NONE', NULL, '2017-09-09 11:43:45', NULL, NULL, 1),
	(202, 'ACT 223', 'SYSTEM ANALYSIS, DESIGN AND PROTOTYPING', 3, 0, 'MAJOR', 'NONE', NULL, '2017-09-23 11:03:02', NULL, NULL, 1),
	(203, 'FIL 113', 'SINING NG KOMUNIKASYON', 3, 0, 'MINOR', 'NONE', NULL, '2017-09-23 18:15:52', NULL, NULL, 1),
	(204, 'SCI 123', 'PHYSICAL SCIENCE', 3, 0, 'MINOR', 'NONE', NULL, '2017-09-23 18:20:49', NULL, NULL, 1),
	(205, 'PSYCHO 123', 'GENERAL PSYCHOLOGY', 3, 0, 'MINOR', 'NONE', NULL, '2017-09-23 18:25:23', NULL, NULL, 1),
	(206, 'PE 122', 'TEAM SPORTS', 2, 0, 'PE', 'NONE', NULL, '2017-09-23 18:26:20', NULL, NULL, 1),
	(207, 'IT 213', 'MULTIMEDIA 1', 2, 1, 'MAJOR', 'GRAPHICS', NULL, '2017-09-23 18:28:21', NULL, NULL, 1),
	(208, 'IT 233', 'COMPUTER PROGRAMMING 3 (JAVA)', 2, 1, 'MAJOR', 'PROGRAMMING', NULL, '2017-09-23 18:29:04', NULL, NULL, 1),
	(209, 'IT 253', 'COMPUTER PROGRAMMING 4 (VB.NET)', 2, 1, 'MAJOR', 'PROGRAMMING', NULL, '2017-09-23 18:30:04', NULL, NULL, 1),
	(210, 'IT 273', 'INTRODUCTION TO DBMS', 2, 1, 'MAJOR', 'NONE', NULL, '2017-09-23 18:30:40', NULL, NULL, 1),
	(211, 'IT 293', 'DISCRETE STRUCTURES', 3, 0, 'MAJOR', 'NONE', NULL, '2017-09-23 18:31:27', NULL, NULL, 1),
	(212, 'ENG 213', 'COMMUNICATIONS FOR INFORMATION TECHNOLOGY', 3, 0, 'MINOR', 'NONE', NULL, '2017-09-23 18:32:14', NULL, NULL, 1),
	(213, 'SOCSCI 213', 'POLITICS AND GOVERNANCE WITH PHILIPPINE CONSTITUTION', 3, 0, 'MINOR', 'NONE', NULL, '2017-09-23 18:33:17', NULL, NULL, 1),
	(214, 'LIT 213', 'PHILIPPINE LITERATURE', 3, 0, 'MINOR', 'NONE', NULL, '2017-09-23 18:33:49', NULL, NULL, 1),
	(215, 'PE 212', 'INDIVIDUAL SPORTS', 2, 0, 'PE', 'NONE', NULL, '2017-09-23 18:34:21', NULL, NULL, 1),
	(216, 'IT 223', 'COMPUTER PROGRAMMING 5', 2, 1, 'MAJOR', 'PROGRAMMING', NULL, '2017-09-23 18:35:11', NULL, NULL, 1),
	(217, 'IT 243', 'DATABASE MANAGEMENT SYSTEM 2', 2, 1, 'MAJOR', 'NONE', NULL, '2017-09-23 18:35:41', NULL, NULL, 1),
	(218, 'IT 263', 'NETWORKS AND COMMUNICATIONS', 2, 1, 'MAJOR', 'NONE', NULL, '2017-09-23 18:36:23', NULL, NULL, 1),
	(219, 'IT 283', 'STRATEGIC MANAGEMENT IN INFORMATION TECHNOLOGY', 3, 0, 'MAJOR', 'NONE', NULL, '2017-09-23 18:37:08', NULL, NULL, 1),
	(220, 'ACC 223', 'ACCOUNTING PRINCIPLES', 3, 0, 'MINOR', 'NONE', NULL, '2017-09-23 18:37:39', NULL, NULL, 1),
	(221, 'SOCSCI 223', 'ECONOMICS (WITH TAXATION AND & AGRARIAN REFORM)', 3, 0, 'MINOR', 'NONE', NULL, '2017-09-23 18:38:47', NULL, NULL, 1),
	(223, 'MATH 223', 'PROBABILITY AND STATISTICS', 3, 0, 'MINOR', 'NONE', NULL, '2017-09-23 18:44:44', NULL, NULL, 1),
	(224, 'PHILO 223', 'LOGIC', 3, 0, 'MINOR', 'NONE', NULL, '2017-09-23 18:45:09', NULL, NULL, 1),
	(225, 'PE 222', 'RECREATIONAL & OUTDOOR ACTIVITIES', 2, 0, 'PE', 'NONE', NULL, '2017-09-23 18:46:13', NULL, NULL, 1),
	(226, 'IT 313', 'SYSTEM ANALYSIS DESIGN', 2, 1, 'MAJOR', 'NONE', NULL, '2017-09-23 19:14:24', NULL, NULL, 1),
	(227, 'IT 333', 'OPERATING SYSTEM CONCEPT AND APPLICATION', 2, 1, 'MAJOR', 'NONE', NULL, '2017-09-23 19:15:06', NULL, NULL, 1),
	(228, 'IT 353', 'MULTIMEDIA 2', 2, 1, 'MAJOR', 'GRAPHICS', NULL, '2017-09-23 19:15:30', NULL, NULL, 1),
	(229, 'IT 373', 'ELECTIVE 1 (NETWORK ADMINISTRATION AND MAINTENANCE)', 2, 1, 'ELECTIVE', 'NONE', NULL, '2017-09-23 19:16:21', NULL, NULL, 1),
	(230, 'IT 393', 'WEB SYSTEMS AND TECHNOLOGIES', 2, 1, 'MAJOR', 'NONE', NULL, '2017-09-23 19:17:13', NULL, NULL, 1),
	(231, 'FREL 01', '(FREE ELECTIVE 1) BASIC PHOTOGRAPHY', 3, 0, 'ELECTIVE', 'NONE', NULL, '2017-09-23 19:18:04', NULL, NULL, 1),
	(232, 'HUM 313', 'ART APPRECIATION', 3, 0, 'MINOR', 'NONE', NULL, '2017-09-23 19:18:48', NULL, NULL, 1),
	(233, 'SOCSCI 313', 'RIZAL\'S LIFE, WORKS AND WRITING', 3, 0, 'MINOR', 'NONE', NULL, '2017-09-23 19:20:57', NULL, NULL, 1),
	(234, 'IT 323', 'SOFTWARE ENGINEERING', 2, 1, 'MAJOR', 'NONE', NULL, '2017-09-23 19:53:46', NULL, NULL, 1),
	(235, 'IT 343', 'ELECTIVE 2 (NETWORK PROGRAMMING', 2, 1, 'MAJOR', 'PROGRAMMING', NULL, '2017-09-23 19:54:41', NULL, NULL, 1),
	(236, 'IT 363', 'ELECTIVE 3 (WIRELESS AND MOBILE COMPUTING)', 2, 1, 'MAJOR', 'PROGRAMMING', NULL, '2017-09-23 19:55:21', NULL, NULL, 1),
	(237, 'IT 383', 'WEB APPLICATIONS DEVELOPMENT', 2, 1, 'MAJOR', 'PROGRAMMING', NULL, '2017-09-23 19:55:56', NULL, NULL, 1),
	(238, 'IT 303', 'PROFESSIONAL ETHICS', 2, 1, 'MAJOR', 'NONE', NULL, '2017-09-23 19:56:38', NULL, NULL, 1),
	(239, 'FREL 02', '(FREE ELECTIVE 2) SEMINARS AND FIELD TRIPS', 2, 1, 'ELECTIVE', 'NONE', NULL, '2017-09-23 19:57:21', NULL, NULL, 1),
	(240, 'RES 323', 'RESEARCH METHODOLOGIES', 2, 1, 'MAJOR', 'NONE', NULL, '2017-09-23 19:58:02', NULL, NULL, 1),
	(241, 'SOCSCI 323', 'SOCIETY AND CULTURE', 3, 0, 'MINOR', 'NONE', NULL, '2017-09-23 19:58:54', NULL, NULL, 1),
	(242, 'IT 413', 'TECHNOPRENEURSHIP (CAPSTONE PROJECT)', 3, 0, 'CAPSTONE', 'NONE', NULL, '2017-09-23 20:02:35', NULL, NULL, 1),
	(243, 'IT 443', 'ELECTIVE 4 (SOFTWARE ENGINEERING FOR EMBEDDED SYSTEMS)', 3, 0, 'ELECTIVE', 'NONE', NULL, '2017-09-23 20:03:29', NULL, NULL, 1),
	(244, 'FREL 03', 'FREE ELECTIVE 3 (FOREIGN LANGUAGE)', 3, 0, 'ELECTIVE', 'NONE', NULL, '2017-09-23 20:04:23', NULL, NULL, 1),
	(245, 'TECH 133', 'OPERATING SYSTEM CONCEPT AND FUNDAMENTALS', 3, 0, 'MAJOR', 'NONE', NULL, '2017-09-23 20:58:20', NULL, NULL, 1),
	(246, 'TECH 113', 'LOGIC CIRCUIT OPERATION AND ANALYSIS', 3, 0, 'MAJOR', 'NONE', NULL, '2017-09-23 20:58:54', NULL, NULL, 1),
	(247, 'COMP 113', 'COMPUTER CONCEPTS AND BASIC SOFTWARE APPLICATIONS', 3, 0, 'MAJOR', 'NONE', NULL, '2017-09-23 20:59:48', NULL, NULL, 1),
	(248, 'BSP 113', 'BASIC SHOP PRACTICE I (ELECTRONICS)', 2, 1, 'MAJOR', 'HARDWARE', NULL, '2017-09-23 21:00:42', NULL, NULL, 1),
	(249, 'DRAW 111', 'DRAWING I', 1, 0, 'MINOR', 'NONE', NULL, '2017-09-23 21:01:21', NULL, NULL, 1),
	(250, 'ENGL 113', 'COMMUNICATION SKILLS', 3, 0, 'MINOR', 'NONE', NULL, '2017-09-23 21:02:08', NULL, NULL, 1),
	(251, 'PSYCHO 113', 'GENERAL PSYCHOLOGY', 3, 0, 'MINOR', 'NONE', NULL, '2017-09-23 21:02:49', NULL, NULL, 1),
	(252, 'MATH 113', 'INDUSTRIAL MATH', 3, 0, 'MINOR', 'NONE', NULL, '2017-09-23 21:03:11', NULL, NULL, 1),
	(253, 'COMP 123', 'BASIC WEB PAGE DEVELOPMENT', 2, 1, 'MAJOR', 'NONE', NULL, '2017-09-23 21:05:24', NULL, NULL, 1),
	(254, 'TECH 143', 'COMPUTER PROGRAMMING I', 2, 1, 'MAJOR', 'PROGRAMMING', NULL, '2017-09-23 21:05:49', NULL, NULL, 1),
	(255, 'EC 123', 'ENTREPRENEURSHIP AND COOPERATIVE', 3, 0, 'MINOR', 'NONE', NULL, '2017-09-23 21:06:21', NULL, NULL, 1),
	(256, 'DRAW 121', 'DRAWING II', 1, 0, 'MINOR', 'NONE', NULL, '2017-09-23 21:09:54', NULL, NULL, 1),
	(257, 'ENGL 123', 'ORAL COMMUNICATION', 3, 0, 'MINOR', 'NONE', NULL, '2017-09-23 21:10:39', NULL, NULL, 1),
	(258, 'MATH 123', 'COLLEGE ALGEBRA', 3, 0, 'MINOR', 'NONE', NULL, '2017-09-23 21:11:14', NULL, NULL, 1),
	(259, 'SCIENCE 123', 'PHYSICAL SCIENCE I', 3, 0, 'MINOR', 'NONE', NULL, '2017-09-23 21:11:48', NULL, NULL, 1),
	(260, 'TECH 213', 'WIRELESS COMMUNICATION SYSTEMS AND DEVICES', 2, 1, 'MAJOR', 'HARDWARE', NULL, '2017-09-23 21:16:11', NULL, NULL, 1),
	(261, 'TECH 233', 'SYSTEM CONFIGURATION AND UTILITIES', 2, 1, 'MAJOR', 'HARDWARE', NULL, '2017-09-23 21:17:03', NULL, NULL, 1),
	(262, 'TECH 214', 'COMPUTER SERVICING AND MAINTENANCE & POWER SUPPLY', 1, 3, 'MAJOR', 'HARDWARE', NULL, '2017-09-23 21:17:57', NULL, NULL, 1),
	(263, 'TECH 273', 'COMPUTER MONITOR SERVICE AND REPAIR', 2, 1, 'MAJOR', 'HARDWARE', NULL, '2017-09-23 21:18:38', NULL, NULL, 1),
	(264, 'TECH 293', 'BASIC NETWORK ADMINISTRATION', 3, 0, 'MAJOR', 'NONE', NULL, '2017-09-23 21:19:27', NULL, NULL, 1),
	(265, 'TECH 253', 'MIS & DATABASE ORGANIZATION', 3, 0, 'MAJOR', 'NONE', NULL, '2017-09-23 21:20:13', NULL, NULL, 1),
	(266, 'TECH 22', 'IN-PLANT TRAINING', 6, 6, 'INTERNSHIP', 'NONE', NULL, '2017-09-23 21:25:31', NULL, NULL, 1),
	(267, 'TECH 333', 'COMPUTER PROGRAMMING II', 2, 1, 'MAJOR', 'PROGRAMMING', NULL, '2017-09-23 22:09:00', NULL, NULL, 1),
	(268, 'TECH 313', 'EMBEDDED SYSTEMS', 2, 1, 'MAJOR', 'HARDWARE', NULL, '2017-09-23 22:09:31', NULL, NULL, 1),
	(269, 'ENGL 313', 'TECHNICAL WRITING & REPORTING', 3, 0, 'MINOR', 'NONE', NULL, '2017-09-23 22:10:19', NULL, NULL, 1),
	(270, 'FIL 313', 'SINING NG PAKIKIPAGTALASTASAN', 3, 0, 'MINOR', 'NONE', NULL, '2017-09-23 22:11:40', NULL, NULL, 1),
	(271, 'MATH 313', 'STATISTICS', 3, 0, 'MINOR', 'NONE', NULL, '2017-09-23 22:13:03', NULL, NULL, 1),
	(272, 'SCIENCE 313', 'BIOLOGICAL SCIENCE', 3, 0, 'MINOR', 'NONE', NULL, '2017-09-23 22:13:31', NULL, NULL, 1),
	(273, 'HUM 313', 'HUMANITIES', 3, 0, 'MINOR', 'NONE', NULL, '2017-09-23 22:13:53', NULL, NULL, 1),
	(274, 'SOC SCI 333', 'POLITICS & GOV. W/ PHIL. CONSTITUTION', 3, 0, 'MINOR', 'NONE', NULL, '2017-09-23 22:14:51', NULL, NULL, 1),
	(275, 'PE 312', 'RECREATIONAL ACTIVITIES', 2, 0, 'PE', 'NONE', NULL, '2017-09-23 22:15:32', NULL, NULL, 1),
	(276, 'TECH 323', 'ADVANCED MULTIMEDIA', 2, 1, 'MAJOR', 'GRAPHICS', NULL, '2017-09-23 22:17:14', NULL, NULL, 1),
	(277, 'TECH 324', 'ADVANCED NETWORK ADMINISTRATION', 2, 2, 'MAJOR', 'NONE', NULL, '2017-09-23 22:18:02', NULL, NULL, 1),
	(278, 'TECH 423', 'ELECTIVE (ADVANCED HARDWARE TECHNOLOGY)', 3, 0, 'ELECTIVE', 'NONE', NULL, '2017-09-23 22:19:09', NULL, NULL, 1),
	(279, 'FIL 323', 'PANITIKANG PILIPINO', 3, 0, 'MINOR', 'NONE', NULL, '2017-09-23 22:19:36', NULL, NULL, 1),
	(280, 'SCIENCE 323', 'ENVIRONMENTAL SCIENCE', 3, 0, 'MINOR', 'NONE', NULL, '2017-09-23 22:20:04', NULL, NULL, 1),
	(281, 'SOC SCI 323', 'BASIC ECONOMICS W/ TAXATION & AGRARIAN REFORM', 3, 0, 'MINOR', 'NONE', NULL, '2017-09-23 22:20:50', NULL, NULL, 1),
	(282, 'ENGL 323', 'PHILIPPINE LITERATURE', 3, 0, 'MINOR', 'NONE', NULL, '2017-09-23 22:21:21', NULL, NULL, 1),
	(283, 'RES 313', 'FUNDAMENTALS OF RESEARCH', 3, 0, 'MAJOR', 'NONE', NULL, '2017-09-23 22:22:06', NULL, NULL, 1),
	(284, 'TECH 311', 'INSPECTION TRIPS AND SEMINAR', 1, 0, 'MAJOR', 'NONE', NULL, '2017-09-23 22:23:12', NULL, NULL, 1),
	(285, 'TECH 413', 'COMPUTER PROGRAMMING III', 2, 1, 'MAJOR', 'PROGRAMMING', NULL, '2017-09-23 22:26:26', NULL, NULL, 1),
	(286, 'TECH 433', 'PROJECT DESIGN', 3, 0, 'MAJOR', 'NONE', NULL, '2017-09-23 22:27:03', NULL, NULL, 1),
	(287, 'ENGL 413', 'WORLD LITERATURE', 3, 0, 'MINOR', 'NONE', NULL, '2017-09-23 22:27:35', NULL, NULL, 1),
	(288, 'SOC SCI 433', 'PHILIPPINE HISTORY', 3, 0, 'MINOR', 'NONE', NULL, '2017-09-23 22:28:17', NULL, NULL, 1),
	(289, 'MGT 413', 'PERSONNEL MANAGEMENT', 3, 0, 'MINOR', 'NONE', NULL, '2017-09-23 22:28:52', NULL, NULL, 1),
	(290, 'RIZAL 413', 'LIFE AND WORKS OF RIZAL', 3, 0, 'MINOR', 'NONE', NULL, '2017-09-23 22:29:28', NULL, NULL, 1),
	(291, 'PHILO 323', 'PHILOSOPHY OF MAN', 3, 0, 'MINOR', 'NONE', NULL, '2017-09-23 22:29:55', NULL, NULL, 1),
	(292, 'SOC SCI 413', 'SOCIETY AND CULTURE', 3, 0, 'MINOR', 'NONE', NULL, '2017-09-23 22:31:03', NULL, NULL, 1),
	(293, 'TECH 42', 'IN-PLANT TRAINING', 6, 6, 'INTERNSHIP', 'NONE', NULL, '2017-09-23 22:31:49', NULL, NULL, 1);
/*!40000 ALTER TABLE `subject` ENABLE KEYS */;

/*!40101 SET SQL_MODE=IFNULL(@OLD_SQL_MODE, '') */;
/*!40014 SET FOREIGN_KEY_CHECKS=IF(@OLD_FOREIGN_KEY_CHECKS IS NULL, 1, @OLD_FOREIGN_KEY_CHECKS) */;
/*!40101 SET CHARACTER_SET_CLIENT=@OLD_CHARACTER_SET_CLIENT */;
