-- --------------------------------------------------------
-- Host:                         127.0.0.1
-- Server version:               10.1.21-MariaDB - mariadb.org binary distribution
-- Server OS:                    Win32
-- HeidiSQL Version:             9.4.0.5125
-- --------------------------------------------------------

/*!40101 SET @OLD_CHARACTER_SET_CLIENT=@@CHARACTER_SET_CLIENT */;
/*!40101 SET NAMES utf8 */;
/*!50503 SET NAMES utf8mb4 */;
/*!40014 SET @OLD_FOREIGN_KEY_CHECKS=@@FOREIGN_KEY_CHECKS, FOREIGN_KEY_CHECKS=0 */;
/*!40101 SET @OLD_SQL_MODE=@@SQL_MODE, SQL_MODE='NO_AUTO_VALUE_ON_ZERO' */;


-- Dumping database structure for cictems
CREATE DATABASE IF NOT EXISTS `cictems` /*!40100 DEFAULT CHARACTER SET utf8 COLLATE utf8_unicode_ci */;
USE `cictems`;

-- Dumping structure for table cictems.academic_program
CREATE TABLE IF NOT EXISTS `academic_program` (
  `id` int(30) NOT NULL AUTO_INCREMENT,
  `code` varchar(50) COLLATE utf8_unicode_ci DEFAULT NULL,
  `name` varchar(50) COLLATE utf8_unicode_ci DEFAULT NULL,
  `floor_assignment` int(11) DEFAULT NULL,
  `created_date` datetime DEFAULT CURRENT_TIMESTAMP,
  `created_by` int(11) DEFAULT NULL,
  `removed_date` datetime DEFAULT NULL,
  `removed_by` int(11) DEFAULT NULL,
  `implemented` tinyint(4) DEFAULT '0',
  `implementation_date` datetime DEFAULT NULL,
  `implemented_by` int(11) DEFAULT NULL,
  `active` int(11) DEFAULT '1',
  PRIMARY KEY (`id`),
  KEY `created_by` (`created_by`),
  KEY `implemented_by` (`implemented_by`),
  KEY `removed` (`removed_by`),
  CONSTRAINT `created_by` FOREIGN KEY (`created_by`) REFERENCES `faculty` (`id`),
  CONSTRAINT `implemented_by` FOREIGN KEY (`implemented_by`) REFERENCES `faculty` (`id`),
  CONSTRAINT `removed` FOREIGN KEY (`removed_by`) REFERENCES `faculty` (`id`)
) ENGINE=InnoDB AUTO_INCREMENT=8 DEFAULT CHARSET=utf8 COLLATE=utf8_unicode_ci;

-- Dumping data for table cictems.academic_program: ~4 rows (approximately)
/*!40000 ALTER TABLE `academic_program` DISABLE KEYS */;
INSERT INTO `academic_program` (`id`, `code`, `name`, `floor_assignment`, `created_date`, `created_by`, `removed_date`, `removed_by`, `implemented`, `implementation_date`, `implemented_by`, `active`) VALUES
	(4, 'ACT', 'ASSOCIATE IN COMPUTER TECHNOLOGY', NULL, '2017-09-06 10:26:29', 4, NULL, NULL, 0, NULL, NULL, 1),
	(5, 'BSIT', 'BACHELOR OF SCIENCE IN INFORMATION TECHNOLOGY', NULL, '2017-09-06 12:14:05', 4, NULL, NULL, 0, NULL, NULL, 1),
	(6, 'SAMPLE', 'SAMPLE', NULL, '2017-09-09 12:01:23', 1, '2017-09-14 19:20:25', 1, 0, NULL, NULL, 0),
	(7, 'BITCT', 'BACHELOR IN INDUSTRIAL TECHNOLOGY', NULL, '2017-09-23 20:53:13', 3, NULL, NULL, 0, NULL, NULL, 1);
/*!40000 ALTER TABLE `academic_program` ENABLE KEYS */;

-- Dumping structure for table cictems.academic_term
CREATE TABLE IF NOT EXISTS `academic_term` (
  `id` int(11) NOT NULL AUTO_INCREMENT,
  `school_year` varchar(50) COLLATE utf8_unicode_ci DEFAULT NULL,
  `semester` varchar(50) COLLATE utf8_unicode_ci DEFAULT NULL,
  `semester_regular` int(11) DEFAULT NULL,
  `current` int(11) DEFAULT '0',
  `evaluation_service` int(11) DEFAULT '0',
  `adding_service` int(11) DEFAULT '0',
  `encoding_service` int(11) DEFAULT '0',
  `type` varchar(50) COLLATE utf8_unicode_ci DEFAULT 'REGULAR',
  `approval_state` varchar(50) COLLATE utf8_unicode_ci DEFAULT 'PENDING',
  `active` int(11) DEFAULT '1',
  PRIMARY KEY (`id`)
) ENGINE=InnoDB AUTO_INCREMENT=13 DEFAULT CHARSET=utf8 COLLATE=utf8_unicode_ci;

-- Dumping data for table cictems.academic_term: ~12 rows (approximately)
/*!40000 ALTER TABLE `academic_term` DISABLE KEYS */;
INSERT INTO `academic_term` (`id`, `school_year`, `semester`, `semester_regular`, `current`, `evaluation_service`, `adding_service`, `encoding_service`, `type`, `approval_state`, `active`) VALUES
	(1, '2014-2015', 'FIRST SEMESTER', 1, 0, 0, 0, 0, 'REGULAR', 'ACCEPTED', 1),
	(2, '2014-2015', 'SECOND SEMESTER', 2, 0, 0, 0, 0, 'REGULAR', 'ACCEPTED', 1),
	(3, '2014-2015', 'SUMMER', 0, 0, 0, 0, 0, 'SUMMER', 'ACCEPTED', 1),
	(4, '2015-2016', 'FIRST SEMESTER', 1, 0, 0, 0, 0, 'REGULAR', 'ACCEPTED', 1),
	(5, '2015-2016', 'SECOND SEMESTER', 2, 0, 0, 0, 0, 'REGULAR', 'ACCEPTED', 1),
	(6, '2015-2016', 'FIRST SUMMER', 0, 0, 0, 0, 0, 'SUMMER', 'ACCEPTED', 1),
	(7, '2015-2016', 'SECOND SUMMER', 0, 0, 0, 0, 0, 'SUMMER', 'ACCEPTED', 1),
	(8, '2016-2017', 'FIRST SEMESTER', 1, 0, 0, 0, 0, 'REGULAR', 'ACCEPTED', 1),
	(9, '2016-2017', 'SECOND SEMESTER', 2, 0, 0, 0, 0, 'REGULAR', 'ACCEPTED', 1),
	(10, '2016-2017', 'MIDYEAR', 0, 0, 0, 0, 0, 'MIDYEAR', 'ACCEPTED', 1),
	(11, '2017-2018', 'FIRST SEMESTER', 1, 1, 1, 1, 1, 'REGULAR', 'ACCEPTED', 1),
	(12, '2017-2018', 'SECOND SEMESTER', 2, 0, 0, 0, 0, 'REGULAR', 'PENDING', 1);
/*!40000 ALTER TABLE `academic_term` ENABLE KEYS */;

-- Dumping structure for table cictems.account_faculty
CREATE TABLE IF NOT EXISTS `account_faculty` (
  `id` int(11) NOT NULL AUTO_INCREMENT,
  `FACULTY_id` int(11) DEFAULT NULL,
  `username` varchar(50) COLLATE utf8_unicode_ci DEFAULT NULL,
  `password` varchar(150) COLLATE utf8_unicode_ci DEFAULT NULL,
  `transaction_pin` varchar(150) COLLATE utf8_unicode_ci DEFAULT NULL,
  `recovery_question` varchar(50) COLLATE utf8_unicode_ci DEFAULT NULL,
  `recovery_answer` varchar(150) COLLATE utf8_unicode_ci DEFAULT NULL,
  `access_level` varchar(200) COLLATE utf8_unicode_ci DEFAULT NULL,
  `blocked_count` int(11) DEFAULT '0',
  `disabled_since` datetime DEFAULT NULL,
  `wrong_count` int(11) DEFAULT '0',
  `blocked_until` datetime DEFAULT NULL,
  `active` int(11) DEFAULT '1',
  PRIMARY KEY (`id`),
  KEY `account_faculty_fk_from_faculty_id` (`FACULTY_id`),
  CONSTRAINT `account_faculty_fk_from_faculty_id` FOREIGN KEY (`FACULTY_id`) REFERENCES `faculty` (`id`)
) ENGINE=InnoDB AUTO_INCREMENT=16 DEFAULT CHARSET=utf8 COLLATE=utf8_unicode_ci;

-- Dumping data for table cictems.account_faculty: ~4 rows (approximately)
/*!40000 ALTER TABLE `account_faculty` DISABLE KEYS */;
INSERT INTO `account_faculty` (`id`, `FACULTY_id`, `username`, `password`, `transaction_pin`, `recovery_question`, `recovery_answer`, `access_level`, `blocked_count`, `disabled_since`, `wrong_count`, `blocked_until`, `active`) VALUES
	(1, 1, 'jhmvin', 'ba3253876aed6bc22d4a6ff53d8406c6ad864195ed144ab5c87621b6c233b548baeae6956df346ec8c17f5ea10f35ee3cbc514797ed7ddd3145464e2a0bab413', '263fec58861449aacc1c328a4aff64aff4c62df4a2d50b3f207fa89b6e242c9aa778e7a8baeffef85b6ca6d2e7dc16ff0a760d59c13c238f6bcdc32f8ce9cc62', 'What Is your favorite book?', '12fbe8ac39c5d5060777290378e424d778d4b18fb3ddc2254bf14c91a912e810b8c8d5d85c9ad4540b0b7ded25b27224571043350a9f69538f587a2fff10c2a0', 'ADMINISTRATOR', 0, NULL, 0, NULL, 1),
	(2, 2, 'evelyn', 'ba3253876aed6bc22d4a6ff53d8406c6ad864195ed144ab5c87621b6c233b548baeae6956df346ec8c17f5ea10f35ee3cbc514797ed7ddd3145464e2a0bab413', 'ba3253876aed6bc22d4a6ff53d8406c6ad864195ed144ab5c87621b6c233b548baeae6956df346ec8c17f5ea10f35ee3cbc514797ed7ddd3145464e2a0bab413', NULL, NULL, 'LOCAL_REGISTRAR', 0, NULL, 0, NULL, 1),
	(13, 3, 'JOEMARDC', 'b0412597dcea813655574dc54a5b74967cf85317f0332a2591be7953a016f8de56200eb37d5ba593b1e4aa27cea5ca27100f94dccd5b04bae5cadd4454dba67d', 'ba3253876aed6bc22d4a6ff53d8406c6ad864195ed144ab5c87621b6c233b548baeae6956df346ec8c17f5ea10f35ee3cbc514797ed7ddd3145464e2a0bab413', 'WHAT IS YOUR FAVORITE MOVIE?', '0159d8667999bcc9e752655a43359c1eaf8958c519faa57b859f91894f150ac40000311e027ab32440ef5a21c00174575b93040a901fb26f71aca4f521bf0c50', 'FACULTY', 0, NULL, 0, NULL, 1),
	(15, 4, 'JM', '3627909a29c31381a071ec27f7c9ca97726182aed29a7ddd2e54353322cfb30abb9e3a6df2ac2c20fe23436311d678564d0c8d305930575f60e2d3d048184d79', 'ba3253876aed6bc22d4a6ff53d8406c6ad864195ed144ab5c87621b6c233b548baeae6956df346ec8c17f5ea10f35ee3cbc514797ed7ddd3145464e2a0bab413', 'IN WHAT CITY WERE YOU BORN?', '9b8d967dcace7ad62f9b3dd14dceb10c3f420938efd75e9ecf4edcc2102ac0c8ca9dd1ec3519e8d02c71ea325c4b8d6f498a6c697da5f54c97b9f020a2f83408', 'FACULTY', 0, NULL, 0, NULL, 1);
/*!40000 ALTER TABLE `account_faculty` ENABLE KEYS */;

-- Dumping structure for table cictems.account_faculty_attempt
CREATE TABLE IF NOT EXISTS `account_faculty_attempt` (
  `try_id` int(11) NOT NULL AUTO_INCREMENT,
  `account_id` int(11) DEFAULT NULL,
  `time` datetime DEFAULT CURRENT_TIMESTAMP,
  `ip_address` varchar(200) COLLATE utf8_unicode_ci DEFAULT 'UNKNOWN',
  `pc_name` varchar(50) COLLATE utf8_unicode_ci DEFAULT 'UNKNOWN',
  `pc_username` varchar(50) COLLATE utf8_unicode_ci DEFAULT 'UNKNOWN',
  `os_version` varchar(50) COLLATE utf8_unicode_ci DEFAULT 'UNKNOWN',
  `platform` varchar(50) COLLATE utf8_unicode_ci DEFAULT 'UNKNOWN',
  `result` varchar(50) COLLATE utf8_unicode_ci DEFAULT 'UNKNOWN',
  `active` int(11) DEFAULT '1',
  PRIMARY KEY (`try_id`),
  KEY `attempt_fk_from_account_faculty_id` (`account_id`),
  CONSTRAINT `attempt_fk_from_account_faculty_id` FOREIGN KEY (`account_id`) REFERENCES `account_faculty` (`id`)
) ENGINE=InnoDB AUTO_INCREMENT=1937 DEFAULT CHARSET=utf8 COLLATE=utf8_unicode_ci;

-- Dumping data for table cictems.account_faculty_attempt: ~146 rows (approximately)
/*!40000 ALTER TABLE `account_faculty_attempt` DISABLE KEYS */;
INSERT INTO `account_faculty_attempt` (`try_id`, `account_id`, `time`, `ip_address`, `pc_name`, `pc_username`, `os_version`, `platform`, `result`, `active`) VALUES
	(1788, 1, '2017-10-12 00:07:10', '%192.168.254.151@40-2C-F4-04-E9-6E', 'Melvin', 'Jhon Melvin', 'Windows 10@amd64', 'EVALUATION_SYSTEM', 'SUCCESS', 1),
	(1789, 1, '2017-10-12 04:12:30', '%192.168.254.151@40-2C-F4-04-E9-6E', 'Melvin', 'Jhon Melvin', 'Windows 10@amd64', 'EVALUATION_SYSTEM', 'SUCCESS', 1),
	(1790, 1, '2017-10-12 04:14:47', '%192.168.254.151@40-2C-F4-04-E9-6E', 'Melvin', 'Jhon Melvin', 'Windows 10@amd64', 'EVALUATION_SYSTEM', 'SUCCESS', 1),
	(1791, 1, '2017-10-12 04:16:54', '%192.168.254.151@40-2C-F4-04-E9-6E', 'Melvin', 'Jhon Melvin', 'Windows 10@amd64', 'EVALUATION_SYSTEM', 'SUCCESS', 1),
	(1792, 1, '2017-10-12 04:23:44', '%192.168.254.151@40-2C-F4-04-E9-6E', 'Melvin', 'Jhon Melvin', 'Windows 10@amd64', 'EVALUATION_SYSTEM', 'SUCCESS', 1),
	(1793, 1, '2017-10-12 04:26:07', '%192.168.254.151@40-2C-F4-04-E9-6E', 'Melvin', 'Jhon Melvin', 'Windows 10@amd64', 'EVALUATION_SYSTEM', 'SUCCESS', 1),
	(1794, 1, '2017-10-12 04:28:25', '%192.168.254.151@40-2C-F4-04-E9-6E', 'Melvin', 'Jhon Melvin', 'Windows 10@amd64', 'EVALUATION_SYSTEM', 'SUCCESS', 1),
	(1795, 1, '2017-10-12 04:32:52', '%192.168.254.151@40-2C-F4-04-E9-6E', 'Melvin', 'Jhon Melvin', 'Windows 10@amd64', 'EVALUATION_SYSTEM', 'SUCCESS', 1),
	(1796, 1, '2017-10-12 04:43:12', '%192.168.254.151@40-2C-F4-04-E9-6E', 'Melvin', 'Jhon Melvin', 'Windows 10@amd64', 'EVALUATION_SYSTEM', 'SUCCESS', 1),
	(1797, 1, '2017-10-12 04:51:59', '%192.168.254.151@40-2C-F4-04-E9-6E', 'Melvin', 'Jhon Melvin', 'Windows 10@amd64', 'EVALUATION_SYSTEM', 'SUCCESS', 1),
	(1798, 1, '2017-10-12 05:03:28', '%192.168.254.151@40-2C-F4-04-E9-6E', 'Melvin', 'Jhon Melvin', 'Windows 10@amd64', 'EVALUATION_SYSTEM', 'SUCCESS', 1),
	(1799, 1, '2017-10-12 05:04:57', '%192.168.254.151@40-2C-F4-04-E9-6E', 'Melvin', 'Jhon Melvin', 'Windows 10@amd64', 'EVALUATION_SYSTEM', 'SUCCESS', 1),
	(1800, 1, '2017-10-12 05:39:14', '%192.168.254.151@40-2C-F4-04-E9-6E', 'Melvin', 'Jhon Melvin', 'Windows 10@amd64', 'EVALUATION_SYSTEM', 'SUCCESS', 1),
	(1801, 1, '2017-10-12 05:42:52', '%192.168.254.151@40-2C-F4-04-E9-6E', 'Melvin', 'Jhon Melvin', 'Windows 10@amd64', 'EVALUATION_SYSTEM', 'SUCCESS', 1),
	(1802, 1, '2017-10-12 05:45:39', '%192.168.254.151@40-2C-F4-04-E9-6E', 'Melvin', 'Jhon Melvin', 'Windows 10@amd64', 'EVALUATION_SYSTEM', 'SUCCESS', 1),
	(1803, 1, '2017-10-12 05:49:43', '%192.168.254.151@40-2C-F4-04-E9-6E', 'Melvin', 'Jhon Melvin', 'Windows 10@amd64', 'EVALUATION_SYSTEM', 'SUCCESS', 1),
	(1804, 1, '2017-10-12 05:51:27', '%192.168.254.151@40-2C-F4-04-E9-6E', 'Melvin', 'Jhon Melvin', 'Windows 10@amd64', 'EVALUATION_SYSTEM', 'SUCCESS', 1),
	(1805, 1, '2017-10-12 06:00:30', '%192.168.254.151@40-2C-F4-04-E9-6E', 'Melvin', 'Jhon Melvin', 'Windows 10@amd64', 'EVALUATION_SYSTEM', 'SUCCESS', 1),
	(1806, 1, '2017-10-12 06:02:01', '%192.168.254.151@40-2C-F4-04-E9-6E', 'Melvin', 'Jhon Melvin', 'Windows 10@amd64', 'EVALUATION_SYSTEM', 'SUCCESS', 1),
	(1807, 1, '2017-10-12 06:05:53', '%192.168.254.151@40-2C-F4-04-E9-6E', 'Melvin', 'Jhon Melvin', 'Windows 10@amd64', 'EVALUATION_SYSTEM', 'SUCCESS', 1),
	(1808, 1, '2017-10-12 06:20:41', '%192.168.254.151@40-2C-F4-04-E9-6E', 'Melvin', 'Jhon Melvin', 'Windows 10@amd64', 'EVALUATION_SYSTEM', 'SUCCESS', 1),
	(1809, 1, '2017-10-12 06:28:57', '%192.168.254.151@40-2C-F4-04-E9-6E', 'Melvin', 'Jhon Melvin', 'Windows 10@amd64', 'EVALUATION_SYSTEM', 'SUCCESS', 1),
	(1810, 1, '2017-10-12 06:30:16', '%192.168.254.151@40-2C-F4-04-E9-6E', 'Melvin', 'Jhon Melvin', 'Windows 10@amd64', 'EVALUATION_SYSTEM', 'SUCCESS', 1),
	(1811, 1, '2017-10-12 06:37:24', '%192.168.254.151@40-2C-F4-04-E9-6E', 'Melvin', 'Jhon Melvin', 'Windows 10@amd64', 'EVALUATION_SYSTEM', 'SUCCESS', 1),
	(1812, 1, '2017-10-12 06:49:23', '%192.168.254.151@40-2C-F4-04-E9-6E', 'Melvin', 'Jhon Melvin', 'Windows 10@amd64', 'EVALUATION_SYSTEM', 'SUCCESS', 1),
	(1813, 1, '2017-10-12 07:23:48', '%192.168.254.151@40-2C-F4-04-E9-6E', 'Melvin', 'Jhon Melvin', 'Windows 10@amd64', 'EVALUATION_SYSTEM', 'SUCCESS', 1),
	(1814, 1, '2017-10-12 07:38:22', '%192.168.254.151@40-2C-F4-04-E9-6E', 'Melvin', 'Jhon Melvin', 'Windows 10@amd64', 'EVALUATION_SYSTEM', 'SUCCESS', 1),
	(1815, 1, '2017-10-12 15:39:47', '%192.168.254.151@40-2C-F4-04-E9-6E', 'Melvin', 'Jhon Melvin', 'Windows 10@amd64', 'EVALUATION_SYSTEM', 'SUCCESS', 1),
	(1816, 1, '2017-10-12 15:46:35', '%192.168.254.151@40-2C-F4-04-E9-6E', 'Melvin', 'Jhon Melvin', 'Windows 10@amd64', 'EVALUATION_SYSTEM', 'SUCCESS', 1),
	(1817, 1, '2017-10-12 15:52:28', '%192.168.254.151@40-2C-F4-04-E9-6E', 'Melvin', 'Jhon Melvin', 'Windows 10@amd64', 'EVALUATION_SYSTEM', 'SUCCESS', 1),
	(1818, 1, '2017-10-12 15:56:09', '%192.168.254.151@40-2C-F4-04-E9-6E', 'Melvin', 'Jhon Melvin', 'Windows 10@amd64', 'EVALUATION_SYSTEM', 'SUCCESS', 1),
	(1819, 1, '2017-10-12 15:57:19', '%192.168.254.151@40-2C-F4-04-E9-6E', 'Melvin', 'Jhon Melvin', 'Windows 10@amd64', 'EVALUATION_SYSTEM', 'SUCCESS', 1),
	(1820, 1, '2017-10-12 16:00:18', '%192.168.254.151@40-2C-F4-04-E9-6E', 'Melvin', 'Jhon Melvin', 'Windows 10@amd64', 'EVALUATION_SYSTEM', 'SUCCESS', 1),
	(1821, 1, '2017-10-12 16:01:32', '%192.168.254.151@40-2C-F4-04-E9-6E', 'Melvin', 'Jhon Melvin', 'Windows 10@amd64', 'EVALUATION_SYSTEM', 'SUCCESS', 1),
	(1822, 1, '2017-10-12 16:05:05', '%192.168.254.151@40-2C-F4-04-E9-6E', 'Melvin', 'Jhon Melvin', 'Windows 10@amd64', 'EVALUATION_SYSTEM', 'SUCCESS', 1),
	(1823, 1, '2017-10-12 16:07:50', '%192.168.254.151@40-2C-F4-04-E9-6E', 'Melvin', 'Jhon Melvin', 'Windows 10@amd64', 'EVALUATION_SYSTEM', 'SUCCESS', 1),
	(1824, 1, '2017-10-12 16:09:20', '%192.168.254.151@40-2C-F4-04-E9-6E', 'Melvin', 'Jhon Melvin', 'Windows 10@amd64', 'EVALUATION_SYSTEM', 'SUCCESS', 1),
	(1825, 1, '2017-10-12 16:10:19', '%192.168.254.151@40-2C-F4-04-E9-6E', 'Melvin', 'Jhon Melvin', 'Windows 10@amd64', 'EVALUATION_SYSTEM', 'SUCCESS', 1),
	(1826, 1, '2017-10-12 16:24:25', '%192.168.254.151@40-2C-F4-04-E9-6E', 'Melvin', 'Jhon Melvin', 'Windows 10@amd64', 'EVALUATION_SYSTEM', 'SUCCESS', 1),
	(1827, 1, '2017-10-12 16:25:36', '%192.168.254.151@40-2C-F4-04-E9-6E', 'Melvin', 'Jhon Melvin', 'Windows 10@amd64', 'EVALUATION_SYSTEM', 'SUCCESS', 1),
	(1828, 1, '2017-10-12 16:35:57', '%192.168.254.151@40-2C-F4-04-E9-6E', 'Melvin', 'Jhon Melvin', 'Windows 10@amd64', 'EVALUATION_SYSTEM', 'SUCCESS', 1),
	(1829, 1, '2017-10-12 16:37:55', '%192.168.254.151@40-2C-F4-04-E9-6E', 'Melvin', 'Jhon Melvin', 'Windows 10@amd64', 'EVALUATION_SYSTEM', 'SUCCESS', 1),
	(1830, 1, '2017-10-12 17:20:16', '%192.168.254.151@40-2C-F4-04-E9-6E', 'Melvin', 'Jhon Melvin', 'Windows 10@amd64', 'EVALUATION_SYSTEM', 'SUCCESS', 1),
	(1831, 1, '2017-10-12 17:39:16', '%192.168.254.151@40-2C-F4-04-E9-6E', 'Melvin', 'Jhon Melvin', 'Windows 10@amd64', 'EVALUATION_SYSTEM', 'SUCCESS', 1),
	(1832, 1, '2017-10-12 17:44:19', '%192.168.254.151@40-2C-F4-04-E9-6E', 'Melvin', 'Jhon Melvin', 'Windows 10@amd64', 'EVALUATION_SYSTEM', 'SUCCESS', 1),
	(1833, 1, '2017-10-13 04:30:52', '%192.168.254.151@40-2C-F4-04-E9-6E', 'Melvin', 'Jhon Melvin', 'Windows 10@amd64', 'EVALUATION_SYSTEM', 'SUCCESS', 1),
	(1834, 1, '2017-10-13 04:33:37', '%192.168.254.151@40-2C-F4-04-E9-6E', 'Melvin', 'Jhon Melvin', 'Windows 10@amd64', 'EVALUATION_SYSTEM', 'SUCCESS', 1),
	(1835, 1, '2017-10-13 04:42:47', '%192.168.254.151@40-2C-F4-04-E9-6E', 'Melvin', 'Jhon Melvin', 'Windows 10@amd64', 'EVALUATION_SYSTEM', 'SUCCESS', 1),
	(1836, 1, '2017-10-13 04:44:14', '%192.168.254.151@40-2C-F4-04-E9-6E', 'Melvin', 'Jhon Melvin', 'Windows 10@amd64', 'EVALUATION_SYSTEM', 'SUCCESS', 1),
	(1837, 1, '2017-10-13 04:58:09', '%192.168.254.151@40-2C-F4-04-E9-6E', 'Melvin', 'Jhon Melvin', 'Windows 10@amd64', 'EVALUATION_SYSTEM', 'SUCCESS', 1),
	(1838, 1, '2017-10-13 04:59:09', '%192.168.254.151@40-2C-F4-04-E9-6E', 'Melvin', 'Jhon Melvin', 'Windows 10@amd64', 'EVALUATION_SYSTEM', 'SUCCESS', 1),
	(1839, 1, '2017-10-13 05:05:41', '%192.168.254.151@40-2C-F4-04-E9-6E', 'Melvin', 'Jhon Melvin', 'Windows 10@amd64', 'EVALUATION_SYSTEM', 'SUCCESS', 1),
	(1840, 1, '2017-10-13 17:53:50', '%192.168.254.151@40-2C-F4-04-E9-6E', 'Melvin', 'Jhon Melvin', 'Windows 10@amd64', 'EVALUATION_SYSTEM', 'SUCCESS', 1),
	(1841, 1, '2017-10-13 18:35:27', '%192.168.254.151@40-2C-F4-04-E9-6E', 'Melvin', 'Jhon Melvin', 'Windows 10@amd64', 'EVALUATION_SYSTEM', 'SUCCESS', 1),
	(1842, 1, '2017-10-13 18:39:59', '%192.168.254.151@40-2C-F4-04-E9-6E', 'Melvin', 'Jhon Melvin', 'Windows 10@amd64', 'EVALUATION_SYSTEM', 'SUCCESS', 1),
	(1843, 1, '2017-10-13 18:48:57', '%192.168.254.151@40-2C-F4-04-E9-6E', 'Melvin', 'Jhon Melvin', 'Windows 10@amd64', 'EVALUATION_SYSTEM', 'SUCCESS', 1),
	(1844, 1, '2017-10-13 18:51:06', '%192.168.254.151@40-2C-F4-04-E9-6E', 'Melvin', 'Jhon Melvin', 'Windows 10@amd64', 'EVALUATION_SYSTEM', 'SUCCESS', 1),
	(1845, 1, '2017-10-13 18:58:38', '%192.168.254.151@40-2C-F4-04-E9-6E', 'Melvin', 'Jhon Melvin', 'Windows 10@amd64', 'EVALUATION_SYSTEM', 'SUCCESS', 1),
	(1846, 1, '2017-10-13 19:03:58', '%192.168.254.151@40-2C-F4-04-E9-6E', 'Melvin', 'Jhon Melvin', 'Windows 10@amd64', 'EVALUATION_SYSTEM', 'SUCCESS', 1),
	(1847, 1, '2017-10-13 19:48:45', '%192.168.254.151@40-2C-F4-04-E9-6E', 'Melvin', 'Jhon Melvin', 'Windows 10@amd64', 'EVALUATION_SYSTEM', 'SUCCESS', 1),
	(1848, 1, '2017-10-13 20:20:51', '%192.168.254.151@40-2C-F4-04-E9-6E', 'Melvin', 'Jhon Melvin', 'Windows 10@amd64', 'EVALUATION_SYSTEM', 'SUCCESS', 1),
	(1849, 1, '2017-10-13 20:30:27', '%192.168.254.151@40-2C-F4-04-E9-6E', 'Melvin', 'Jhon Melvin', 'Windows 10@amd64', 'EVALUATION_SYSTEM', 'SUCCESS', 1),
	(1850, 1, '2017-10-13 20:35:43', '%192.168.254.151@40-2C-F4-04-E9-6E', 'Melvin', 'Jhon Melvin', 'Windows 10@amd64', 'EVALUATION_SYSTEM', 'SUCCESS', 1),
	(1851, 1, '2017-10-13 20:39:54', '%192.168.254.151@40-2C-F4-04-E9-6E', 'Melvin', 'Jhon Melvin', 'Windows 10@amd64', 'EVALUATION_SYSTEM', 'SUCCESS', 1),
	(1852, 1, '2017-10-13 20:46:44', '%192.168.254.151@40-2C-F4-04-E9-6E', 'Melvin', 'Jhon Melvin', 'Windows 10@amd64', 'EVALUATION_SYSTEM', 'SUCCESS', 1),
	(1853, 1, '2017-10-13 21:14:31', '%192.168.254.151@40-2C-F4-04-E9-6E', 'Melvin', 'Jhon Melvin', 'Windows 10@amd64', 'EVALUATION_SYSTEM', 'SUCCESS', 1),
	(1854, 1, '2017-10-13 21:48:08', '%192.168.254.151@40-2C-F4-04-E9-6E', 'Melvin', 'Jhon Melvin', 'Windows 10@amd64', 'EVALUATION_SYSTEM', 'SUCCESS', 1),
	(1855, 1, '2017-10-13 22:01:05', '%192.168.254.151@40-2C-F4-04-E9-6E', 'Melvin', 'Jhon Melvin', 'Windows 10@amd64', 'EVALUATION_SYSTEM', 'SUCCESS', 1),
	(1856, 1, '2017-10-13 22:04:40', '%192.168.254.151@40-2C-F4-04-E9-6E', 'Melvin', 'Jhon Melvin', 'Windows 10@amd64', 'EVALUATION_SYSTEM', 'SUCCESS', 1),
	(1857, 1, '2017-10-13 22:05:56', '%192.168.254.151@40-2C-F4-04-E9-6E', 'Melvin', 'Jhon Melvin', 'Windows 10@amd64', 'EVALUATION_SYSTEM', 'SUCCESS', 1),
	(1858, 1, '2017-10-13 22:07:35', '%192.168.254.151@40-2C-F4-04-E9-6E', 'Melvin', 'Jhon Melvin', 'Windows 10@amd64', 'EVALUATION_SYSTEM', 'SUCCESS', 1),
	(1859, 1, '2017-10-13 22:14:35', '%192.168.254.151@40-2C-F4-04-E9-6E', 'Melvin', 'Jhon Melvin', 'Windows 10@amd64', 'EVALUATION_SYSTEM', 'SUCCESS', 1),
	(1860, 1, '2017-10-13 22:16:30', '%192.168.254.151@40-2C-F4-04-E9-6E', 'Melvin', 'Jhon Melvin', 'Windows 10@amd64', 'EVALUATION_SYSTEM', 'SUCCESS', 1),
	(1861, 1, '2017-10-13 22:18:13', '%192.168.254.151@40-2C-F4-04-E9-6E', 'Melvin', 'Jhon Melvin', 'Windows 10@amd64', 'EVALUATION_SYSTEM', 'SUCCESS', 1),
	(1862, 1, '2017-10-13 22:46:19', '%192.168.254.151@40-2C-F4-04-E9-6E', 'Melvin', 'Jhon Melvin', 'Windows 10@amd64', 'EVALUATION_SYSTEM', 'SUCCESS', 1),
	(1863, 1, '2017-10-13 22:52:10', '%192.168.254.151@40-2C-F4-04-E9-6E', 'Melvin', 'Jhon Melvin', 'Windows 10@amd64', 'EVALUATION_SYSTEM', 'SUCCESS', 1),
	(1864, 1, '2017-10-14 02:40:55', '%192.168.254.151@40-2C-F4-04-E9-6E', 'Melvin', 'Jhon Melvin', 'Windows 10@amd64', 'EVALUATION_SYSTEM', 'SUCCESS', 1),
	(1865, 1, '2017-10-14 02:57:48', '%192.168.254.151@40-2C-F4-04-E9-6E', 'Melvin', 'Jhon Melvin', 'Windows 10@amd64', 'EVALUATION_SYSTEM', 'SUCCESS', 1),
	(1866, 1, '2017-10-14 03:01:50', '%192.168.254.151@40-2C-F4-04-E9-6E', 'Melvin', 'Jhon Melvin', 'Windows 10@amd64', 'EVALUATION_SYSTEM', 'SUCCESS', 1),
	(1867, 1, '2017-10-14 03:03:17', '%192.168.254.151@40-2C-F4-04-E9-6E', 'Melvin', 'Jhon Melvin', 'Windows 10@amd64', 'EVALUATION_SYSTEM', 'SUCCESS', 1),
	(1868, 1, '2017-10-14 17:13:51', '%192.168.254.151@40-2C-F4-04-E9-6E', 'Melvin', 'Jhon Melvin', 'Windows 10@amd64', 'EVALUATION_SYSTEM', 'SUCCESS', 1),
	(1869, 1, '2017-10-14 17:21:38', '%192.168.254.151@40-2C-F4-04-E9-6E', 'Melvin', 'Jhon Melvin', 'Windows 10@amd64', 'EVALUATION_SYSTEM', 'SUCCESS', 1),
	(1870, 1, '2017-10-14 17:28:11', '%192.168.254.151@40-2C-F4-04-E9-6E', 'Melvin', 'Jhon Melvin', 'Windows 10@amd64', 'EVALUATION_SYSTEM', 'SUCCESS', 1),
	(1871, 1, '2017-10-14 17:31:47', '%192.168.254.151@40-2C-F4-04-E9-6E', 'Melvin', 'Jhon Melvin', 'Windows 10@amd64', 'EVALUATION_SYSTEM', 'SUCCESS', 1),
	(1872, 1, '2017-10-14 20:04:21', '%192.168.254.151@40-2C-F4-04-E9-6E', 'Melvin', 'Jhon Melvin', 'Windows 10@amd64', 'EVALUATION_SYSTEM', 'SUCCESS', 1),
	(1873, 1, '2017-10-14 20:05:43', '%192.168.254.151@40-2C-F4-04-E9-6E', 'Melvin', 'Jhon Melvin', 'Windows 10@amd64', 'EVALUATION_SYSTEM', 'SUCCESS', 1),
	(1874, 1, '2017-10-14 20:08:48', '%192.168.254.151@40-2C-F4-04-E9-6E', 'Melvin', 'Jhon Melvin', 'Windows 10@amd64', 'EVALUATION_SYSTEM', 'SUCCESS', 1),
	(1875, 1, '2017-10-14 20:14:11', '%192.168.254.151@40-2C-F4-04-E9-6E', 'Melvin', 'Jhon Melvin', 'Windows 10@amd64', 'EVALUATION_SYSTEM', 'WRONG_PASSWORD', 1),
	(1876, 1, '2017-10-14 20:14:15', '%192.168.254.151@40-2C-F4-04-E9-6E', 'Melvin', 'Jhon Melvin', 'Windows 10@amd64', 'EVALUATION_SYSTEM', 'SUCCESS', 1),
	(1877, 1, '2017-10-14 20:15:53', '%192.168.254.151@40-2C-F4-04-E9-6E', 'Melvin', 'Jhon Melvin', 'Windows 10@amd64', 'EVALUATION_SYSTEM', 'SUCCESS', 1),
	(1878, 1, '2017-10-14 20:17:11', '%192.168.254.151@40-2C-F4-04-E9-6E', 'Melvin', 'Jhon Melvin', 'Windows 10@amd64', 'EVALUATION_SYSTEM', 'SUCCESS', 1),
	(1879, 1, '2017-10-14 20:18:33', '%192.168.254.151@40-2C-F4-04-E9-6E', 'Melvin', 'Jhon Melvin', 'Windows 10@amd64', 'EVALUATION_SYSTEM', 'SUCCESS', 1),
	(1880, 1, '2017-10-14 20:19:56', '%192.168.254.151@40-2C-F4-04-E9-6E', 'Melvin', 'Jhon Melvin', 'Windows 10@amd64', 'EVALUATION_SYSTEM', 'SUCCESS', 1),
	(1881, 1, '2017-10-14 20:37:23', '%192.168.254.151@40-2C-F4-04-E9-6E', 'Melvin', 'Jhon Melvin', 'Windows 10@amd64', 'EVALUATION_SYSTEM', 'SUCCESS', 1),
	(1882, 1, '2017-10-14 20:41:17', '%192.168.254.151@40-2C-F4-04-E9-6E', 'Melvin', 'Jhon Melvin', 'Windows 10@amd64', 'EVALUATION_SYSTEM', 'SUCCESS', 1),
	(1883, 1, '2017-10-14 20:43:53', '%192.168.254.151@40-2C-F4-04-E9-6E', 'Melvin', 'Jhon Melvin', 'Windows 10@amd64', 'EVALUATION_SYSTEM', 'SUCCESS', 1),
	(1884, 1, '2017-10-14 20:46:53', '%192.168.254.151@40-2C-F4-04-E9-6E', 'Melvin', 'Jhon Melvin', 'Windows 10@amd64', 'EVALUATION_SYSTEM', 'SUCCESS', 1),
	(1885, 1, '2017-10-14 20:50:16', '%192.168.254.151@40-2C-F4-04-E9-6E', 'Melvin', 'Jhon Melvin', 'Windows 10@amd64', 'EVALUATION_SYSTEM', 'SUCCESS', 1),
	(1886, 1, '2017-10-14 20:54:14', '%192.168.254.151@40-2C-F4-04-E9-6E', 'Melvin', 'Jhon Melvin', 'Windows 10@amd64', 'EVALUATION_SYSTEM', 'SUCCESS', 1),
	(1887, 1, '2017-10-15 01:06:47', '%192.168.254.151@40-2C-F4-04-E9-6E', 'Melvin', 'Jhon Melvin', 'Windows 10@amd64', 'EVALUATION_SYSTEM', 'SUCCESS', 1),
	(1888, 1, '2017-10-15 01:16:21', '%192.168.254.151@40-2C-F4-04-E9-6E', 'Melvin', 'Jhon Melvin', 'Windows 10@amd64', 'EVALUATION_SYSTEM', 'SUCCESS', 1),
	(1889, 1, '2017-10-15 01:20:47', '%192.168.254.151@40-2C-F4-04-E9-6E', 'Melvin', 'Jhon Melvin', 'Windows 10@amd64', 'EVALUATION_SYSTEM', 'SUCCESS', 1),
	(1890, 1, '2017-10-15 02:28:52', '%192.168.254.151@40-2C-F4-04-E9-6E', 'Melvin', 'Jhon Melvin', 'Windows 10@amd64', 'EVALUATION_SYSTEM', 'SUCCESS', 1),
	(1891, 1, '2017-10-15 02:35:00', '%192.168.254.151@40-2C-F4-04-E9-6E', 'Melvin', 'Jhon Melvin', 'Windows 10@amd64', 'EVALUATION_SYSTEM', 'SUCCESS', 1),
	(1892, 1, '2017-10-15 02:41:15', '%192.168.254.151@40-2C-F4-04-E9-6E', 'Melvin', 'Jhon Melvin', 'Windows 10@amd64', 'EVALUATION_SYSTEM', 'SUCCESS', 1),
	(1893, 1, '2017-10-15 02:50:14', '%192.168.254.151@40-2C-F4-04-E9-6E', 'Melvin', 'Jhon Melvin', 'Windows 10@amd64', 'EVALUATION_SYSTEM', 'SUCCESS', 1),
	(1894, 1, '2017-10-15 16:09:30', '%192.168.254.151@40-2C-F4-04-E9-6E', 'Melvin', 'Jhon Melvin', 'Windows 10@amd64', 'EVALUATION_SYSTEM', 'SUCCESS', 1),
	(1895, 1, '2017-10-15 16:10:40', '%192.168.254.151@40-2C-F4-04-E9-6E', 'Melvin', 'Jhon Melvin', 'Windows 10@amd64', 'EVALUATION_SYSTEM', 'SUCCESS', 1),
	(1896, 1, '2017-10-15 19:36:40', '%192.168.254.151@40-2C-F4-04-E9-6E', 'Melvin', 'Jhon Melvin', 'Windows 10@amd64', 'EVALUATION_SYSTEM', 'SUCCESS', 1),
	(1897, 1, '2017-10-15 19:59:46', '%192.168.254.151@40-2C-F4-04-E9-6E', 'Melvin', 'Jhon Melvin', 'Windows 10@amd64', 'EVALUATION_SYSTEM', 'SUCCESS', 1),
	(1898, 1, '2017-10-15 20:29:18', '%192.168.254.151@40-2C-F4-04-E9-6E', 'Melvin', 'Jhon Melvin', 'Windows 10@amd64', 'EVALUATION_SYSTEM', 'SUCCESS', 1),
	(1899, 1, '2017-10-15 20:33:34', '%192.168.254.151@40-2C-F4-04-E9-6E', 'Melvin', 'Jhon Melvin', 'Windows 10@amd64', 'EVALUATION_SYSTEM', 'SUCCESS', 1),
	(1900, 1, '2017-10-15 20:47:56', '%192.168.254.151@40-2C-F4-04-E9-6E', 'Melvin', 'Jhon Melvin', 'Windows 10@amd64', 'EVALUATION_SYSTEM', 'SUCCESS', 1),
	(1901, 1, '2017-10-15 21:27:02', '%192.168.254.151@40-2C-F4-04-E9-6E', 'Melvin', 'Jhon Melvin', 'Windows 10@amd64', 'EVALUATION_SYSTEM', 'DISABLED', 1),
	(1902, 2, '2017-10-15 21:27:07', '%192.168.254.151@40-2C-F4-04-E9-6E', 'Melvin', 'Jhon Melvin', 'Windows 10@amd64', 'EVALUATION_SYSTEM', 'SUCCESS', 1),
	(1903, 1, '2017-10-15 21:27:31', '%192.168.254.151@40-2C-F4-04-E9-6E', 'Melvin', 'Jhon Melvin', 'Windows 10@amd64', 'EVALUATION_SYSTEM', 'SUCCESS', 1),
	(1904, 1, '2017-10-15 21:50:44', '%192.168.254.151@40-2C-F4-04-E9-6E', 'Melvin', 'Jhon Melvin', 'Windows 10@amd64', 'EVALUATION_SYSTEM', 'SUCCESS', 1),
	(1905, 1, '2017-10-15 22:08:33', '%192.168.254.151@40-2C-F4-04-E9-6E', 'Melvin', 'Jhon Melvin', 'Windows 10@amd64', 'EVALUATION_SYSTEM', 'SUCCESS', 1),
	(1906, 1, '2017-10-16 01:23:46', '%192.168.254.151@40-2C-F4-04-E9-6E', 'Melvin', 'Jhon Melvin', 'Windows 10@amd64', 'EVALUATION_SYSTEM', 'SUCCESS', 1),
	(1907, 1, '2017-10-16 01:24:54', '%192.168.254.151@40-2C-F4-04-E9-6E', 'Melvin', 'Jhon Melvin', 'Windows 10@amd64', 'EVALUATION_SYSTEM', 'SUCCESS', 1),
	(1908, 1, '2017-10-16 01:28:00', '%192.168.254.151@40-2C-F4-04-E9-6E', 'Melvin', 'Jhon Melvin', 'Windows 10@amd64', 'EVALUATION_SYSTEM', 'SUCCESS', 1),
	(1909, 1, '2017-10-16 01:33:58', '%192.168.254.151@40-2C-F4-04-E9-6E', 'Melvin', 'Jhon Melvin', 'Windows 10@amd64', 'EVALUATION_SYSTEM', 'SUCCESS', 1),
	(1910, 1, '2017-10-16 01:39:02', '%192.168.254.151@40-2C-F4-04-E9-6E', 'Melvin', 'Jhon Melvin', 'Windows 10@amd64', 'EVALUATION_SYSTEM', 'SUCCESS', 1),
	(1911, 1, '2017-10-16 01:47:56', '%192.168.254.151@40-2C-F4-04-E9-6E', 'Melvin', 'Jhon Melvin', 'Windows 10@amd64', 'EVALUATION_SYSTEM', 'SUCCESS', 1),
	(1912, 1, '2017-10-16 01:48:27', '%192.168.254.151@40-2C-F4-04-E9-6E', 'Melvin', 'Jhon Melvin', 'Windows 10@amd64', 'EVALUATION_SYSTEM', 'SUCCESS', 1),
	(1913, 1, '2017-10-16 01:49:20', '%192.168.254.151@40-2C-F4-04-E9-6E', 'Melvin', 'Jhon Melvin', 'Windows 10@amd64', 'EVALUATION_SYSTEM', 'SUCCESS', 1),
	(1914, 1, '2017-10-16 01:56:03', '%192.168.254.151@40-2C-F4-04-E9-6E', 'Melvin', 'Jhon Melvin', 'Windows 10@amd64', 'EVALUATION_SYSTEM', 'SUCCESS', 1),
	(1915, 1, '2017-10-16 02:01:50', '%192.168.254.151@40-2C-F4-04-E9-6E', 'Melvin', 'Jhon Melvin', 'Windows 10@amd64', 'EVALUATION_SYSTEM', 'SUCCESS', 1),
	(1916, 2, '2017-10-16 02:04:25', '%192.168.254.151@40-2C-F4-04-E9-6E', 'Melvin', 'Jhon Melvin', 'Windows 10@amd64', 'EVALUATION_SYSTEM', 'SUCCESS', 1),
	(1917, 1, '2017-10-16 02:05:07', '%192.168.254.151@40-2C-F4-04-E9-6E', 'Melvin', 'Jhon Melvin', 'Windows 10@amd64', 'EVALUATION_SYSTEM', 'SUCCESS', 1),
	(1918, 1, '2017-10-16 04:15:55', '%192.168.254.151@40-2C-F4-04-E9-6E', 'Melvin', 'Jhon Melvin', 'Windows 10@amd64', 'EVALUATION_SYSTEM', 'SUCCESS', 1),
	(1919, 1, '2017-10-16 04:43:26', '%192.168.254.151@40-2C-F4-04-E9-6E', 'Melvin', 'Jhon Melvin', 'Windows 10@amd64', 'EVALUATION_SYSTEM', 'SUCCESS', 1),
	(1920, 1, '2017-10-16 04:55:59', '%192.168.254.151@40-2C-F4-04-E9-6E', 'Melvin', 'Jhon Melvin', 'Windows 10@amd64', 'EVALUATION_SYSTEM', 'SUCCESS', 1),
	(1921, 1, '2017-10-16 04:57:32', '%192.168.254.151@40-2C-F4-04-E9-6E', 'Melvin', 'Jhon Melvin', 'Windows 10@amd64', 'EVALUATION_SYSTEM', 'SUCCESS', 1),
	(1922, 1, '2017-10-16 05:00:05', '%192.168.254.151@40-2C-F4-04-E9-6E', 'Melvin', 'Jhon Melvin', 'Windows 10@amd64', 'EVALUATION_SYSTEM', 'SUCCESS', 1),
	(1923, 1, '2017-10-16 05:27:55', '%192.168.254.151@40-2C-F4-04-E9-6E', 'Melvin', 'Jhon Melvin', 'Windows 10@amd64', 'EVALUATION_SYSTEM', 'SUCCESS', 1),
	(1924, 1, '2017-10-16 05:30:35', '%192.168.254.151@40-2C-F4-04-E9-6E', 'Melvin', 'Jhon Melvin', 'Windows 10@amd64', 'EVALUATION_SYSTEM', 'SUCCESS', 1),
	(1925, 1, '2017-10-16 12:39:15', '%192.168.254.151@40-2C-F4-04-E9-6E', 'Melvin', 'Jhon Melvin', 'Windows 10@amd64', 'EVALUATION_SYSTEM', 'WRONG_PASSWORD', 1),
	(1926, 1, '2017-10-16 12:39:18', '%192.168.254.151@40-2C-F4-04-E9-6E', 'Melvin', 'Jhon Melvin', 'Windows 10@amd64', 'EVALUATION_SYSTEM', 'SUCCESS', 1),
	(1927, 1, '2017-10-16 12:40:39', '%192.168.254.151@40-2C-F4-04-E9-6E', 'Melvin', 'Jhon Melvin', 'Windows 10@amd64', 'EVALUATION_SYSTEM', 'SUCCESS', 1),
	(1928, 1, '2017-10-16 12:46:42', '%192.168.254.151@40-2C-F4-04-E9-6E', 'Melvin', 'Jhon Melvin', 'Windows 10@amd64', 'EVALUATION_SYSTEM', 'SUCCESS', 1),
	(1929, 1, '2017-10-16 17:59:01', '%192.168.254.151@40-2C-F4-04-E9-6E', 'Melvin', 'Jhon Melvin', 'Windows 10@amd64', 'EVALUATION_SYSTEM', 'SUCCESS', 1),
	(1930, 1, '2017-10-16 18:01:27', '%192.168.254.151@40-2C-F4-04-E9-6E', 'Melvin', 'Jhon Melvin', 'Windows 10@amd64', 'EVALUATION_SYSTEM', 'SUCCESS', 1),
	(1931, 1, '2017-10-16 18:13:30', '%192.168.254.151@40-2C-F4-04-E9-6E', 'Melvin', 'Jhon Melvin', 'Windows 10@amd64', 'EVALUATION_SYSTEM', 'SUCCESS', 1),
	(1932, 1, '2017-10-16 18:15:12', '%192.168.254.151@40-2C-F4-04-E9-6E', 'Melvin', 'Jhon Melvin', 'Windows 10@amd64', 'EVALUATION_SYSTEM', 'SUCCESS', 1),
	(1933, 1, '2017-10-16 18:28:55', '%192.168.254.151@40-2C-F4-04-E9-6E', 'Melvin', 'Jhon Melvin', 'Windows 10@amd64', 'EVALUATION_SYSTEM', 'SUCCESS', 1),
	(1934, 1, '2017-10-16 19:33:18', '%192.168.254.151@40-2C-F4-04-E9-6E', 'Melvin', 'Jhon Melvin', 'Windows 10@amd64', 'EVALUATION_SYSTEM', 'SUCCESS', 1),
	(1935, 1, '2017-10-16 19:37:17', '%192.168.254.151@40-2C-F4-04-E9-6E', 'Melvin', 'Jhon Melvin', 'Windows 10@amd64', 'EVALUATION_SYSTEM', 'SUCCESS', 1),
	(1936, 1, '2017-10-16 19:48:41', '%192.168.254.151@40-2C-F4-04-E9-6E', 'Melvin', 'Jhon Melvin', 'Windows 10@amd64', 'EVALUATION_SYSTEM', 'SUCCESS', 1);
/*!40000 ALTER TABLE `account_faculty_attempt` ENABLE KEYS */;

-- Dumping structure for table cictems.account_faculty_session
CREATE TABLE IF NOT EXISTS `account_faculty_session` (
  `session_id` int(11) NOT NULL AUTO_INCREMENT,
  `FACULTY_account_id` int(11) NOT NULL DEFAULT '0',
  `session_start` datetime DEFAULT NULL,
  `keep_alive` datetime DEFAULT NULL,
  `ip_address` varchar(200) COLLATE utf8_unicode_ci DEFAULT NULL,
  `pc_name` varchar(50) COLLATE utf8_unicode_ci DEFAULT NULL,
  `pc_username` varchar(50) COLLATE utf8_unicode_ci DEFAULT NULL,
  `os` varchar(50) COLLATE utf8_unicode_ci DEFAULT NULL,
  `session_end` datetime DEFAULT NULL,
  `platform` varchar(50) COLLATE utf8_unicode_ci DEFAULT 'Unknown',
  `active` int(11) NOT NULL DEFAULT '1',
  PRIMARY KEY (`session_id`),
  KEY `session_fk_from_account_faculty_id` (`FACULTY_account_id`),
  CONSTRAINT `session_fk_from_account_faculty_id` FOREIGN KEY (`FACULTY_account_id`) REFERENCES `account_faculty` (`id`)
) ENGINE=InnoDB AUTO_INCREMENT=1767 DEFAULT CHARSET=utf8 COLLATE=utf8_unicode_ci;

-- Dumping data for table cictems.account_faculty_session: ~169 rows (approximately)
/*!40000 ALTER TABLE `account_faculty_session` DISABLE KEYS */;
INSERT INTO `account_faculty_session` (`session_id`, `FACULTY_account_id`, `session_start`, `keep_alive`, `ip_address`, `pc_name`, `pc_username`, `os`, `session_end`, `platform`, `active`) VALUES
	(1595, 1, '2017-10-11 18:39:01', '2017-10-11 18:40:31', '%192.168.254.151@40-2C-F4-04-E9-6E%192.168.254.151@40-2C-F4-04-E9-6E', 'Melvin', 'Jhon Melvin', 'Windows 10@amd64', '2017-10-11 18:39:58', 'EVALUATION_SYSTEM', 1),
	(1596, 1, '2017-10-11 18:40:01', '2017-10-11 18:41:02', '%192.168.254.151@40-2C-F4-04-E9-6E', 'Melvin', 'Jhon Melvin', 'Windows 10@amd64', '2017-10-11 18:40:06', 'EVALUATION_SYSTEM', 1),
	(1597, 1, '2017-10-11 18:40:43', '2017-10-11 18:56:43', '%192.168.254.151@40-2C-F4-04-E9-6E', 'Melvin', 'Jhon Melvin', 'Windows 10@amd64', '2017-10-11 18:56:06', 'EVALUATION_SYSTEM', 1),
	(1598, 1, '2017-10-11 19:14:45', '2017-10-11 19:15:46', '%192.168.254.151@40-2C-F4-04-E9-6E', 'Melvin', 'Jhon Melvin', 'Windows 10@amd64', '2017-10-11 19:16:40', 'EVALUATION_SYSTEM', 1),
	(1599, 1, '2017-10-11 19:16:42', '2017-10-11 19:17:42', '%192.168.254.151@40-2C-F4-04-E9-6E', 'Melvin', 'Jhon Melvin', 'Windows 10@amd64', '2017-10-11 19:16:50', 'EVALUATION_SYSTEM', 1),
	(1600, 1, '2017-10-11 19:18:34', '2017-10-11 19:22:04', '%192.168.254.151@40-2C-F4-04-E9-6E', 'Melvin', 'Jhon Melvin', 'Windows 10@amd64', '2017-10-11 19:21:12', 'EVALUATION_SYSTEM', 1),
	(1601, 1, '2017-10-11 19:22:26', '2017-10-11 19:24:26', '%192.168.254.151@40-2C-F4-04-E9-6E', 'Melvin', 'Jhon Melvin', 'Windows 10@amd64', '2017-10-11 19:23:46', 'EVALUATION_SYSTEM', 1),
	(1602, 1, '2017-10-11 19:28:30', '2017-10-11 19:29:31', '%192.168.254.151@40-2C-F4-04-E9-6E', 'Melvin', 'Jhon Melvin', 'Windows 10@amd64', '2017-10-11 19:28:52', 'EVALUATION_SYSTEM', 1),
	(1603, 1, '2017-10-11 23:15:37', '2017-10-11 23:17:07', '%192.168.254.151@40-2C-F4-04-E9-6E', 'Melvin', 'Jhon Melvin', 'Windows 10@amd64', '2017-10-11 23:16:30', 'EVALUATION_SYSTEM', 1),
	(1604, 1, '2017-10-11 23:17:15', '2017-10-11 23:23:15', '%192.168.254.151@40-2C-F4-04-E9-6E', 'Melvin', 'Jhon Melvin', 'Windows 10@amd64', '2017-10-11 23:22:23', 'EVALUATION_SYSTEM', 1),
	(1605, 1, '2017-10-11 23:22:49', '2017-10-11 23:24:19', '%192.168.254.151@40-2C-F4-04-E9-6E', 'Melvin', 'Jhon Melvin', 'Windows 10@amd64', '2017-10-11 23:23:27', 'EVALUATION_SYSTEM', 1),
	(1606, 1, '2017-10-11 23:29:17', '2017-10-11 23:30:47', '%192.168.254.151@40-2C-F4-04-E9-6E', 'Melvin', 'Jhon Melvin', 'Windows 10@amd64', '2017-10-11 23:29:49', 'EVALUATION_SYSTEM', 1),
	(1607, 2, '2017-10-11 23:29:52', '2017-10-11 23:30:52', '%192.168.254.151@40-2C-F4-04-E9-6E', 'Melvin', 'Jhon Melvin', 'Windows 10@amd64', '2017-10-11 23:30:08', 'EVALUATION_SYSTEM', 1),
	(1608, 1, '2017-10-11 23:30:13', '2017-10-11 23:31:43', '%192.168.254.151@40-2C-F4-04-E9-6E', 'Melvin', 'Jhon Melvin', 'Windows 10@amd64', '2017-10-11 23:30:49', 'EVALUATION_SYSTEM', 1),
	(1609, 1, '2017-10-11 23:43:26', '2017-10-11 23:44:26', '%192.168.254.151@40-2C-F4-04-E9-6E', 'Melvin', 'Jhon Melvin', 'Windows 10@amd64', '2017-10-11 23:43:33', 'EVALUATION_SYSTEM', 1),
	(1610, 1, '2017-10-11 23:46:46', '2017-10-11 23:47:46', '%192.168.254.151@40-2C-F4-04-E9-6E', 'Melvin', 'Jhon Melvin', 'Windows 10@amd64', '2017-10-11 23:47:02', 'EVALUATION_SYSTEM', 1),
	(1611, 1, '2017-10-11 23:47:55', '2017-10-11 23:49:25', '%192.168.254.151@40-2C-F4-04-E9-6E', 'Melvin', 'Jhon Melvin', 'Windows 10@amd64', '2017-10-11 23:48:31', 'EVALUATION_SYSTEM', 1),
	(1612, 1, '2017-10-11 23:54:48', '2017-10-11 23:55:48', '%192.168.254.151@40-2C-F4-04-E9-6E', 'Melvin', 'Jhon Melvin', 'Windows 10@amd64', '2017-10-11 23:55:14', 'EVALUATION_SYSTEM', 1),
	(1613, 1, '2017-10-11 23:56:01', '2017-10-11 23:58:31', '%192.168.254.151@40-2C-F4-04-E9-6E', 'Melvin', 'Jhon Melvin', 'Windows 10@amd64', '2017-10-11 23:57:40', 'EVALUATION_SYSTEM', 1),
	(1614, 1, '2017-10-11 23:58:01', '2017-10-11 23:59:01', '%192.168.254.151@40-2C-F4-04-E9-6E', 'Melvin', 'Jhon Melvin', 'Windows 10@amd64', '2017-10-11 23:58:28', 'EVALUATION_SYSTEM', 1),
	(1615, 1, '2017-10-11 23:59:16', '2017-10-12 00:02:16', '%192.168.254.151@40-2C-F4-04-E9-6E', 'Melvin', 'Jhon Melvin', 'Windows 10@amd64', '2017-10-12 00:01:37', 'EVALUATION_SYSTEM', 1),
	(1616, 1, '2017-10-12 00:01:58', '2017-10-12 00:02:58', '%192.168.254.151@40-2C-F4-04-E9-6E', 'Melvin', 'Jhon Melvin', 'Windows 10@amd64', '2017-10-12 00:02:09', 'EVALUATION_SYSTEM', 1),
	(1617, 1, '2017-10-12 00:02:12', '2017-10-12 00:03:42', '%192.168.254.151@40-2C-F4-04-E9-6E', 'Melvin', 'Jhon Melvin', 'Windows 10@amd64', '2017-10-12 00:03:09', 'EVALUATION_SYSTEM', 1),
	(1618, 1, '2017-10-12 00:03:31', '2017-10-12 00:06:31', '%192.168.254.151@40-2C-F4-04-E9-6E', 'Melvin', 'Jhon Melvin', 'Windows 10@amd64', '2017-10-12 00:05:34', 'EVALUATION_SYSTEM', 1),
	(1619, 1, '2017-10-12 00:05:55', '2017-10-12 00:06:55', '%192.168.254.151@40-2C-F4-04-E9-6E', 'Melvin', 'Jhon Melvin', 'Windows 10@amd64', '2017-10-12 00:06:04', 'EVALUATION_SYSTEM', 1),
	(1620, 1, '2017-10-12 00:06:57', '2017-10-12 00:07:58', '%192.168.254.151@40-2C-F4-04-E9-6E', 'Melvin', 'Jhon Melvin', 'Windows 10@amd64', '2017-10-12 00:07:07', 'EVALUATION_SYSTEM', 1),
	(1621, 1, '2017-10-12 00:07:10', '2017-10-12 00:08:10', '%192.168.254.151@40-2C-F4-04-E9-6E', 'Melvin', 'Jhon Melvin', 'Windows 10@amd64', '2017-10-12 00:07:30', 'EVALUATION_SYSTEM', 1),
	(1622, 1, '2017-10-12 04:12:30', '2017-10-12 04:14:00', '%192.168.254.151@40-2C-F4-04-E9-6E', 'Melvin', 'Jhon Melvin', 'Windows 10@amd64', '2017-10-12 04:13:07', 'EVALUATION_SYSTEM', 1),
	(1623, 1, '2017-10-12 04:14:47', '2017-10-12 04:16:47', '%192.168.254.151@40-2C-F4-04-E9-6E', 'Melvin', 'Jhon Melvin', 'Windows 10@amd64', '2017-10-12 04:15:52', 'EVALUATION_SYSTEM', 1),
	(1624, 1, '2017-10-12 04:16:54', '2017-10-12 04:23:24', '%192.168.254.151@40-2C-F4-04-E9-6E', 'Melvin', 'Jhon Melvin', 'Windows 10@amd64', '2017-10-12 04:22:51', 'EVALUATION_SYSTEM', 1),
	(1625, 1, '2017-10-12 04:23:44', '2017-10-12 04:26:14', '%192.168.254.151@40-2C-F4-04-E9-6E', 'Melvin', 'Jhon Melvin', 'Windows 10@amd64', '2017-10-12 04:25:30', 'EVALUATION_SYSTEM', 1),
	(1626, 1, '2017-10-12 04:26:07', '2017-10-12 04:28:37', '%192.168.254.151@40-2C-F4-04-E9-6E', 'Melvin', 'Jhon Melvin', 'Windows 10@amd64', '2017-10-12 04:27:45', 'EVALUATION_SYSTEM', 1),
	(1627, 1, '2017-10-12 04:28:25', '2017-10-12 04:32:25', '%192.168.254.151@40-2C-F4-04-E9-6E', 'Melvin', 'Jhon Melvin', 'Windows 10@amd64', '2017-10-12 04:31:29', 'EVALUATION_SYSTEM', 1),
	(1628, 1, '2017-10-12 04:32:52', '2017-10-12 04:33:52', '%192.168.254.151@40-2C-F4-04-E9-6E', 'Melvin', 'Jhon Melvin', 'Windows 10@amd64', '2017-10-12 04:33:09', 'EVALUATION_SYSTEM', 1),
	(1629, 1, '2017-10-12 04:43:13', '2017-10-12 04:44:13', '%192.168.254.151@40-2C-F4-04-E9-6E', 'Melvin', 'Jhon Melvin', 'Windows 10@amd64', '2017-10-12 04:43:27', 'EVALUATION_SYSTEM', 1),
	(1630, 1, '2017-10-12 04:51:59', '2017-10-12 04:52:59', '%192.168.254.151@40-2C-F4-04-E9-6E', 'Melvin', 'Jhon Melvin', 'Windows 10@amd64', '2017-10-12 04:52:21', 'EVALUATION_SYSTEM', 1),
	(1631, 1, '2017-10-12 05:03:28', '2017-10-12 05:04:58', '%192.168.254.151@40-2C-F4-04-E9-6E', 'Melvin', 'Jhon Melvin', 'Windows 10@amd64', '2017-10-12 05:04:24', 'EVALUATION_SYSTEM', 1),
	(1632, 1, '2017-10-12 05:04:57', '2017-10-12 05:05:57', '%192.168.254.151@40-2C-F4-04-E9-6E', 'Melvin', 'Jhon Melvin', 'Windows 10@amd64', '2017-10-12 05:05:10', 'EVALUATION_SYSTEM', 1),
	(1633, 1, '2017-10-12 05:39:14', '2017-10-12 05:43:14', '%192.168.254.151@40-2C-F4-04-E9-6E', 'Melvin', 'Jhon Melvin', 'Windows 10@amd64', '2017-10-12 05:42:23', 'EVALUATION_SYSTEM', 1),
	(1634, 1, '2017-10-12 05:42:52', '2017-10-12 05:45:52', '%192.168.254.151@40-2C-F4-04-E9-6E', 'Melvin', 'Jhon Melvin', 'Windows 10@amd64', '2017-10-12 05:45:17', 'EVALUATION_SYSTEM', 1),
	(1635, 1, '2017-10-12 05:45:39', '2017-10-12 05:50:09', '%192.168.254.151@40-2C-F4-04-E9-6E', 'Melvin', 'Jhon Melvin', 'Windows 10@amd64', '2017-10-12 05:49:21', 'EVALUATION_SYSTEM', 1),
	(1636, 1, '2017-10-12 05:49:43', '2017-10-12 05:51:43', '%192.168.254.151@40-2C-F4-04-E9-6E', 'Melvin', 'Jhon Melvin', 'Windows 10@amd64', '2017-10-12 05:50:54', 'EVALUATION_SYSTEM', 1),
	(1637, 1, '2017-10-12 05:51:27', '2017-10-12 06:00:57', '%192.168.254.151@40-2C-F4-04-E9-6E', 'Melvin', 'Jhon Melvin', 'Windows 10@amd64', '2017-10-12 06:00:07', 'EVALUATION_SYSTEM', 1),
	(1638, 1, '2017-10-12 06:00:31', '2017-10-12 06:02:01', '%192.168.254.151@40-2C-F4-04-E9-6E', 'Melvin', 'Jhon Melvin', 'Windows 10@amd64', '2017-10-12 06:01:13', 'EVALUATION_SYSTEM', 1),
	(1639, 1, '2017-10-12 06:02:01', '2017-10-12 06:03:02', '%192.168.254.151@40-2C-F4-04-E9-6E', 'Melvin', 'Jhon Melvin', 'Windows 10@amd64', '2017-10-12 06:02:12', 'EVALUATION_SYSTEM', 1),
	(1640, 1, '2017-10-12 06:05:53', '2017-10-12 06:06:53', '%192.168.254.151@40-2C-F4-04-E9-6E', 'Melvin', 'Jhon Melvin', 'Windows 10@amd64', '2017-10-12 06:06:08', 'EVALUATION_SYSTEM', 1),
	(1641, 1, '2017-10-12 06:20:41', '2017-10-12 06:29:11', '%192.168.254.151@40-2C-F4-04-E9-6E', 'Melvin', 'Jhon Melvin', 'Windows 10@amd64', '2017-10-12 06:28:34', 'EVALUATION_SYSTEM', 1),
	(1642, 1, '2017-10-12 06:28:57', '2017-10-12 06:29:57', '%192.168.254.151@40-2C-F4-04-E9-6E', 'Melvin', 'Jhon Melvin', 'Windows 10@amd64', '2017-10-12 06:29:24', 'EVALUATION_SYSTEM', 1),
	(1643, 1, '2017-10-12 06:30:16', '2017-10-12 06:31:16', '%192.168.254.151@40-2C-F4-04-E9-6E', 'Melvin', 'Jhon Melvin', 'Windows 10@amd64', '2017-10-12 06:30:34', 'EVALUATION_SYSTEM', 1),
	(1644, 1, '2017-10-12 06:37:24', '2017-10-12 06:38:24', '%192.168.254.151@40-2C-F4-04-E9-6E', 'Melvin', 'Jhon Melvin', 'Windows 10@amd64', '2017-10-12 06:37:48', 'EVALUATION_SYSTEM', 1),
	(1645, 1, '2017-10-12 06:49:23', '2017-10-12 06:50:53', '%192.168.254.151@40-2C-F4-04-E9-6E', 'Melvin', 'Jhon Melvin', 'Windows 10@amd64', '2017-10-12 06:50:22', 'EVALUATION_SYSTEM', 1),
	(1646, 1, '2017-10-12 07:23:48', '2017-10-12 07:37:48', '%192.168.254.151@40-2C-F4-04-E9-6E', 'Melvin', 'Jhon Melvin', 'Windows 10@amd64', '2017-10-12 07:37:01', 'EVALUATION_SYSTEM', 1),
	(1647, 1, '2017-10-12 07:38:22', '2017-10-12 07:41:23', '%192.168.254.151@40-2C-F4-04-E9-6E', 'Melvin', 'Jhon Melvin', 'Windows 10@amd64', '2017-10-12 07:40:48', 'EVALUATION_SYSTEM', 1),
	(1648, 1, '2017-10-12 15:39:47', '2017-10-12 15:40:48', '%192.168.254.151@40-2C-F4-04-E9-6E', 'Melvin', 'Jhon Melvin', 'Windows 10@amd64', '2017-10-12 15:40:11', 'EVALUATION_SYSTEM', 1),
	(1649, 1, '2017-10-12 15:46:35', '2017-10-12 15:47:35', '%192.168.254.151@40-2C-F4-04-E9-6E', 'Melvin', 'Jhon Melvin', 'Windows 10@amd64', '2017-10-12 15:46:52', 'EVALUATION_SYSTEM', 1),
	(1650, 1, '2017-10-12 15:52:29', '2017-10-12 15:53:59', '%192.168.254.151@40-2C-F4-04-E9-6E', 'Melvin', 'Jhon Melvin', 'Windows 10@amd64', '2017-10-12 15:53:18', 'EVALUATION_SYSTEM', 1),
	(1651, 1, '2017-10-12 15:56:09', '2017-10-12 15:57:39', '%192.168.254.151@40-2C-F4-04-E9-6E', 'Melvin', 'Jhon Melvin', 'Windows 10@amd64', '2017-10-12 15:56:53', 'EVALUATION_SYSTEM', 1),
	(1652, 1, '2017-10-12 15:57:19', '2017-10-12 15:58:49', '%192.168.254.151@40-2C-F4-04-E9-6E', 'Melvin', 'Jhon Melvin', 'Windows 10@amd64', '2017-10-12 15:58:10', 'EVALUATION_SYSTEM', 1),
	(1653, 1, '2017-10-12 16:00:18', '2017-10-12 16:01:19', '%192.168.254.151@40-2C-F4-04-E9-6E', 'Melvin', 'Jhon Melvin', 'Windows 10@amd64', '2017-10-12 16:00:41', 'EVALUATION_SYSTEM', 1),
	(1654, 1, '2017-10-12 16:01:32', '2017-10-12 16:03:02', '%192.168.254.151@40-2C-F4-04-E9-6E', 'Melvin', 'Jhon Melvin', 'Windows 10@amd64', '2017-10-12 16:02:26', 'EVALUATION_SYSTEM', 1),
	(1655, 1, '2017-10-12 16:05:05', '2017-10-12 16:06:05', '%192.168.254.151@40-2C-F4-04-E9-6E', 'Melvin', 'Jhon Melvin', 'Windows 10@amd64', '2017-10-12 16:05:19', 'EVALUATION_SYSTEM', 1),
	(1656, 1, '2017-10-12 16:07:50', '2017-10-12 16:09:20', '%192.168.254.151@40-2C-F4-04-E9-6E', 'Melvin', 'Jhon Melvin', 'Windows 10@amd64', '2017-10-12 16:08:29', 'EVALUATION_SYSTEM', 1),
	(1657, 1, '2017-10-12 16:09:20', '2017-10-12 16:10:50', '%192.168.254.151@40-2C-F4-04-E9-6E', 'Melvin', 'Jhon Melvin', 'Windows 10@amd64', '2017-10-12 16:09:52', 'EVALUATION_SYSTEM', 1),
	(1658, 1, '2017-10-12 16:10:19', '2017-10-12 16:11:20', '%192.168.254.151@40-2C-F4-04-E9-6E', 'Melvin', 'Jhon Melvin', 'Windows 10@amd64', '2017-10-12 16:10:43', 'EVALUATION_SYSTEM', 1),
	(1659, 1, '2017-10-12 16:24:25', '2017-10-12 16:25:26', '%192.168.254.151@40-2C-F4-04-E9-6E', 'Melvin', 'Jhon Melvin', 'Windows 10@amd64', '2017-10-12 16:24:42', 'EVALUATION_SYSTEM', 1),
	(1660, 1, '2017-10-12 16:25:36', '2017-10-12 16:26:36', '%192.168.254.151@40-2C-F4-04-E9-6E', 'Melvin', 'Jhon Melvin', 'Windows 10@amd64', '2017-10-12 16:25:53', 'EVALUATION_SYSTEM', 1),
	(1661, 1, '2017-10-12 16:35:57', '2017-10-12 16:38:27', '%192.168.254.151@40-2C-F4-04-E9-6E', 'Melvin', 'Jhon Melvin', 'Windows 10@amd64', '2017-10-12 16:37:33', 'EVALUATION_SYSTEM', 1),
	(1662, 1, '2017-10-12 16:37:55', '2017-10-12 16:38:56', '%192.168.254.151@40-2C-F4-04-E9-6E', 'Melvin', 'Jhon Melvin', 'Windows 10@amd64', '2017-10-12 16:38:11', 'EVALUATION_SYSTEM', 1),
	(1663, 1, '2017-10-12 17:20:16', '2017-10-12 17:21:17', '%192.168.254.151@40-2C-F4-04-E9-6E', 'Melvin', 'Jhon Melvin', 'Windows 10@amd64', '2017-10-12 17:20:44', 'EVALUATION_SYSTEM', 1),
	(1664, 1, '2017-10-12 17:39:16', '2017-10-12 17:44:16', '%192.168.254.151@40-2C-F4-04-E9-6E', 'Melvin', 'Jhon Melvin', 'Windows 10@amd64', '2017-10-12 17:43:17', 'EVALUATION_SYSTEM', 1),
	(1665, 1, '2017-10-12 17:44:19', '2017-10-12 17:45:49', '%192.168.254.151@40-2C-F4-04-E9-6E', 'Melvin', 'Jhon Melvin', 'Windows 10@amd64', '2017-10-12 17:45:01', 'EVALUATION_SYSTEM', 1),
	(1666, 1, '2017-10-13 04:30:53', '2017-10-13 04:32:23', '%192.168.254.151@40-2C-F4-04-E9-6E', 'Melvin', 'Jhon Melvin', 'Windows 10@amd64', '2017-10-13 04:31:44', 'EVALUATION_SYSTEM', 1),
	(1667, 1, '2017-10-13 04:33:37', '2017-10-13 04:35:07', '%192.168.254.151@40-2C-F4-04-E9-6E', 'Melvin', 'Jhon Melvin', 'Windows 10@amd64', '2017-10-13 04:34:34', 'EVALUATION_SYSTEM', 1),
	(1668, 1, '2017-10-13 04:42:47', '2017-10-13 04:43:47', '%192.168.254.151@40-2C-F4-04-E9-6E', 'Melvin', 'Jhon Melvin', 'Windows 10@amd64', '2017-10-13 04:43:04', 'EVALUATION_SYSTEM', 1),
	(1669, 1, '2017-10-13 04:44:14', '2017-10-13 04:47:14', '%192.168.254.151@40-2C-F4-04-E9-6E', 'Melvin', 'Jhon Melvin', 'Windows 10@amd64', '2017-10-13 04:46:18', 'EVALUATION_SYSTEM', 1),
	(1670, 1, '2017-10-13 04:58:09', '2017-10-13 04:59:09', '%192.168.254.151@40-2C-F4-04-E9-6E', 'Melvin', 'Jhon Melvin', 'Windows 10@amd64', '2017-10-13 04:58:27', 'EVALUATION_SYSTEM', 1),
	(1671, 1, '2017-10-13 04:59:10', '2017-10-13 05:05:10', '%192.168.254.151@40-2C-F4-04-E9-6E', 'Melvin', 'Jhon Melvin', 'Windows 10@amd64', '2017-10-13 05:04:37', 'EVALUATION_SYSTEM', 1),
	(1672, 1, '2017-10-13 05:05:41', '2017-10-13 05:12:11', '%192.168.254.151@40-2C-F4-04-E9-6E', 'Melvin', 'Jhon Melvin', 'Windows 10@amd64', '2017-10-13 05:11:21', 'EVALUATION_SYSTEM', 1),
	(1673, 1, '2017-10-13 17:53:50', '2017-10-13 18:35:21', '%192.168.254.151@40-2C-F4-04-E9-6E', 'Melvin', 'Jhon Melvin', 'Windows 10@amd64', '2017-10-13 18:34:44', 'EVALUATION_SYSTEM', 1),
	(1674, 1, '2017-10-13 18:35:27', '2017-10-13 18:40:27', '%192.168.254.151@40-2C-F4-04-E9-6E', 'Melvin', 'Jhon Melvin', 'Windows 10@amd64', '2017-10-13 18:39:28', 'EVALUATION_SYSTEM', 1),
	(1675, 1, '2017-10-13 18:39:59', '2017-10-13 18:43:29', '%192.168.254.151@40-2C-F4-04-E9-6E', 'Melvin', 'Jhon Melvin', 'Windows 10@amd64', '2017-10-13 18:42:46', 'EVALUATION_SYSTEM', 1),
	(1676, 1, '2017-10-13 18:48:57', '2017-10-13 18:49:58', '%192.168.254.151@40-2C-F4-04-E9-6E', 'Melvin', 'Jhon Melvin', 'Windows 10@amd64', '2017-10-13 18:49:15', 'EVALUATION_SYSTEM', 1),
	(1677, 1, '2017-10-13 18:51:06', '2017-10-13 18:59:07', '%192.168.254.151@40-2C-F4-04-E9-6E', 'Melvin', 'Jhon Melvin', 'Windows 10@amd64', '2017-10-13 18:58:34', 'EVALUATION_SYSTEM', 1),
	(1678, 1, '2017-10-13 18:58:38', '2017-10-13 18:59:39', '%192.168.254.151@40-2C-F4-04-E9-6E', 'Melvin', 'Jhon Melvin', 'Windows 10@amd64', '2017-10-13 18:58:48', 'EVALUATION_SYSTEM', 1),
	(1679, 1, '2017-10-13 19:03:58', '2017-10-13 19:04:58', '%192.168.254.151@40-2C-F4-04-E9-6E', 'Melvin', 'Jhon Melvin', 'Windows 10@amd64', '2017-10-13 19:04:14', 'EVALUATION_SYSTEM', 1),
	(1680, 1, '2017-10-13 19:48:45', '2017-10-13 19:52:45', '%192.168.254.151@40-2C-F4-04-E9-6E', 'Melvin', 'Jhon Melvin', 'Windows 10@amd64', '2017-10-13 19:51:52', 'EVALUATION_SYSTEM', 1),
	(1681, 1, '2017-10-13 20:20:51', '2017-10-13 20:29:21', '%192.168.254.151@40-2C-F4-04-E9-6E', 'Melvin', 'Jhon Melvin', 'Windows 10@amd64', '2017-10-13 20:28:36', 'EVALUATION_SYSTEM', 1),
	(1682, 1, '2017-10-13 20:30:27', '2017-10-13 20:31:28', '%192.168.254.151@40-2C-F4-04-E9-6E', 'Melvin', 'Jhon Melvin', 'Windows 10@amd64', '2017-10-13 20:30:40', 'EVALUATION_SYSTEM', 1),
	(1683, 1, '2017-10-13 20:35:43', '2017-10-13 20:39:14', '%192.168.254.151@40-2C-F4-04-E9-6E', 'Melvin', 'Jhon Melvin', 'Windows 10@amd64', '2017-10-13 20:38:32', 'EVALUATION_SYSTEM', 1),
	(1684, 1, '2017-10-13 20:39:54', '2017-10-13 20:45:54', '%192.168.254.151@40-2C-F4-04-E9-6E', 'Melvin', 'Jhon Melvin', 'Windows 10@amd64', '2017-10-13 20:45:22', 'EVALUATION_SYSTEM', 1),
	(1685, 1, '2017-10-13 20:46:44', '2017-10-13 20:49:44', '%192.168.254.151@40-2C-F4-04-E9-6E', 'Melvin', 'Jhon Melvin', 'Windows 10@amd64', '2017-10-13 20:48:57', 'EVALUATION_SYSTEM', 1),
	(1686, 1, '2017-10-13 21:14:31', '2017-10-13 21:47:32', '%192.168.254.151@40-2C-F4-04-E9-6E', 'Melvin', 'Jhon Melvin', 'Windows 10@amd64', '2017-10-13 21:46:40', 'EVALUATION_SYSTEM', 1),
	(1687, 1, '2017-10-13 21:48:08', '2017-10-13 22:00:08', '%192.168.254.151@40-2C-F4-04-E9-6E', 'Melvin', 'Jhon Melvin', 'Windows 10@amd64', '2017-10-13 21:59:20', 'EVALUATION_SYSTEM', 1),
	(1688, 1, '2017-10-13 22:01:05', '2017-10-13 22:04:06', '%192.168.254.151@40-2C-F4-04-E9-6E', 'Melvin', 'Jhon Melvin', 'Windows 10@amd64', '2017-10-13 22:03:23', 'EVALUATION_SYSTEM', 1),
	(1689, 1, '2017-10-13 22:04:40', '2017-10-13 22:06:10', '%192.168.254.151@40-2C-F4-04-E9-6E', 'Melvin', 'Jhon Melvin', 'Windows 10@amd64', '2017-10-13 22:05:23', 'EVALUATION_SYSTEM', 1),
	(1690, 1, '2017-10-13 22:05:56', '2017-10-13 22:07:26', '%192.168.254.151@40-2C-F4-04-E9-6E', 'Melvin', 'Jhon Melvin', 'Windows 10@amd64', '2017-10-13 22:06:50', 'EVALUATION_SYSTEM', 1),
	(1691, 1, '2017-10-13 22:07:35', '2017-10-13 22:09:35', '%192.168.254.151@40-2C-F4-04-E9-6E', 'Melvin', 'Jhon Melvin', 'Windows 10@amd64', '2017-10-13 22:08:48', 'EVALUATION_SYSTEM', 1),
	(1692, 1, '2017-10-13 22:14:36', '2017-10-13 22:16:36', '%192.168.254.151@40-2C-F4-04-E9-6E', 'Melvin', 'Jhon Melvin', 'Windows 10@amd64', '2017-10-13 22:15:59', 'EVALUATION_SYSTEM', 1),
	(1693, 1, '2017-10-13 22:16:30', '2017-10-13 22:17:31', '%192.168.254.151@40-2C-F4-04-E9-6E', 'Melvin', 'Jhon Melvin', 'Windows 10@amd64', '2017-10-13 22:16:54', 'EVALUATION_SYSTEM', 1),
	(1694, 1, '2017-10-13 22:18:13', '2017-10-13 22:19:44', '%192.168.254.151@40-2C-F4-04-E9-6E', 'Melvin', 'Jhon Melvin', 'Windows 10@amd64', '2017-10-13 22:19:13', 'EVALUATION_SYSTEM', 1),
	(1695, 1, '2017-10-13 22:46:19', '2017-10-13 22:48:19', '%192.168.254.151@40-2C-F4-04-E9-6E', 'Melvin', 'Jhon Melvin', 'Windows 10@amd64', '2017-10-13 22:47:48', 'EVALUATION_SYSTEM', 1),
	(1696, 1, '2017-10-13 22:52:11', '2017-10-13 23:27:11', '%192.168.254.151@40-2C-F4-04-E9-6E', 'Melvin', 'Jhon Melvin', 'Windows 10@amd64', '2017-10-13 23:26:27', 'EVALUATION_SYSTEM', 1),
	(1697, 1, '2017-10-14 02:40:55', '2017-10-14 02:43:25', '%192.168.254.151@40-2C-F4-04-E9-6E', 'Melvin', 'Jhon Melvin', 'Windows 10@amd64', '2017-10-14 02:42:34', 'EVALUATION_SYSTEM', 1),
	(1698, 1, '2017-10-14 02:57:48', '2017-10-14 03:01:48', '%192.168.254.151@40-2C-F4-04-E9-6E', 'Melvin', 'Jhon Melvin', 'Windows 10@amd64', '2017-10-14 03:00:56', 'EVALUATION_SYSTEM', 1),
	(1699, 1, '2017-10-14 03:01:50', '2017-10-14 03:03:20', '%192.168.254.151@40-2C-F4-04-E9-6E', 'Melvin', 'Jhon Melvin', 'Windows 10@amd64', '2017-10-14 03:02:36', 'EVALUATION_SYSTEM', 1),
	(1700, 1, '2017-10-14 03:03:17', '2017-10-14 03:06:47', '%192.168.254.151@40-2C-F4-04-E9-6E', 'Melvin', 'Jhon Melvin', 'Windows 10@amd64', '2017-10-14 03:05:53', 'EVALUATION_SYSTEM', 1),
	(1701, 1, '2017-10-14 17:13:51', '2017-10-14 17:21:51', '%192.168.254.151@40-2C-F4-04-E9-6E', 'Melvin', 'Jhon Melvin', 'Windows 10@amd64', '2017-10-14 17:20:51', 'EVALUATION_SYSTEM', 1),
	(1702, 1, '2017-10-14 17:21:38', '2017-10-14 17:28:39', '%192.168.254.151@40-2C-F4-04-E9-6E', 'Melvin', 'Jhon Melvin', 'Windows 10@amd64', '2017-10-14 17:27:41', 'EVALUATION_SYSTEM', 1),
	(1703, 1, '2017-10-14 17:28:11', '2017-10-14 17:30:42', '%192.168.254.151@40-2C-F4-04-E9-6E', 'Melvin', 'Jhon Melvin', 'Windows 10@amd64', '2017-10-14 17:29:50', 'EVALUATION_SYSTEM', 1),
	(1704, 1, '2017-10-14 17:31:47', '2017-10-14 17:52:18', '%192.168.254.151@40-2C-F4-04-E9-6E', 'Melvin', 'Jhon Melvin', 'Windows 10@amd64', '2017-10-14 17:51:24', 'EVALUATION_SYSTEM', 1),
	(1705, 1, '2017-10-14 20:04:22', '2017-10-14 20:05:52', '%192.168.254.151@40-2C-F4-04-E9-6E', 'Melvin', 'Jhon Melvin', 'Windows 10@amd64', '2017-10-14 20:05:18', 'EVALUATION_SYSTEM', 1),
	(1706, 1, '2017-10-14 20:05:44', '2017-10-14 20:09:14', '%192.168.254.151@40-2C-F4-04-E9-6E', 'Melvin', 'Jhon Melvin', 'Windows 10@amd64', '2017-10-14 20:08:21', 'EVALUATION_SYSTEM', 1),
	(1707, 1, '2017-10-14 20:08:48', '2017-10-14 20:14:18', '%192.168.254.151@40-2C-F4-04-E9-6E', 'Melvin', 'Jhon Melvin', 'Windows 10@amd64', '2017-10-14 20:13:44', 'EVALUATION_SYSTEM', 1),
	(1708, 1, '2017-10-14 20:14:15', '2017-10-14 20:15:45', '%192.168.254.151@40-2C-F4-04-E9-6E', 'Melvin', 'Jhon Melvin', 'Windows 10@amd64', '2017-10-14 20:14:59', 'EVALUATION_SYSTEM', 1),
	(1709, 1, '2017-10-14 20:15:53', '2017-10-14 20:17:23', '%192.168.254.151@40-2C-F4-04-E9-6E', 'Melvin', 'Jhon Melvin', 'Windows 10@amd64', '2017-10-14 20:16:47', 'EVALUATION_SYSTEM', 1),
	(1710, 1, '2017-10-14 20:17:11', '2017-10-14 20:18:12', '%192.168.254.151@40-2C-F4-04-E9-6E', 'Melvin', 'Jhon Melvin', 'Windows 10@amd64', '2017-10-14 20:17:29', 'EVALUATION_SYSTEM', 1),
	(1711, 1, '2017-10-14 20:18:33', '2017-10-14 20:19:34', '%192.168.254.151@40-2C-F4-04-E9-6E', 'Melvin', 'Jhon Melvin', 'Windows 10@amd64', '2017-10-14 20:18:48', 'EVALUATION_SYSTEM', 1),
	(1712, 1, '2017-10-14 20:19:57', '2017-10-14 20:20:57', '%192.168.254.151@40-2C-F4-04-E9-6E', 'Melvin', 'Jhon Melvin', 'Windows 10@amd64', '2017-10-14 20:20:14', 'EVALUATION_SYSTEM', 1),
	(1713, 1, '2017-10-14 20:37:23', '2017-10-14 20:38:54', '%192.168.254.151@40-2C-F4-04-E9-6E', 'Melvin', 'Jhon Melvin', 'Windows 10@amd64', '2017-10-14 20:38:15', 'EVALUATION_SYSTEM', 1),
	(1714, 1, '2017-10-14 20:41:18', '2017-10-14 20:44:18', '%192.168.254.151@40-2C-F4-04-E9-6E', 'Melvin', 'Jhon Melvin', 'Windows 10@amd64', '2017-10-14 20:43:30', 'EVALUATION_SYSTEM', 1),
	(1715, 1, '2017-10-14 20:43:53', '2017-10-14 20:47:24', '%192.168.254.151@40-2C-F4-04-E9-6E', 'Melvin', 'Jhon Melvin', 'Windows 10@amd64', '2017-10-14 20:46:32', 'EVALUATION_SYSTEM', 1),
	(1716, 1, '2017-10-14 20:46:53', '2017-10-14 20:47:54', '%192.168.254.151@40-2C-F4-04-E9-6E', 'Melvin', 'Jhon Melvin', 'Windows 10@amd64', '2017-10-14 20:47:20', 'EVALUATION_SYSTEM', 1),
	(1717, 1, '2017-10-14 20:50:16', '2017-10-14 20:54:16', '%192.168.254.151@40-2C-F4-04-E9-6E', 'Melvin', 'Jhon Melvin', 'Windows 10@amd64', '2017-10-14 20:53:45', 'EVALUATION_SYSTEM', 1),
	(1718, 1, '2017-10-14 20:54:14', '2017-10-14 20:55:44', '%192.168.254.151@40-2C-F4-04-E9-6E', 'Melvin', 'Jhon Melvin', 'Windows 10@amd64', '2017-10-14 20:55:05', 'EVALUATION_SYSTEM', 1),
	(1719, 1, '2017-10-15 01:06:48', '2017-10-15 01:08:18', '%192.168.254.151@40-2C-F4-04-E9-6E', 'Melvin', 'Jhon Melvin', 'Windows 10@amd64', '2017-10-15 01:07:43', 'EVALUATION_SYSTEM', 1),
	(1720, 1, '2017-10-15 01:16:21', '2017-10-15 01:17:51', '%192.168.254.151@40-2C-F4-04-E9-6E', 'Melvin', 'Jhon Melvin', 'Windows 10@amd64', '2017-10-15 01:16:51', 'EVALUATION_SYSTEM', 1),
	(1721, 1, '2017-10-15 01:20:47', '2017-10-15 01:25:47', '%192.168.254.151@40-2C-F4-04-E9-6E', 'Melvin', 'Jhon Melvin', 'Windows 10@amd64', '2017-10-15 01:24:50', 'EVALUATION_SYSTEM', 1),
	(1722, 1, '2017-10-15 02:28:52', '2017-10-15 02:35:22', '%192.168.254.151@40-2C-F4-04-E9-6E', 'Melvin', 'Jhon Melvin', 'Windows 10@amd64', '2017-10-15 02:34:31', 'EVALUATION_SYSTEM', 1),
	(1723, 1, '2017-10-15 02:35:01', '2017-10-15 02:36:31', '%192.168.254.151@40-2C-F4-04-E9-6E', 'Melvin', 'Jhon Melvin', 'Windows 10@amd64', '2017-10-15 02:35:54', 'EVALUATION_SYSTEM', 1),
	(1724, 1, '2017-10-15 02:41:15', '2017-10-15 02:48:15', '%192.168.254.151@40-2C-F4-04-E9-6E', 'Melvin', 'Jhon Melvin', 'Windows 10@amd64', '2017-10-15 02:47:28', 'EVALUATION_SYSTEM', 1),
	(1725, 1, '2017-10-15 02:50:14', '2017-10-15 02:52:44', '%192.168.254.151@40-2C-F4-04-E9-6E', 'Melvin', 'Jhon Melvin', 'Windows 10@amd64', '2017-10-15 02:51:46', 'EVALUATION_SYSTEM', 1),
	(1726, 1, '2017-10-15 16:09:30', '2017-10-15 16:11:01', '%192.168.254.151@40-2C-F4-04-E9-6E', 'Melvin', 'Jhon Melvin', 'Windows 10@amd64', '2017-10-15 16:10:05', 'EVALUATION_SYSTEM', 1),
	(1727, 1, '2017-10-15 16:10:40', '2017-10-15 16:16:10', '%192.168.254.151@40-2C-F4-04-E9-6E', 'Melvin', 'Jhon Melvin', 'Windows 10@amd64', '2017-10-15 16:15:30', 'EVALUATION_SYSTEM', 1),
	(1728, 1, '2017-10-15 19:36:40', '2017-10-15 19:58:10', '%192.168.254.151@40-2C-F4-04-E9-6E', 'Melvin', 'Jhon Melvin', 'Windows 10@amd64', '2017-10-15 19:57:30', 'EVALUATION_SYSTEM', 1),
	(1729, 1, '2017-10-15 19:59:47', '2017-10-15 20:05:47', '%192.168.254.151@40-2C-F4-04-E9-6E', 'Melvin', 'Jhon Melvin', 'Windows 10@amd64', '2017-10-15 20:05:11', 'EVALUATION_SYSTEM', 1),
	(1730, 1, '2017-10-15 20:29:18', '2017-10-15 20:31:18', '%192.168.254.151@40-2C-F4-04-E9-6E', 'Melvin', 'Jhon Melvin', 'Windows 10@amd64', '2017-10-15 20:30:29', 'EVALUATION_SYSTEM', 1),
	(1731, 1, '2017-10-15 20:33:34', '2017-10-15 20:36:04', '%192.168.254.151@40-2C-F4-04-E9-6E', 'Melvin', 'Jhon Melvin', 'Windows 10@amd64', '2017-10-15 20:35:28', 'EVALUATION_SYSTEM', 1),
	(1732, 1, '2017-10-15 20:47:56', '2017-10-15 20:54:26', '%192.168.254.151@40-2C-F4-04-E9-6E', 'Melvin', 'Jhon Melvin', 'Windows 10@amd64', '2017-10-15 20:53:53', 'EVALUATION_SYSTEM', 1),
	(1733, 2, '2017-10-15 21:27:07', '2017-10-15 21:28:07', '%192.168.254.151@40-2C-F4-04-E9-6E', 'Melvin', 'Jhon Melvin', 'Windows 10@amd64', '2017-10-15 21:27:26', 'EVALUATION_SYSTEM', 1),
	(1734, 1, '2017-10-15 21:27:31', '2017-10-15 21:41:01', '%192.168.254.151@40-2C-F4-04-E9-6E', 'Melvin', 'Jhon Melvin', 'Windows 10@amd64', '2017-10-15 21:40:19', 'EVALUATION_SYSTEM', 1),
	(1735, 1, '2017-10-15 21:50:44', '2017-10-15 21:53:14', '%192.168.254.151@40-2C-F4-04-E9-6E', 'Melvin', 'Jhon Melvin', 'Windows 10@amd64', '2017-10-15 21:52:41', 'EVALUATION_SYSTEM', 1),
	(1736, 1, '2017-10-15 22:08:33', '2017-10-16 00:04:03', '%192.168.254.151@40-2C-F4-04-E9-6E', 'Melvin', 'Jhon Melvin', 'Windows 10@amd64', '2017-10-16 00:03:06', 'EVALUATION_SYSTEM', 1),
	(1737, 1, '2017-10-16 01:23:47', '2017-10-16 01:25:17', '%192.168.254.151@40-2C-F4-04-E9-6E', 'Melvin', 'Jhon Melvin', 'Windows 10@amd64', '2017-10-16 01:24:27', 'EVALUATION_SYSTEM', 1),
	(1738, 1, '2017-10-16 01:24:54', '2017-10-16 01:27:55', '%192.168.254.151@40-2C-F4-04-E9-6E', 'Melvin', 'Jhon Melvin', 'Windows 10@amd64', '2017-10-16 01:27:04', 'EVALUATION_SYSTEM', 1),
	(1739, 1, '2017-10-16 01:28:00', '2017-10-16 01:29:01', '%192.168.254.151@40-2C-F4-04-E9-6E', 'Melvin', 'Jhon Melvin', 'Windows 10@amd64', '2017-10-16 01:28:18', 'EVALUATION_SYSTEM', 1),
	(1740, 1, '2017-10-16 01:33:58', '2017-10-16 01:35:58', '%192.168.254.151@40-2C-F4-04-E9-6E', 'Melvin', 'Jhon Melvin', 'Windows 10@amd64', '2017-10-16 01:35:01', 'EVALUATION_SYSTEM', 1),
	(1741, 1, '2017-10-16 01:39:02', '2017-10-16 01:43:02', '%192.168.254.151@40-2C-F4-04-E9-6E', 'Melvin', 'Jhon Melvin', 'Windows 10@amd64', '2017-10-16 01:42:25', 'EVALUATION_SYSTEM', 1),
	(1742, 1, '2017-10-16 01:47:56', '2017-10-16 01:48:57', '%192.168.254.151@40-2C-F4-04-E9-6E', 'Melvin', 'Jhon Melvin', 'Windows 10@amd64', '2017-10-16 01:48:00', 'EVALUATION_SYSTEM', 1),
	(1743, 1, '2017-10-16 01:48:27', '2017-10-16 01:49:27', '%192.168.254.151@40-2C-F4-04-E9-6E', 'Melvin', 'Jhon Melvin', 'Windows 10@amd64', '2017-10-16 01:48:52', 'EVALUATION_SYSTEM', 1),
	(1744, 1, '2017-10-16 01:49:20', '2017-10-16 01:56:20', '%192.168.254.151@40-2C-F4-04-E9-6E', 'Melvin', 'Jhon Melvin', 'Windows 10@amd64', '2017-10-16 01:55:33', 'EVALUATION_SYSTEM', 1),
	(1745, 1, '2017-10-16 01:56:03', '2017-10-16 01:57:34', '%192.168.254.151@40-2C-F4-04-E9-6E', 'Melvin', 'Jhon Melvin', 'Windows 10@amd64', '2017-10-16 01:56:36', 'EVALUATION_SYSTEM', 1),
	(1746, 1, '2017-10-16 02:01:50', '2017-10-16 02:04:50', '%192.168.254.151@40-2C-F4-04-E9-6E', 'Melvin', 'Jhon Melvin', 'Windows 10@amd64', '2017-10-16 02:04:19', 'EVALUATION_SYSTEM', 1),
	(1747, 2, '2017-10-16 02:04:25', '2017-10-16 02:05:55', '%192.168.254.151@40-2C-F4-04-E9-6E', 'Melvin', 'Jhon Melvin', 'Windows 10@amd64', '2017-10-16 02:05:03', 'EVALUATION_SYSTEM', 1),
	(1748, 1, '2017-10-16 02:05:07', '2017-10-16 02:07:37', '%192.168.254.151@40-2C-F4-04-E9-6E', 'Melvin', 'Jhon Melvin', 'Windows 10@amd64', '2017-10-16 02:07:03', 'EVALUATION_SYSTEM', 1),
	(1749, 1, '2017-10-16 04:15:55', '2017-10-16 04:35:55', '%192.168.254.151@40-2C-F4-04-E9-6E', 'Melvin', 'Jhon Melvin', 'Windows 10@amd64', '2017-10-16 04:35:15', 'EVALUATION_SYSTEM', 1),
	(1750, 1, '2017-10-16 04:43:26', '2017-10-16 04:56:26', '%192.168.254.151@40-2C-F4-04-E9-6E', 'Melvin', 'Jhon Melvin', 'Windows 10@amd64', '2017-10-16 04:55:32', 'EVALUATION_SYSTEM', 1),
	(1751, 1, '2017-10-16 04:55:59', '2017-10-16 04:57:29', '%192.168.254.151@40-2C-F4-04-E9-6E', 'Melvin', 'Jhon Melvin', 'Windows 10@amd64', '2017-10-16 04:56:37', 'EVALUATION_SYSTEM', 1),
	(1752, 1, '2017-10-16 04:57:32', '2017-10-16 04:58:33', '%192.168.254.151@40-2C-F4-04-E9-6E', 'Melvin', 'Jhon Melvin', 'Windows 10@amd64', '2017-10-16 04:57:54', 'EVALUATION_SYSTEM', 1),
	(1753, 1, '2017-10-16 05:00:05', '2017-10-16 05:01:35', '%192.168.254.151@40-2C-F4-04-E9-6E', 'Melvin', 'Jhon Melvin', 'Windows 10@amd64', '2017-10-16 05:00:38', 'EVALUATION_SYSTEM', 1),
	(1754, 1, '2017-10-16 05:27:55', '2017-10-16 05:30:55', '%192.168.254.151@40-2C-F4-04-E9-6E', 'Melvin', 'Jhon Melvin', 'Windows 10@amd64', '2017-10-16 05:30:08', 'EVALUATION_SYSTEM', 1),
	(1755, 1, '2017-10-16 05:30:35', '2017-10-16 05:34:35', '%192.168.254.151@40-2C-F4-04-E9-6E', 'Melvin', 'Jhon Melvin', 'Windows 10@amd64', '2017-10-16 05:33:49', 'EVALUATION_SYSTEM', 1),
	(1756, 1, '2017-10-16 12:39:19', '2017-10-16 12:40:49', '%192.168.254.151@40-2C-F4-04-E9-6E', 'Melvin', 'Jhon Melvin', 'Windows 10@amd64', '2017-10-16 12:39:54', 'EVALUATION_SYSTEM', 1),
	(1757, 1, '2017-10-16 12:40:39', '2017-10-16 12:41:39', '%192.168.254.151@40-2C-F4-04-E9-6E', 'Melvin', 'Jhon Melvin', 'Windows 10@amd64', '2017-10-16 12:41:05', 'EVALUATION_SYSTEM', 1),
	(1758, 1, '2017-10-16 12:46:42', '2017-10-16 12:47:42', '%192.168.254.151@40-2C-F4-04-E9-6E', 'Melvin', 'Jhon Melvin', 'Windows 10@amd64', '2017-10-16 12:47:08', 'EVALUATION_SYSTEM', 1),
	(1759, 1, '2017-10-16 17:59:01', '2017-10-16 18:00:31', '%192.168.254.151@40-2C-F4-04-E9-6E', 'Melvin', 'Jhon Melvin', 'Windows 10@amd64', '2017-10-16 17:59:32', 'EVALUATION_SYSTEM', 1),
	(1760, 1, '2017-10-16 18:01:27', '2017-10-16 18:11:27', '%192.168.254.151@40-2C-F4-04-E9-6E', 'Melvin', 'Jhon Melvin', 'Windows 10@amd64', '2017-10-16 18:10:49', 'EVALUATION_SYSTEM', 1),
	(1761, 1, '2017-10-16 18:13:30', '2017-10-16 18:14:31', '%192.168.254.151@40-2C-F4-04-E9-6E', 'Melvin', 'Jhon Melvin', 'Windows 10@amd64', '2017-10-16 18:13:53', 'EVALUATION_SYSTEM', 1),
	(1762, 1, '2017-10-16 18:15:13', '2017-10-16 18:21:43', '%192.168.254.151@40-2C-F4-04-E9-6E', 'Melvin', 'Jhon Melvin', 'Windows 10@amd64', '2017-10-16 18:20:59', 'EVALUATION_SYSTEM', 1),
	(1763, 1, '2017-10-16 18:28:55', '2017-10-16 18:31:55', '%192.168.254.151@40-2C-F4-04-E9-6E', 'Melvin', 'Jhon Melvin', 'Windows 10@amd64', '2017-10-16 18:31:00', 'EVALUATION_SYSTEM', 1),
	(1764, 1, '2017-10-16 19:33:18', '2017-10-16 19:34:48', '%192.168.254.151@40-2C-F4-04-E9-6E', 'Melvin', 'Jhon Melvin', 'Windows 10@amd64', '2017-10-16 19:34:11', 'EVALUATION_SYSTEM', 1),
	(1765, 1, '2017-10-16 19:37:17', '2017-10-16 19:38:47', '%192.168.254.151@40-2C-F4-04-E9-6E', 'Melvin', 'Jhon Melvin', 'Windows 10@amd64', '2017-10-16 19:37:53', 'EVALUATION_SYSTEM', 1),
	(1766, 1, '2017-10-16 19:48:41', '2017-10-16 19:51:41', '%192.168.254.151@40-2C-F4-04-E9-6E', 'Melvin', 'Jhon Melvin', 'Windows 10@amd64', '2017-10-16 19:51:11', 'EVALUATION_SYSTEM', 1);
/*!40000 ALTER TABLE `account_faculty_session` ENABLE KEYS */;

-- Dumping structure for table cictems.account_student
CREATE TABLE IF NOT EXISTS `account_student` (
  `id` int(11) NOT NULL AUTO_INCREMENT,
  `STUDENT_id` int(11) DEFAULT NULL,
  `username` varchar(50) COLLATE utf8_unicode_ci DEFAULT NULL,
  `password` varchar(50) COLLATE utf8_unicode_ci DEFAULT NULL,
  `recovery_question` varchar(100) COLLATE utf8_unicode_ci DEFAULT NULL,
  `recovery_answer` varchar(100) COLLATE utf8_unicode_ci DEFAULT NULL,
  `access_level` varchar(100) COLLATE utf8_unicode_ci DEFAULT 'STUDENT',
  `affiliates` varchar(100) COLLATE utf8_unicode_ci DEFAULT 'NONE',
  `state` int(11) DEFAULT '0',
  `tries` int(11) DEFAULT '0' COMMENT 'same as faculty wrong count',
  `blocked_until` datetime DEFAULT NULL,
  `active` int(11) DEFAULT '1',
  PRIMARY KEY (`id`),
  UNIQUE KEY `username` (`username`),
  UNIQUE KEY `STUDENT_id` (`STUDENT_id`),
  CONSTRAINT `acc_student_fk_from_student_id` FOREIGN KEY (`STUDENT_id`) REFERENCES `student` (`cict_id`)
) ENGINE=InnoDB AUTO_INCREMENT=27 DEFAULT CHARSET=utf8 COLLATE=utf8_unicode_ci;

-- Dumping data for table cictems.account_student: ~4 rows (approximately)
/*!40000 ALTER TABLE `account_student` DISABLE KEYS */;
INSERT INTO `account_student` (`id`, `STUDENT_id`, `username`, `password`, `recovery_question`, `recovery_answer`, `access_level`, `affiliates`, `state`, `tries`, `blocked_until`, `active`) VALUES
	(22, 57, 'jhmvin', '123456', 'What was the name of the street you lived in as a child?', 'LGONZALES', 'STUDENT', 'NONE', 0, 0, NULL, 1),
	(24, 59, 'jlnclsmrc', '123456', 'What primary school did you attend?', 'heyheyhey', 'ORGANIZATIONAL', 'NONE', 0, 0, NULL, 1),
	(25, 61, 'jhmvin1233', '123456', 'What are the last six digits of your Student ID?', '111111', 'STUDENT', 'NONE', 0, 0, NULL, 1),
	(26, 58, 'arlealyn', '123456', 'What was the name of the street you lived in as a child?', 'sesame street', 'STUDENT', 'NONE', 0, 0, NULL, 1);
/*!40000 ALTER TABLE `account_student` ENABLE KEYS */;

-- Dumping structure for table cictems.curriculum
CREATE TABLE IF NOT EXISTS `curriculum` (
  `id` int(30) NOT NULL AUTO_INCREMENT,
  `ACADPROG_id` int(30) DEFAULT NULL,
  `major` varchar(50) COLLATE utf8_unicode_ci DEFAULT NULL,
  `name` varchar(50) COLLATE utf8_unicode_ci DEFAULT NULL,
  `description` varchar(50) COLLATE utf8_unicode_ci DEFAULT 'NO DESCRIPTION',
  `ladderization` varchar(50) COLLATE utf8_unicode_ci DEFAULT NULL,
  `ladderization_type` varchar(50) COLLATE utf8_unicode_ci DEFAULT NULL,
  `study_years` int(11) DEFAULT NULL,
  `created_date` datetime DEFAULT CURRENT_TIMESTAMP,
  `created_by` int(11) DEFAULT NULL,
  `updated_date` datetime DEFAULT NULL,
  `updated_by` int(11) DEFAULT NULL,
  `removed_date` datetime DEFAULT NULL,
  `removed_by` int(11) DEFAULT NULL,
  `implemented` tinyint(4) DEFAULT '0',
  `implementation_date` datetime DEFAULT NULL,
  `implemented_by` int(11) DEFAULT NULL,
  `active` int(11) NOT NULL DEFAULT '1',
  PRIMARY KEY (`id`),
  KEY `curriculum_fk_from_academic_program_id` (`ACADPROG_id`),
  KEY `curriculum_fk_created_by` (`created_by`),
  KEY `curriculum_fk_removed_by` (`removed_by`),
  KEY `curriculum_fk_implemented_by` (`implemented_by`),
  KEY `curriculum_fk_updated_by` (`updated_by`),
  CONSTRAINT `curriculum_fk_created_by` FOREIGN KEY (`created_by`) REFERENCES `faculty` (`id`),
  CONSTRAINT `curriculum_fk_from_academic_program_id` FOREIGN KEY (`ACADPROG_id`) REFERENCES `academic_program` (`id`),
  CONSTRAINT `curriculum_fk_implemented_by` FOREIGN KEY (`implemented_by`) REFERENCES `faculty` (`id`),
  CONSTRAINT `curriculum_fk_removed_by` FOREIGN KEY (`removed_by`) REFERENCES `faculty` (`id`),
  CONSTRAINT `curriculum_fk_updated_by` FOREIGN KEY (`updated_by`) REFERENCES `faculty` (`id`)
) ENGINE=InnoDB AUTO_INCREMENT=11 DEFAULT CHARSET=utf8 COLLATE=utf8_unicode_ci;

-- Dumping data for table cictems.curriculum: ~5 rows (approximately)
/*!40000 ALTER TABLE `curriculum` DISABLE KEYS */;
INSERT INTO `curriculum` (`id`, `ACADPROG_id`, `major`, `name`, `description`, `ladderization`, `ladderization_type`, `study_years`, `created_date`, `created_by`, `updated_date`, `updated_by`, `removed_date`, `removed_by`, `implemented`, `implementation_date`, `implemented_by`, `active`) VALUES
	(6, 4, 'NONE', 'ACT (15-16)', 'NO DESCRIPTION', 'YES', 'PREPARATORY', 2, '2017-09-06 14:19:06', 4, NULL, NULL, NULL, NULL, 0, NULL, NULL, 1),
	(7, 5, 'NONE', 'BSIT NEW', 'NO DESCRIPTION', 'NO', 'NONE', 4, '2017-09-06 14:19:54', 3, NULL, NULL, NULL, NULL, 0, NULL, NULL, 1),
	(8, 6, 'SAMPLE', 'SAMPLE', 'SAMPLE', 'NO', 'NONE', 4, '2017-09-09 12:02:00', 1, '2017-09-09 12:56:07', NULL, NULL, NULL, 0, NULL, NULL, 0),
	(9, 5, 'NONE', 'BSIT OLD', 'S.Y. 2011-2012', 'NO', 'NONE', 4, '2017-09-23 18:13:06', 3, NULL, NULL, NULL, NULL, 0, NULL, NULL, 1),
	(10, 7, 'COMPUTER TECHNOLOGY', 'BITCT', 'BACHELOR IN INDUSTRIAL TECHNOLOGY', 'NO', 'NONE', 4, '2017-09-23 20:54:17', 3, NULL, NULL, NULL, NULL, 0, NULL, NULL, 1);
/*!40000 ALTER TABLE `curriculum` ENABLE KEYS */;

-- Dumping structure for table cictems.curriculum_history
CREATE TABLE IF NOT EXISTS `curriculum_history` (
  `history_id` int(11) NOT NULL AUTO_INCREMENT,
  `CURRICULUM_id` int(11) DEFAULT NULL,
  `major` varchar(50) COLLATE utf8_unicode_ci DEFAULT NULL,
  `name` varchar(50) COLLATE utf8_unicode_ci DEFAULT NULL,
  `description` varchar(50) COLLATE utf8_unicode_ci DEFAULT NULL,
  `ladderization` varchar(50) COLLATE utf8_unicode_ci DEFAULT NULL,
  `ladderization_type` varchar(50) COLLATE utf8_unicode_ci DEFAULT NULL,
  `study_years` int(11) DEFAULT NULL,
  `created_date` datetime DEFAULT NULL,
  `created_by` int(11) DEFAULT NULL,
  `updated_date` datetime DEFAULT NULL,
  `updated_by` int(11) DEFAULT NULL,
  `removed_date` datetime DEFAULT NULL,
  `removed_by` int(11) DEFAULT NULL,
  `implemented` int(11) DEFAULT NULL,
  `implementation_date` datetime DEFAULT NULL,
  `implemented_by` int(11) DEFAULT NULL,
  `active` int(11) NOT NULL DEFAULT '1',
  PRIMARY KEY (`history_id`)
) ENGINE=InnoDB DEFAULT CHARSET=utf8 COLLATE=utf8_unicode_ci;

-- Dumping data for table cictems.curriculum_history: ~0 rows (approximately)
/*!40000 ALTER TABLE `curriculum_history` DISABLE KEYS */;
/*!40000 ALTER TABLE `curriculum_history` ENABLE KEYS */;

-- Dumping structure for table cictems.curriculum_history_summary
CREATE TABLE IF NOT EXISTS `curriculum_history_summary` (
  `history_id` int(11) NOT NULL AUTO_INCREMENT,
  `curriculum_id` int(11) DEFAULT NULL,
  `description` varchar(300) COLLATE utf8_unicode_ci DEFAULT NULL,
  `created_by` int(11) DEFAULT NULL,
  `created_date` datetime DEFAULT CURRENT_TIMESTAMP,
  `active` tinyint(4) DEFAULT '1',
  PRIMARY KEY (`history_id`),
  KEY `cur_history_fk_curriculum_id` (`curriculum_id`),
  KEY `cur_history_fk_faculty` (`created_by`),
  CONSTRAINT `cur_history_fk_curriculum_id` FOREIGN KEY (`curriculum_id`) REFERENCES `curriculum` (`id`),
  CONSTRAINT `cur_history_fk_faculty` FOREIGN KEY (`created_by`) REFERENCES `faculty` (`id`)
) ENGINE=InnoDB AUTO_INCREMENT=189 DEFAULT CHARSET=utf8 COLLATE=utf8_unicode_ci;

-- Dumping data for table cictems.curriculum_history_summary: ~188 rows (approximately)
/*!40000 ALTER TABLE `curriculum_history_summary` DISABLE KEYS */;
INSERT INTO `curriculum_history_summary` (`history_id`, `curriculum_id`, `description`, `created_by`, `created_date`, `active`) VALUES
	(1, 8, 'CHANGE NAME OF CURRICULUM SAMPLE [ID-8]', 1, '2017-09-09 12:53:30', 1),
	(2, 8, 'CHANGE NAME', NULL, '2017-09-09 12:53:56', 1),
	(3, 8, 'REMOVE PRE REQUISITE MATH 113[ID-10] FOR SUBJECT MATH 223 []ID-23]  FROM CURRICULUM SAMPLE [ID-14] SECOND SEMESTER', NULL, '2017-09-09 12:55:44', 1),
	(4, 8, 'ADDED SUBJECT MATH 113[ID-25]  SECOND SEMESTERCURRICULUM', NULL, '2017-09-09 13:25:33', 1),
	(5, 7, 'ADDED SUBJECT [ID:202] ACT 223 TO SECOND YEAR-SECOND SEMESTER', 3, '2017-09-23 11:01:32', 1),
	(6, 7, 'REMOVED SUBJECT [ID:140] ACT 223 FROM SECOND YEAR-SECOND SEMESTER', 3, '2017-09-23 11:00:41', 1),
	(7, 7, 'ADDED PRE-REQUISITE [ID:133] ACT 233 FOR [ID:202] ACT 223 FROM SECOND YEAR-SECOND SEMESTER', 3, '2017-09-23 11:03:44', 1),
	(8, 7, 'ADDED PRE-REQUISITE [ID:172] ACT 213 FOR [ID:202] ACT 223 FROM SECOND YEAR-SECOND SEMESTER', 3, '2017-09-23 11:03:44', 1),
	(9, 7, 'ADDED CO-REQUISITE [ID:177] IT 333 FOR [ID:157] IT 373 FROM THIRD YEAR-FIRST SEMESTER', 3, '2017-09-23 11:04:43', 1),
	(10, 7, 'ADDED PRE-REQUISITE [ID:164] IT 363 FOR [ID:186] IT 413 FROM FOURTH YEAR-FIRST SEMESTER', 3, '2017-09-23 11:44:03', 1),
	(11, 7, 'ADDED PRE-REQUISITE [ID:165] IT 383 FOR [ID:186] IT 413 FROM FOURTH YEAR-FIRST SEMESTER', 3, '2017-09-23 11:44:03', 1),
	(12, 7, 'ADDED PRE-REQUISITE [ID:166] CAPS 01 FOR [ID:169] CAPS 02 FROM FOURTH YEAR-FIRST SEMESTER', 3, '2017-09-23 11:44:26', 1),
	(13, 7, 'ADDED PRE-REQUISITE [ID:167] FREL 02 FOR [ID:188] FREL 03 FROM FOURTH YEAR-FIRST SEMESTER', 3, '2017-09-23 11:44:38', 1),
	(14, 6, 'ADDED CO-REQUISITE [ID:147] ACT 123 FOR [ID:126] ACT 143 FROM FIRST YEAR-SECOND SEMESTER', 3, '2017-09-23 14:25:58', 1),
	(15, 9, 'ADDED SUBJECT [ID:190] COMP 113 TO FIRST YEAR-SECOND SEMESTER', 3, '2017-09-23 18:13:50', 1),
	(16, 9, 'ADDED SUBJECT [ID:191] IT 113 TO FIRST YEAR-SECOND SEMESTER', 3, '2017-09-23 18:13:50', 1),
	(17, 9, 'ADDED SUBJECT [ID:192] IT 133 TO FIRST YEAR-SECOND SEMESTER', 3, '2017-09-23 18:13:50', 1),
	(18, 9, 'ADDED SUBJECT [ID:113] MATH 113 TO FIRST YEAR-SECOND SEMESTER', 3, '2017-09-23 18:13:50', 1),
	(19, 9, 'ADDED SUBJECT [ID:194] ENG 113 TO FIRST YEAR-SECOND SEMESTER', 3, '2017-09-23 18:13:50', 1),
	(20, 9, 'ADDED SUBJECT [ID:193] SCI 113 TO FIRST YEAR-SECOND SEMESTER', 3, '2017-09-23 18:13:50', 1),
	(21, 9, 'ADDED SUBJECT [ID:203] FIL 113 TO FIRST YEAR-SECOND SEMESTER', 3, '2017-09-23 18:13:50', 1),
	(22, 9, 'ADDED SUBJECT [ID:114] SOCSCI 113 TO FIRST YEAR-SECOND SEMESTER', 3, '2017-09-23 18:13:50', 1),
	(23, 9, 'ADDED SUBJECT [ID:196] PE 112 TO FIRST YEAR-SECOND SEMESTER', 3, '2017-09-23 18:13:50', 1),
	(24, 9, 'ADDED SUBJECT [ID:119] NSTP 1 TO FIRST YEAR-SECOND SEMESTER', 3, '2017-09-23 18:13:50', 1),
	(25, 9, 'ADDED SUBJECT [ID:197] COMP 123 TO FIRST YEAR-SECOND SEMESTER', 3, '2017-09-23 18:19:13', 1),
	(26, 9, 'ADDED SUBJECT [ID:198] IT 123 TO FIRST YEAR-SECOND SEMESTER', 3, '2017-09-23 18:19:13', 1),
	(27, 9, 'ADDED SUBJECT [ID:199] IT 143 TO FIRST YEAR-SECOND SEMESTER', 3, '2017-09-23 18:19:13', 1),
	(28, 9, 'ADDED SUBJECT [ID:121] MATH 123 TO FIRST YEAR-SECOND SEMESTER', 3, '2017-09-23 18:19:13', 1),
	(29, 9, 'ADDED SUBJECT [ID:120] ENG 123 TO FIRST YEAR-SECOND SEMESTER', 3, '2017-09-23 18:19:13', 1),
	(30, 9, 'ADDED SUBJECT [ID:204] SCI 123 TO FIRST YEAR-SECOND SEMESTER', 3, '2017-09-23 18:19:13', 1),
	(31, 9, 'ADDED SUBJECT [ID:201] FIL 123 TO FIRST YEAR-SECOND SEMESTER', 3, '2017-09-23 18:19:13', 1),
	(32, 9, 'ADDED SUBJECT [ID:205] PSYCHO 123 TO FIRST YEAR-SECOND SEMESTER', 3, '2017-09-23 18:19:13', 1),
	(33, 9, 'ADDED SUBJECT [ID:129] NSTP 2 TO FIRST YEAR-SECOND SEMESTER', 3, '2017-09-23 18:19:13', 1),
	(34, 9, 'ADDED SUBJECT [ID:206] PE 122 TO FIRST YEAR-SECOND SEMESTER', 3, '2017-09-23 18:27:24', 1),
	(35, 9, 'ADDED SUBJECT [ID:207] IT 213 TO SECOND YEAR-FIRST SEMESTER', 3, '2017-09-23 18:27:44', 1),
	(36, 9, 'ADDED SUBJECT [ID:208] IT 233 TO SECOND YEAR-FIRST SEMESTER', 3, '2017-09-23 18:27:44', 1),
	(37, 9, 'ADDED SUBJECT [ID:209] IT 253 TO SECOND YEAR-FIRST SEMESTER', 3, '2017-09-23 18:27:44', 1),
	(38, 9, 'ADDED SUBJECT [ID:210] IT 273 TO SECOND YEAR-FIRST SEMESTER', 3, '2017-09-23 18:27:44', 1),
	(39, 9, 'ADDED SUBJECT [ID:211] IT 293 TO SECOND YEAR-FIRST SEMESTER', 3, '2017-09-23 18:27:44', 1),
	(40, 9, 'ADDED SUBJECT [ID:212] ENG 213 TO SECOND YEAR-FIRST SEMESTER', 3, '2017-09-23 18:27:44', 1),
	(41, 9, 'ADDED SUBJECT [ID:213] SOCSCI 213 TO SECOND YEAR-FIRST SEMESTER', 3, '2017-09-23 18:27:44', 1),
	(42, 9, 'ADDED SUBJECT [ID:214] LIT 213 TO SECOND YEAR-FIRST SEMESTER', 3, '2017-09-23 18:27:44', 1),
	(43, 9, 'ADDED SUBJECT [ID:215] PE 212 TO SECOND YEAR-FIRST SEMESTER', 3, '2017-09-23 18:27:44', 1),
	(44, 9, 'ADDED SUBJECT [ID:216] IT 223 TO SECOND YEAR-SECOND SEMESTER', 3, '2017-09-23 18:34:48', 1),
	(45, 9, 'ADDED SUBJECT [ID:217] IT 243 TO SECOND YEAR-SECOND SEMESTER', 3, '2017-09-23 18:34:48', 1),
	(46, 9, 'ADDED SUBJECT [ID:218] IT 263 TO SECOND YEAR-SECOND SEMESTER', 3, '2017-09-23 18:34:48', 1),
	(47, 9, 'ADDED SUBJECT [ID:219] IT 283 TO SECOND YEAR-SECOND SEMESTER', 3, '2017-09-23 18:34:48', 1),
	(48, 9, 'ADDED SUBJECT [ID:220] ACC 223 TO SECOND YEAR-SECOND SEMESTER', 3, '2017-09-23 18:34:48', 1),
	(49, 9, 'ADDED SUBJECT [ID:221] SOCSCI 223 TO SECOND YEAR-SECOND SEMESTER', 3, '2017-09-23 18:43:55', 1),
	(50, 9, 'ADDED SUBJECT [ID:223] MATH 223 TO SECOND YEAR-SECOND SEMESTER', 3, '2017-09-23 18:43:55', 1),
	(51, 9, 'ADDED SUBJECT [ID:224] PHILO 223 TO SECOND YEAR-SECOND SEMESTER', 3, '2017-09-23 18:43:55', 1),
	(52, 9, 'ADDED SUBJECT [ID:225] PE 222 TO SECOND YEAR-SECOND SEMESTER', 3, '2017-09-23 18:43:55', 1),
	(53, 9, 'ADDED SUBJECT [ID:226] IT 313 TO THIRD YEAR-FIRST SEMESTER', 3, '2017-09-23 19:13:35', 1),
	(54, 9, 'ADDED SUBJECT [ID:227] IT 333 TO THIRD YEAR-FIRST SEMESTER', 3, '2017-09-23 19:13:35', 1),
	(55, 9, 'ADDED SUBJECT [ID:228] IT 353 TO THIRD YEAR-FIRST SEMESTER', 3, '2017-09-23 19:13:35', 1),
	(56, 9, 'ADDED SUBJECT [ID:229] IT 373 TO THIRD YEAR-FIRST SEMESTER', 3, '2017-09-23 19:13:35', 1),
	(57, 9, 'ADDED SUBJECT [ID:230] IT 393 TO THIRD YEAR-FIRST SEMESTER', 3, '2017-09-23 19:13:35', 1),
	(58, 9, 'ADDED SUBJECT [ID:231] FREL 01 TO THIRD YEAR-FIRST SEMESTER', 3, '2017-09-23 19:13:35', 1),
	(59, 9, 'ADDED SUBJECT [ID:232] HUM 313 TO THIRD YEAR-FIRST SEMESTER', 3, '2017-09-23 19:20:09', 1),
	(60, 9, 'ADDED SUBJECT [ID:233] SOCSCI 313 TO THIRD YEAR-FIRST SEMESTER', 3, '2017-09-23 19:20:09', 1),
	(61, 9, 'ADDED SUBJECT [ID:234] IT 323 TO THIRD YEAR-SECOND SEMESTER', 3, '2017-09-23 19:52:45', 1),
	(62, 9, 'ADDED SUBJECT [ID:235] IT 343 TO THIRD YEAR-SECOND SEMESTER', 3, '2017-09-23 19:52:45', 1),
	(63, 9, 'ADDED SUBJECT [ID:236] IT 363 TO THIRD YEAR-SECOND SEMESTER', 3, '2017-09-23 19:52:45', 1),
	(64, 9, 'ADDED SUBJECT [ID:237] IT 383 TO THIRD YEAR-SECOND SEMESTER', 3, '2017-09-23 19:52:45', 1),
	(65, 9, 'ADDED SUBJECT [ID:238] IT 303 TO THIRD YEAR-SECOND SEMESTER', 3, '2017-09-23 19:52:45', 1),
	(66, 9, 'ADDED SUBJECT [ID:239] FREL 02 TO THIRD YEAR-SECOND SEMESTER', 3, '2017-09-23 19:52:45', 1),
	(67, 9, 'ADDED SUBJECT [ID:240] RES 323 TO THIRD YEAR-SECOND SEMESTER', 3, '2017-09-23 19:52:45', 1),
	(68, 9, 'ADDED SUBJECT [ID:241] SOCSCI 323 TO THIRD YEAR-SECOND SEMESTER', 3, '2017-09-23 19:52:45', 1),
	(69, 9, 'ADDED SUBJECT [ID:243] IT 443 TO FOURTH YEAR-FIRST SEMESTER', 3, '2017-09-23 20:01:07', 1),
	(70, 9, 'ADDED SUBJECT [ID:244] FREL 03 TO FOURTH YEAR-FIRST SEMESTER', 3, '2017-09-23 20:01:07', 1),
	(71, 9, 'ADDED SUBJECT [ID:242] IT 413 TO FOURTH YEAR-FIRST SEMESTER', 3, '2017-09-23 20:04:48', 1),
	(72, 9, 'ADDED SUBJECT [ID:171] IT 423 TO FOURTH YEAR-SECOND SEMESTER', 3, '2017-09-23 20:05:00', 1),
	(73, 9, 'ADDED PRE-REQUISITE [ID:190] COMP 113 FOR [ID:197] COMP 123 FROM FIRST YEAR-SECOND SEMESTER', 3, '2017-09-23 20:05:32', 1),
	(74, 9, 'ADDED PRE-REQUISITE [ID:191] IT 113 FOR [ID:198] IT 123 FROM FIRST YEAR-SECOND SEMESTER', 3, '2017-09-23 20:05:47', 1),
	(75, 9, 'ADDED PRE-REQUISITE [ID:192] IT 133 FOR [ID:199] IT 143 FROM FIRST YEAR-SECOND SEMESTER', 3, '2017-09-23 20:06:09', 1),
	(76, 9, 'ADDED PRE-REQUISITE [ID:113] MATH 113 FOR [ID:121] MATH 123 FROM FIRST YEAR-SECOND SEMESTER', 3, '2017-09-23 20:06:28', 1),
	(77, 9, 'ADDED PRE-REQUISITE [ID:194] ENG 113 FOR [ID:120] ENG 123 FROM FIRST YEAR-SECOND SEMESTER', 3, '2017-09-23 20:06:44', 1),
	(78, 9, 'ADDED PRE-REQUISITE [ID:193] SCI 113 FOR [ID:204] SCI 123 FROM FIRST YEAR-SECOND SEMESTER', 3, '2017-09-23 20:07:11', 1),
	(79, 9, 'ADDED PRE-REQUISITE [ID:119] NSTP 1 FOR [ID:129] NSTP 2 FROM FIRST YEAR-SECOND SEMESTER', 3, '2017-09-23 20:07:26', 1),
	(80, 9, 'ADDED PRE-REQUISITE [ID:197] COMP 123 FOR [ID:207] IT 213 FROM SECOND YEAR-FIRST SEMESTER', 3, '2017-09-23 20:07:55', 1),
	(81, 9, 'ADDED PRE-REQUISITE [ID:198] IT 123 FOR [ID:208] IT 233 FROM SECOND YEAR-FIRST SEMESTER', 3, '2017-09-23 20:08:10', 1),
	(82, 9, 'ADDED PRE-REQUISITE [ID:198] IT 123 FOR [ID:209] IT 253 FROM SECOND YEAR-FIRST SEMESTER', 3, '2017-09-23 20:08:26', 1),
	(83, 9, 'ADDED PRE-REQUISITE [ID:198] IT 123 FOR [ID:210] IT 273 FROM SECOND YEAR-FIRST SEMESTER', 3, '2017-09-23 20:08:40', 1),
	(84, 9, 'ADDED PRE-REQUISITE [ID:121] MATH 123 FOR [ID:211] IT 293 FROM SECOND YEAR-FIRST SEMESTER', 3, '2017-09-23 20:09:00', 1),
	(85, 9, 'ADDED PRE-REQUISITE [ID:120] ENG 123 FOR [ID:212] ENG 213 FROM SECOND YEAR-FIRST SEMESTER', 3, '2017-09-23 20:09:17', 1),
	(86, 9, 'ADDED PRE-REQUISITE [ID:208] IT 233 FOR [ID:216] IT 223 FROM SECOND YEAR-SECOND SEMESTER', 3, '2017-09-23 20:09:41', 1),
	(87, 9, 'ADDED PRE-REQUISITE [ID:210] IT 273 FOR [ID:217] IT 243 FROM SECOND YEAR-SECOND SEMESTER', 3, '2017-09-23 20:09:56', 1),
	(88, 9, 'ADDED PRE-REQUISITE [ID:209] IT 253 FOR [ID:217] IT 243 FROM SECOND YEAR-SECOND SEMESTER', 3, '2017-09-23 20:09:56', 1),
	(89, 9, 'ADDED PRE-REQUISITE [ID:199] IT 143 FOR [ID:218] IT 263 FROM SECOND YEAR-SECOND SEMESTER', 3, '2017-09-23 20:10:18', 1),
	(90, 9, 'ADDED PRE-REQUISITE [ID:190] COMP 113 FOR [ID:219] IT 283 FROM SECOND YEAR-SECOND SEMESTER', 3, '2017-09-23 20:10:37', 1),
	(91, 9, 'ADDED PRE-REQUISITE [ID:121] MATH 123 FOR [ID:220] ACC 223 FROM SECOND YEAR-SECOND SEMESTER', 3, '2017-09-23 20:10:52', 1),
	(92, 9, 'ADDED PRE-REQUISITE [ID:113] MATH 113 FOR [ID:223] MATH 223 FROM SECOND YEAR-SECOND SEMESTER', 3, '2017-09-23 20:11:15', 1),
	(93, 9, 'ADDED PRE-REQUISITE [ID:217] IT 243 FOR [ID:226] IT 313 FROM THIRD YEAR-FIRST SEMESTER', 3, '2017-09-23 20:11:38', 1),
	(94, 9, 'ADDED PRE-REQUISITE [ID:216] IT 223 FOR [ID:226] IT 313 FROM THIRD YEAR-FIRST SEMESTER', 3, '2017-09-23 20:11:38', 1),
	(95, 9, 'ADDED PRE-REQUISITE [ID:218] IT 263 FOR [ID:227] IT 333 FROM THIRD YEAR-FIRST SEMESTER', 3, '2017-09-23 20:12:01', 1),
	(96, 9, 'ADDED PRE-REQUISITE [ID:207] IT 213 FOR [ID:228] IT 353 FROM THIRD YEAR-FIRST SEMESTER', 3, '2017-09-23 20:12:16', 1),
	(97, 9, 'ADDED PRE-REQUISITE [ID:218] IT 263 FOR [ID:229] IT 373 FROM THIRD YEAR-FIRST SEMESTER', 3, '2017-09-23 20:12:40', 1),
	(98, 9, 'ADDED PRE-REQUISITE [ID:218] IT 263 FOR [ID:230] IT 393 FROM THIRD YEAR-FIRST SEMESTER', 3, '2017-09-23 20:13:02', 1),
	(99, 9, 'ADDED PRE-REQUISITE [ID:216] IT 223 FOR [ID:230] IT 393 FROM THIRD YEAR-FIRST SEMESTER', 3, '2017-09-23 20:13:02', 1),
	(100, 9, 'ADDED PRE-REQUISITE [ID:226] IT 313 FOR [ID:234] IT 323 FROM THIRD YEAR-SECOND SEMESTER', 3, '2017-09-23 20:13:53', 1),
	(101, 9, 'ADDED PRE-REQUISITE [ID:216] IT 223 FOR [ID:235] IT 343 FROM THIRD YEAR-SECOND SEMESTER', 3, '2017-09-23 20:15:04', 1),
	(102, 9, 'ADDED PRE-REQUISITE [ID:210] IT 273 FOR [ID:235] IT 343 FROM THIRD YEAR-SECOND SEMESTER', 3, '2017-09-23 20:15:04', 1),
	(103, 9, 'ADDED PRE-REQUISITE [ID:216] IT 223 FOR [ID:236] IT 363 FROM THIRD YEAR-SECOND SEMESTER', 3, '2017-09-23 20:15:33', 1),
	(104, 9, 'ADDED PRE-REQUISITE [ID:210] IT 273 FOR [ID:236] IT 363 FROM THIRD YEAR-SECOND SEMESTER', 3, '2017-09-23 20:15:33', 1),
	(105, 9, 'ADDED PRE-REQUISITE [ID:230] IT 393 FOR [ID:237] IT 383 FROM THIRD YEAR-SECOND SEMESTER', 3, '2017-09-23 20:16:00', 1),
	(106, 9, 'ADDED PRE-REQUISITE [ID:212] ENG 213 FOR [ID:240] RES 323 FROM THIRD YEAR-SECOND SEMESTER', 3, '2017-09-23 20:16:17', 1),
	(107, 9, 'ADDED PRE-REQUISITE [ID:234] IT 323 FOR [ID:242] IT 413 FROM FOURTH YEAR-FIRST SEMESTER', 3, '2017-09-23 20:17:59', 1),
	(108, 10, 'ADDED SUBJECT [ID:245] TECH 133 TO FIRST YEAR-FIRST SEMESTER', 3, '2017-09-23 20:56:35', 1),
	(109, 10, 'ADDED SUBJECT [ID:246] TECH 113 TO FIRST YEAR-FIRST SEMESTER', 3, '2017-09-23 20:56:35', 1),
	(110, 10, 'ADDED SUBJECT [ID:247] COMP 113 TO FIRST YEAR-FIRST SEMESTER', 3, '2017-09-23 20:56:35', 1),
	(111, 10, 'ADDED SUBJECT [ID:248] BSP 113 TO FIRST YEAR-FIRST SEMESTER', 3, '2017-09-23 20:56:35', 1),
	(112, 10, 'ADDED SUBJECT [ID:249] DRAW 111 TO FIRST YEAR-FIRST SEMESTER', 3, '2017-09-23 20:56:35', 1),
	(113, 10, 'ADDED SUBJECT [ID:250] ENGL 113 TO FIRST YEAR-FIRST SEMESTER', 3, '2017-09-23 20:56:35', 1),
	(114, 10, 'ADDED SUBJECT [ID:251] PSYCHO 113 TO FIRST YEAR-FIRST SEMESTER', 3, '2017-09-23 20:56:35', 1),
	(115, 10, 'ADDED SUBJECT [ID:252] MATH 113 TO FIRST YEAR-FIRST SEMESTER', 3, '2017-09-23 20:56:35', 1),
	(116, 10, 'ADDED SUBJECT [ID:196] PE 112 TO FIRST YEAR-FIRST SEMESTER', 3, '2017-09-23 20:56:35', 1),
	(117, 10, 'ADDED SUBJECT [ID:119] NSTP 1 TO FIRST YEAR-FIRST SEMESTER', 3, '2017-09-23 20:56:35', 1),
	(118, 10, 'ADDED SUBJECT [ID:253] COMP 123 TO FIRST YEAR-SECOND SEMESTER', 3, '2017-09-23 21:04:48', 1),
	(119, 10, 'ADDED SUBJECT [ID:254] TECH 143 TO FIRST YEAR-SECOND SEMESTER', 3, '2017-09-23 21:04:48', 1),
	(120, 10, 'ADDED SUBJECT [ID:255] EC 123 TO FIRST YEAR-SECOND SEMESTER', 3, '2017-09-23 21:04:48', 1),
	(121, 10, 'ADDED SUBJECT [ID:256] DRAW 121 TO FIRST YEAR-SECOND SEMESTER', 3, '2017-09-23 21:04:48', 1),
	(122, 10, 'ADDED SUBJECT [ID:257] ENGL 123 TO FIRST YEAR-SECOND SEMESTER', 3, '2017-09-23 21:04:48', 1),
	(123, 10, 'ADDED SUBJECT [ID:258] MATH 123 TO FIRST YEAR-SECOND SEMESTER', 3, '2017-09-23 21:04:48', 1),
	(124, 10, 'ADDED SUBJECT [ID:259] SCIENCE 123 TO FIRST YEAR-SECOND SEMESTER', 3, '2017-09-23 21:04:48', 1),
	(125, 10, 'ADDED SUBJECT [ID:206] PE 122 TO FIRST YEAR-SECOND SEMESTER', 3, '2017-09-23 21:04:48', 1),
	(126, 10, 'ADDED SUBJECT [ID:129] NSTP 2 TO FIRST YEAR-SECOND SEMESTER', 3, '2017-09-23 21:04:48', 1),
	(127, 10, 'ADDED SUBJECT [ID:260] TECH 213 TO SECOND YEAR-FIRST SEMESTER', 3, '2017-09-23 21:15:14', 1),
	(128, 10, 'ADDED SUBJECT [ID:261] TECH 233 TO SECOND YEAR-FIRST SEMESTER', 3, '2017-09-23 21:15:14', 1),
	(129, 10, 'ADDED SUBJECT [ID:262] TECH 214 TO SECOND YEAR-FIRST SEMESTER', 3, '2017-09-23 21:15:14', 1),
	(130, 10, 'ADDED SUBJECT [ID:263] TECH 273 TO SECOND YEAR-FIRST SEMESTER', 3, '2017-09-23 21:15:14', 1),
	(131, 10, 'ADDED SUBJECT [ID:264] TECH 293 TO SECOND YEAR-FIRST SEMESTER', 3, '2017-09-23 21:15:14', 1),
	(132, 10, 'ADDED SUBJECT [ID:265] TECH 253 TO SECOND YEAR-FIRST SEMESTER', 3, '2017-09-23 21:15:14', 1),
	(133, 10, 'ADDED SUBJECT [ID:215] PE 212 TO SECOND YEAR-FIRST SEMESTER', 3, '2017-09-23 21:15:14', 1),
	(134, 10, 'ADDED PRE-REQUISITE [ID:247] COMP 113 FOR [ID:253] COMP 123 FROM FIRST YEAR-SECOND SEMESTER', 3, '2017-09-23 21:20:48', 1),
	(135, 10, 'ADDED PRE-REQUISITE [ID:246] TECH 113 FOR [ID:254] TECH 143 FROM FIRST YEAR-SECOND SEMESTER', 3, '2017-09-23 21:21:10', 1),
	(136, 10, 'ADDED PRE-REQUISITE [ID:249] DRAW 111 FOR [ID:256] DRAW 121 FROM FIRST YEAR-SECOND SEMESTER', 3, '2017-09-23 21:21:28', 1),
	(137, 10, 'ADDED PRE-REQUISITE [ID:246] TECH 113 FOR [ID:260] TECH 213 FROM SECOND YEAR-FIRST SEMESTER', 3, '2017-09-23 21:21:47', 1),
	(138, 10, 'ADDED PRE-REQUISITE [ID:248] BSP 113 FOR [ID:260] TECH 213 FROM SECOND YEAR-FIRST SEMESTER', 3, '2017-09-23 21:21:47', 1),
	(139, 10, 'ADDED PRE-REQUISITE [ID:245] TECH 133 FOR [ID:261] TECH 233 FROM SECOND YEAR-FIRST SEMESTER', 3, '2017-09-23 21:22:06', 1),
	(140, 10, 'ADDED PRE-REQUISITE [ID:246] TECH 113 FOR [ID:262] TECH 214 FROM SECOND YEAR-FIRST SEMESTER', 3, '2017-09-23 21:22:25', 1),
	(141, 10, 'ADDED PRE-REQUISITE [ID:248] BSP 113 FOR [ID:262] TECH 214 FROM SECOND YEAR-FIRST SEMESTER', 3, '2017-09-23 21:22:25', 1),
	(142, 10, 'ADDED PRE-REQUISITE [ID:245] TECH 133 FOR [ID:262] TECH 214 FROM SECOND YEAR-FIRST SEMESTER', 3, '2017-09-23 21:22:25', 1),
	(143, 10, 'ADDED PRE-REQUISITE [ID:246] TECH 113 FOR [ID:263] TECH 273 FROM SECOND YEAR-FIRST SEMESTER', 3, '2017-09-23 21:23:12', 1),
	(144, 10, 'ADDED PRE-REQUISITE [ID:248] BSP 113 FOR [ID:263] TECH 273 FROM SECOND YEAR-FIRST SEMESTER', 3, '2017-09-23 21:23:12', 1),
	(145, 10, 'ADDED PRE-REQUISITE [ID:245] TECH 133 FOR [ID:264] TECH 293 FROM SECOND YEAR-FIRST SEMESTER', 3, '2017-09-23 21:23:45', 1),
	(146, 10, 'ADDED PRE-REQUISITE [ID:245] TECH 133 FOR [ID:265] TECH 253 FROM SECOND YEAR-FIRST SEMESTER', 3, '2017-09-23 21:24:04', 1),
	(147, 10, 'ADDED SUBJECT [ID:266] TECH 22 TO SECOND YEAR-SECOND SEMESTER', 3, '2017-09-23 21:25:49', 1),
	(148, 10, 'ADDED SUBJECT [ID:267] TECH 333 TO THIRD YEAR-FIRST SEMESTER', 3, '2017-09-23 22:08:16', 1),
	(149, 10, 'ADDED SUBJECT [ID:268] TECH 313 TO THIRD YEAR-FIRST SEMESTER', 3, '2017-09-23 22:08:16', 1),
	(150, 10, 'ADDED SUBJECT [ID:269] ENGL 313 TO THIRD YEAR-FIRST SEMESTER', 3, '2017-09-23 22:08:16', 1),
	(151, 10, 'ADDED SUBJECT [ID:270] FIL 313 TO THIRD YEAR-FIRST SEMESTER', 3, '2017-09-23 22:08:16', 1),
	(152, 10, 'ADDED SUBJECT [ID:271] MATH 313 TO THIRD YEAR-FIRST SEMESTER', 3, '2017-09-23 22:08:16', 1),
	(153, 10, 'ADDED SUBJECT [ID:272] SCIENCE 313 TO THIRD YEAR-FIRST SEMESTER', 3, '2017-09-23 22:08:16', 1),
	(154, 10, 'ADDED SUBJECT [ID:273] HUM 313 TO THIRD YEAR-FIRST SEMESTER', 3, '2017-09-23 22:08:16', 1),
	(155, 10, 'ADDED SUBJECT [ID:274] SOC SCI 333 TO THIRD YEAR-FIRST SEMESTER', 3, '2017-09-23 22:08:16', 1),
	(156, 10, 'ADDED SUBJECT [ID:275] PE 312 TO THIRD YEAR-FIRST SEMESTER', 3, '2017-09-23 22:08:16', 1),
	(157, 10, 'ADDED PRE-REQUISITE [ID:254] TECH 143 FOR [ID:267] TECH 333 FROM THIRD YEAR-FIRST SEMESTER', 3, '2017-09-23 22:16:02', 1),
	(158, 10, 'ADDED PRE-REQUISITE [ID:254] TECH 143 FOR [ID:268] TECH 313 FROM THIRD YEAR-FIRST SEMESTER', 3, '2017-09-23 22:16:16', 1),
	(159, 10, 'ADDED CO-REQUISITE [ID:267] TECH 333 FOR [ID:268] TECH 313 FROM THIRD YEAR-FIRST SEMESTER', 3, '2017-09-23 22:16:24', 1),
	(160, 10, 'ADDED SUBJECT [ID:276] TECH 323 TO THIRD YEAR-SECOND SEMESTER', 3, '2017-09-23 22:16:36', 1),
	(161, 10, 'ADDED SUBJECT [ID:277] TECH 324 TO THIRD YEAR-SECOND SEMESTER', 3, '2017-09-23 22:16:36', 1),
	(162, 10, 'ADDED SUBJECT [ID:279] FIL 323 TO THIRD YEAR-SECOND SEMESTER', 3, '2017-09-23 22:16:36', 1),
	(163, 10, 'ADDED SUBJECT [ID:280] SCIENCE 323 TO THIRD YEAR-SECOND SEMESTER', 3, '2017-09-23 22:16:36', 1),
	(164, 10, 'ADDED SUBJECT [ID:281] SOC SCI 323 TO THIRD YEAR-SECOND SEMESTER', 3, '2017-09-23 22:16:36', 1),
	(165, 10, 'ADDED SUBJECT [ID:282] ENGL 323 TO THIRD YEAR-SECOND SEMESTER', 3, '2017-09-23 22:16:36', 1),
	(166, 10, 'ADDED SUBJECT [ID:283] RES 313 TO THIRD YEAR-SECOND SEMESTER', 3, '2017-09-23 22:16:36', 1),
	(167, 10, 'ADDED SUBJECT [ID:284] TECH 311 TO THIRD YEAR-SECOND SEMESTER', 3, '2017-09-23 22:16:36', 1),
	(168, 10, 'ADDED SUBJECT [ID:278] TECH 423 TO THIRD YEAR-SECOND SEMESTER', 3, '2017-09-23 22:24:32', 1),
	(169, 10, 'ADDED SUBJECT [ID:285] TECH 413 TO FOURTH YEAR-FIRST SEMESTER', 3, '2017-09-23 22:25:37', 1),
	(170, 10, 'ADDED SUBJECT [ID:286] TECH 433 TO FOURTH YEAR-FIRST SEMESTER', 3, '2017-09-23 22:25:37', 1),
	(171, 10, 'ADDED SUBJECT [ID:287] ENGL 413 TO FOURTH YEAR-FIRST SEMESTER', 3, '2017-09-23 22:25:37', 1),
	(172, 10, 'ADDED SUBJECT [ID:288] SOC SCI 433 TO FOURTH YEAR-FIRST SEMESTER', 3, '2017-09-23 22:25:37', 1),
	(173, 10, 'ADDED SUBJECT [ID:289] MGT 413 TO FOURTH YEAR-FIRST SEMESTER', 3, '2017-09-23 22:25:37', 1),
	(174, 10, 'ADDED SUBJECT [ID:290] RIZAL 413 TO FOURTH YEAR-FIRST SEMESTER', 3, '2017-09-23 22:25:37', 1),
	(175, 10, 'ADDED SUBJECT [ID:291] PHILO 323 TO FOURTH YEAR-FIRST SEMESTER', 3, '2017-09-23 22:25:37', 1),
	(176, 10, 'ADDED SUBJECT [ID:292] SOC SCI 413 TO FOURTH YEAR-FIRST SEMESTER', 3, '2017-09-23 22:30:30', 1),
	(177, 10, 'ADDED SUBJECT [ID:293] TECH 42 TO FOURTH YEAR-SECOND SEMESTER', 3, '2017-09-23 22:31:14', 1),
	(178, 10, 'ADDED PRE-REQUISITE [ID:253] COMP 123 FOR [ID:276] TECH 323 FROM THIRD YEAR-SECOND SEMESTER', 3, '2017-09-23 22:32:34', 1),
	(179, 10, 'ADDED PRE-REQUISITE [ID:264] TECH 293 FOR [ID:277] TECH 324 FROM THIRD YEAR-SECOND SEMESTER', 3, '2017-09-23 22:32:52', 1),
	(180, 10, 'ADDED PRE-REQUISITE [ID:260] TECH 213 FOR [ID:278] TECH 423 FROM THIRD YEAR-SECOND SEMESTER', 3, '2017-09-23 22:33:08', 1),
	(181, 10, 'ADDED PRE-REQUISITE [ID:267] TECH 333 FOR [ID:283] RES 313 FROM THIRD YEAR-SECOND SEMESTER', 3, '2017-09-23 22:33:31', 1),
	(182, 10, 'ADDED PRE-REQUISITE [ID:268] TECH 313 FOR [ID:283] RES 313 FROM THIRD YEAR-SECOND SEMESTER', 3, '2017-09-23 22:33:31', 1),
	(183, 10, 'ADDED PRE-REQUISITE [ID:271] MATH 313 FOR [ID:283] RES 313 FROM THIRD YEAR-SECOND SEMESTER', 3, '2017-09-23 22:33:31', 1),
	(184, 10, 'ADDED CO-REQUISITE [ID:276] TECH 323 FOR [ID:283] RES 313 FROM THIRD YEAR-SECOND SEMESTER', 3, '2017-09-23 22:33:53', 1),
	(185, 10, 'ADDED CO-REQUISITE [ID:277] TECH 324 FOR [ID:283] RES 313 FROM THIRD YEAR-SECOND SEMESTER', 3, '2017-09-23 22:33:53', 1),
	(186, 10, 'ADDED PRE-REQUISITE [ID:267] TECH 333 FOR [ID:285] TECH 413 FROM FOURTH YEAR-FIRST SEMESTER', 3, '2017-09-23 22:34:25', 1),
	(187, 10, 'ADDED PRE-REQUISITE [ID:283] RES 313 FOR [ID:286] TECH 433 FROM FOURTH YEAR-FIRST SEMESTER', 3, '2017-09-23 22:34:40', 1),
	(188, 10, 'ADDED CO-REQUISITE [ID:285] TECH 413 FOR [ID:286] TECH 433 FROM FOURTH YEAR-FIRST SEMESTER', 3, '2017-09-23 22:34:51', 1);
/*!40000 ALTER TABLE `curriculum_history_summary` ENABLE KEYS */;

-- Dumping structure for table cictems.curriculum_pre
CREATE TABLE IF NOT EXISTS `curriculum_pre` (
  `id` int(11) NOT NULL AUTO_INCREMENT,
  `curriculum_id_get` int(11) DEFAULT NULL,
  `curriculum_id_req` int(11) DEFAULT NULL,
  `cur_type` varchar(50) COLLATE utf8_unicode_ci DEFAULT 'PRIMARY' COMMENT 'PRIMARY, EQUIVALENT',
  `created_date` datetime NOT NULL DEFAULT CURRENT_TIMESTAMP,
  `created_by` int(11) DEFAULT NULL,
  `removed_date` datetime DEFAULT NULL,
  `removed_by` int(11) DEFAULT NULL,
  `active` int(11) NOT NULL DEFAULT '1',
  PRIMARY KEY (`id`),
  KEY `get_fk` (`curriculum_id_get`),
  KEY `req_fk` (`curriculum_id_req`),
  KEY `cur_pre_created` (`created_by`),
  KEY `cur_pre_removed` (`removed_by`),
  CONSTRAINT `cur_pre_created` FOREIGN KEY (`created_by`) REFERENCES `faculty` (`id`),
  CONSTRAINT `cur_pre_removed` FOREIGN KEY (`removed_by`) REFERENCES `faculty` (`id`),
  CONSTRAINT `get_fk` FOREIGN KEY (`curriculum_id_get`) REFERENCES `curriculum` (`id`),
  CONSTRAINT `req_fk` FOREIGN KEY (`curriculum_id_req`) REFERENCES `curriculum` (`id`)
) ENGINE=InnoDB DEFAULT CHARSET=utf8 COLLATE=utf8_unicode_ci;

-- Dumping data for table cictems.curriculum_pre: ~0 rows (approximately)
/*!40000 ALTER TABLE `curriculum_pre` DISABLE KEYS */;
/*!40000 ALTER TABLE `curriculum_pre` ENABLE KEYS */;

-- Dumping structure for table cictems.curriculum_requisite_ext
CREATE TABLE IF NOT EXISTS `curriculum_requisite_ext` (
  `id` int(11) NOT NULL AUTO_INCREMENT,
  `SUBJECT_id_get` int(11) DEFAULT NULL,
  `SUBJECT_id_req` int(11) DEFAULT NULL,
  `CURRICULUM_id` int(11) DEFAULT NULL,
  `type` varchar(50) COLLATE utf8_unicode_ci NOT NULL DEFAULT 'COREQUISITE',
  `added_by` int(11) DEFAULT NULL,
  `added_date` datetime DEFAULT CURRENT_TIMESTAMP,
  `removed_by` int(11) DEFAULT NULL,
  `removed_date` datetime DEFAULT CURRENT_TIMESTAMP,
  `active` tinyint(4) DEFAULT '1',
  PRIMARY KEY (`id`),
  KEY `req_ext_get` (`SUBJECT_id_get`),
  KEY `req_ext_req` (`SUBJECT_id_req`),
  KEY `req_ext_cur` (`CURRICULUM_id`),
  KEY `req_ext_added_by` (`added_by`),
  KEY `req_ext_updated_by` (`removed_by`),
  CONSTRAINT `req_ext_added_by` FOREIGN KEY (`added_by`) REFERENCES `faculty` (`id`),
  CONSTRAINT `req_ext_cur` FOREIGN KEY (`CURRICULUM_id`) REFERENCES `curriculum` (`id`),
  CONSTRAINT `req_ext_get` FOREIGN KEY (`SUBJECT_id_get`) REFERENCES `subject` (`id`),
  CONSTRAINT `req_ext_req` FOREIGN KEY (`SUBJECT_id_req`) REFERENCES `subject` (`id`),
  CONSTRAINT `req_ext_updated_by` FOREIGN KEY (`removed_by`) REFERENCES `faculty` (`id`)
) ENGINE=InnoDB AUTO_INCREMENT=7 DEFAULT CHARSET=utf8 COLLATE=utf8_unicode_ci;

-- Dumping data for table cictems.curriculum_requisite_ext: ~6 rows (approximately)
/*!40000 ALTER TABLE `curriculum_requisite_ext` DISABLE KEYS */;
INSERT INTO `curriculum_requisite_ext` (`id`, `SUBJECT_id_get`, `SUBJECT_id_req`, `CURRICULUM_id`, `type`, `added_by`, `added_date`, `removed_by`, `removed_date`, `active`) VALUES
	(1, 157, 177, 7, 'COREQUISITE', 3, '2017-09-23 11:04:43', NULL, '2017-09-23 11:04:48', 1),
	(2, 126, 147, 6, 'COREQUISITE', 3, '2017-09-23 14:25:58', NULL, '2017-09-23 14:26:10', 1),
	(3, 268, 267, 10, 'COREQUISITE', 3, '2017-09-23 22:16:24', NULL, '2017-09-23 22:16:29', 1),
	(4, 283, 276, 10, 'COREQUISITE', 3, '2017-09-23 22:33:53', NULL, '2017-09-23 22:34:04', 1),
	(5, 283, 277, 10, 'COREQUISITE', 3, '2017-09-23 22:33:53', NULL, '2017-09-23 22:34:10', 1),
	(6, 286, 285, 10, 'COREQUISITE', 3, '2017-09-23 22:34:51', NULL, '2017-09-23 22:34:57', 1);
/*!40000 ALTER TABLE `curriculum_requisite_ext` ENABLE KEYS */;

-- Dumping structure for table cictems.curriculum_requisite_line
CREATE TABLE IF NOT EXISTS `curriculum_requisite_line` (
  `id` int(11) NOT NULL AUTO_INCREMENT,
  `SUBJECT_id_get` int(11) DEFAULT NULL,
  `SUBJECT_id_req` int(11) DEFAULT NULL,
  `CURRICULUM_id` int(11) DEFAULT NULL,
  `created_date` datetime DEFAULT CURRENT_TIMESTAMP,
  `created_by` int(11) DEFAULT NULL,
  `removed_date` datetime DEFAULT NULL,
  `removed_by` int(11) DEFAULT NULL,
  `active` int(11) NOT NULL DEFAULT '1',
  PRIMARY KEY (`id`),
  KEY `curriculum_requisite_fk_from_subject_id` (`SUBJECT_id_get`),
  KEY `curriculum_requisite_fk_req_from_subject_id` (`SUBJECT_id_req`),
  KEY `cur_fk` (`CURRICULUM_id`),
  KEY `cur_req_created` (`created_by`),
  KEY `cur_req_removed` (`removed_by`),
  CONSTRAINT `cur_fk` FOREIGN KEY (`CURRICULUM_id`) REFERENCES `curriculum` (`id`),
  CONSTRAINT `cur_req_created` FOREIGN KEY (`created_by`) REFERENCES `faculty` (`id`),
  CONSTRAINT `cur_req_removed` FOREIGN KEY (`removed_by`) REFERENCES `faculty` (`id`),
  CONSTRAINT `curriculum_requisite_fk_from_subject_id` FOREIGN KEY (`SUBJECT_id_get`) REFERENCES `subject` (`id`),
  CONSTRAINT `curriculum_requisite_fk_req_from_subject_id` FOREIGN KEY (`SUBJECT_id_req`) REFERENCES `subject` (`id`)
) ENGINE=InnoDB AUTO_INCREMENT=147 DEFAULT CHARSET=utf8 COLLATE=utf8_unicode_ci;

-- Dumping data for table cictems.curriculum_requisite_line: ~102 rows (approximately)
/*!40000 ALTER TABLE `curriculum_requisite_line` DISABLE KEYS */;
INSERT INTO `curriculum_requisite_line` (`id`, `SUBJECT_id_get`, `SUBJECT_id_req`, `CURRICULUM_id`, `created_date`, `created_by`, `removed_date`, `removed_by`, `active`) VALUES
	(45, 124, 113, 6, '2017-09-09 09:49:21', 3, NULL, NULL, 1),
	(46, 147, 116, 6, '2017-09-09 09:49:48', 3, NULL, NULL, 1),
	(47, 126, 116, 6, '2017-09-09 09:50:13', 3, NULL, NULL, 1),
	(48, 149, 117, 6, '2017-09-09 09:50:33', 3, NULL, NULL, 1),
	(49, 129, 119, 6, '2017-09-09 09:50:48', 3, NULL, NULL, 1),
	(50, 172, 147, 6, '2017-09-09 09:51:37', 3, NULL, NULL, 1),
	(51, 172, 126, 6, '2017-09-09 09:51:37', 3, NULL, NULL, 1),
	(52, 133, 147, 6, '2017-09-09 09:52:14', 3, NULL, NULL, 1),
	(53, 133, 126, 6, '2017-09-09 09:52:14', 3, NULL, NULL, 1),
	(54, 134, 115, 6, '2017-09-09 09:52:49', 3, NULL, NULL, 1),
	(55, 135, 117, 6, '2017-09-09 09:53:09', 3, NULL, NULL, 1),
	(56, 136, 127, 6, '2017-09-09 11:22:42', 3, NULL, NULL, 1),
	(57, 139, 135, 6, '2017-09-09 09:57:05', 3, NULL, NULL, 1),
	(58, 140, 133, 6, '2017-09-09 09:57:27', 3, NULL, NULL, 1),
	(59, 140, 172, 6, '2017-09-09 09:57:27', 3, NULL, NULL, 1),
	(60, 142, 136, 6, '2017-09-09 09:58:14', 3, NULL, NULL, 1),
	(61, 143, 134, 6, '2017-09-09 09:58:37', 3, NULL, NULL, 1),
	(62, 124, 113, 7, '2017-09-09 10:21:39', 3, NULL, NULL, 1),
	(63, 147, 116, 7, '2017-09-09 10:22:04', 3, NULL, NULL, 1),
	(64, 149, 117, 7, '2017-09-09 10:22:31', 3, NULL, NULL, 1),
	(65, 129, 119, 7, '2017-09-09 10:22:53', 3, NULL, NULL, 1),
	(66, 172, 147, 7, '2017-09-09 10:23:25', 3, NULL, NULL, 1),
	(67, 126, 147, 7, '2017-09-09 10:24:41', 3, NULL, NULL, 1),
	(68, 133, 147, 7, '2017-09-09 10:24:57', 3, NULL, NULL, 1),
	(69, 134, 115, 7, '2017-09-09 10:25:45', 3, NULL, NULL, 1),
	(70, 135, 117, 7, '2017-09-09 10:26:07', 3, NULL, NULL, 1),
	(71, 139, 135, 7, '2017-09-09 10:29:37', 3, NULL, NULL, 1),
	(72, 140, 133, 7, '2017-09-09 10:29:56', 3, NULL, NULL, 1),
	(73, 140, 172, 7, '2017-09-09 10:29:56', 3, NULL, NULL, 1),
	(74, 136, 149, 7, '2017-09-09 10:31:21', 3, NULL, NULL, 1),
	(75, 143, 134, 7, '2017-09-09 10:39:09', 3, NULL, NULL, 1),
	(76, 162, 154, 7, '2017-09-09 10:57:13', 3, NULL, NULL, 1),
	(77, 162, 177, 7, '2017-09-09 10:57:13', 3, NULL, NULL, 1),
	(78, 163, 154, 7, '2017-09-09 10:58:36', 3, NULL, NULL, 1),
	(79, 163, 177, 7, '2017-09-09 10:58:36', 3, NULL, NULL, 1),
	(80, 165, 154, 7, '2017-09-09 11:01:02', 3, NULL, NULL, 1),
	(81, 165, 157, 7, '2017-09-09 11:01:02', 3, NULL, NULL, 1),
	(82, 121, 110, 8, '2017-09-09 13:08:40', 1, NULL, NULL, 1),
	(83, 202, 133, 7, '2017-09-23 11:03:44', 3, NULL, NULL, 1),
	(84, 202, 172, 7, '2017-09-23 11:03:44', 3, NULL, NULL, 1),
	(85, 186, 164, 7, '2017-09-23 11:44:03', 3, NULL, NULL, 1),
	(86, 186, 165, 7, '2017-09-23 11:44:03', 3, NULL, NULL, 1),
	(87, 169, 166, 7, '2017-09-23 11:44:26', 3, NULL, NULL, 1),
	(88, 188, 167, 7, '2017-09-23 11:44:38', 3, NULL, NULL, 1),
	(89, 197, 190, 9, '2017-09-23 20:05:32', 3, NULL, NULL, 1),
	(90, 198, 191, 9, '2017-09-23 20:05:47', 3, NULL, NULL, 1),
	(91, 199, 192, 9, '2017-09-23 20:06:09', 3, NULL, NULL, 1),
	(92, 121, 113, 9, '2017-09-23 20:06:28', 3, NULL, NULL, 1),
	(93, 120, 194, 9, '2017-09-23 20:06:44', 3, NULL, NULL, 1),
	(94, 204, 193, 9, '2017-09-23 20:07:11', 3, NULL, NULL, 1),
	(95, 129, 119, 9, '2017-09-23 20:07:26', 3, NULL, NULL, 1),
	(96, 207, 197, 9, '2017-09-23 20:07:55', 3, NULL, NULL, 1),
	(97, 208, 198, 9, '2017-09-23 20:08:10', 3, NULL, NULL, 1),
	(98, 209, 198, 9, '2017-09-23 20:08:26', 3, NULL, NULL, 1),
	(99, 210, 198, 9, '2017-09-23 20:08:40', 3, NULL, NULL, 1),
	(100, 211, 121, 9, '2017-09-23 20:09:00', 3, NULL, NULL, 1),
	(101, 212, 120, 9, '2017-09-23 20:09:17', 3, NULL, NULL, 1),
	(102, 216, 208, 9, '2017-09-23 20:09:41', 3, NULL, NULL, 1),
	(103, 217, 210, 9, '2017-09-23 20:09:56', 3, NULL, NULL, 1),
	(104, 217, 209, 9, '2017-09-23 20:09:56', 3, NULL, NULL, 1),
	(105, 218, 199, 9, '2017-09-23 20:10:18', 3, NULL, NULL, 1),
	(106, 219, 190, 9, '2017-09-23 20:10:37', 3, NULL, NULL, 1),
	(107, 220, 121, 9, '2017-09-23 20:10:52', 3, NULL, NULL, 1),
	(108, 223, 113, 9, '2017-09-23 20:11:15', 3, NULL, NULL, 1),
	(109, 226, 217, 9, '2017-09-23 20:11:38', 3, NULL, NULL, 1),
	(110, 226, 216, 9, '2017-09-23 20:11:38', 3, NULL, NULL, 1),
	(111, 227, 218, 9, '2017-09-23 20:12:01', 3, NULL, NULL, 1),
	(112, 228, 207, 9, '2017-09-23 20:12:16', 3, NULL, NULL, 1),
	(113, 229, 218, 9, '2017-09-23 20:12:40', 3, NULL, NULL, 1),
	(114, 230, 218, 9, '2017-09-23 20:13:02', 3, NULL, NULL, 1),
	(115, 230, 216, 9, '2017-09-23 20:13:02', 3, NULL, NULL, 1),
	(116, 234, 226, 9, '2017-09-23 20:13:53', 3, NULL, NULL, 1),
	(117, 235, 216, 9, '2017-09-23 20:15:04', 3, NULL, NULL, 1),
	(118, 235, 210, 9, '2017-09-23 20:15:04', 3, NULL, NULL, 1),
	(119, 236, 216, 9, '2017-09-23 20:15:33', 3, NULL, NULL, 1),
	(120, 236, 210, 9, '2017-09-23 20:15:33', 3, NULL, NULL, 1),
	(121, 237, 230, 9, '2017-09-23 20:16:00', 3, NULL, NULL, 1),
	(122, 240, 212, 9, '2017-09-23 20:16:17', 3, NULL, NULL, 1),
	(123, 242, 234, 9, '2017-09-23 20:17:59', 3, NULL, NULL, 1),
	(124, 253, 247, 10, '2017-09-23 21:20:48', 3, NULL, NULL, 1),
	(125, 254, 246, 10, '2017-09-23 21:21:10', 3, NULL, NULL, 1),
	(126, 256, 249, 10, '2017-09-23 21:21:28', 3, NULL, NULL, 1),
	(127, 260, 246, 10, '2017-09-23 21:21:47', 3, NULL, NULL, 1),
	(128, 260, 248, 10, '2017-09-23 21:21:47', 3, NULL, NULL, 1),
	(129, 261, 245, 10, '2017-09-23 21:22:06', 3, NULL, NULL, 1),
	(130, 262, 246, 10, '2017-09-23 21:22:25', 3, NULL, NULL, 1),
	(131, 262, 248, 10, '2017-09-23 21:22:25', 3, NULL, NULL, 1),
	(132, 262, 245, 10, '2017-09-23 21:22:25', 3, NULL, NULL, 1),
	(133, 263, 246, 10, '2017-09-23 21:23:12', 3, NULL, NULL, 1),
	(134, 263, 248, 10, '2017-09-23 21:23:12', 3, NULL, NULL, 1),
	(135, 264, 245, 10, '2017-09-23 21:23:45', 3, NULL, NULL, 1),
	(136, 265, 245, 10, '2017-09-23 21:24:04', 3, NULL, NULL, 1),
	(137, 267, 254, 10, '2017-09-23 22:16:02', 3, NULL, NULL, 1),
	(138, 268, 254, 10, '2017-09-23 22:16:16', 3, NULL, NULL, 1),
	(139, 276, 253, 10, '2017-09-23 22:32:34', 3, NULL, NULL, 1),
	(140, 277, 264, 10, '2017-09-23 22:32:52', 3, NULL, NULL, 1),
	(141, 278, 260, 10, '2017-09-23 22:33:08', 3, NULL, NULL, 1),
	(142, 283, 267, 10, '2017-09-23 22:33:31', 3, NULL, NULL, 1),
	(143, 283, 268, 10, '2017-09-23 22:33:31', 3, NULL, NULL, 1),
	(144, 283, 271, 10, '2017-09-23 22:33:31', 3, NULL, NULL, 1),
	(145, 285, 267, 10, '2017-09-23 22:34:25', 3, NULL, NULL, 1),
	(146, 286, 283, 10, '2017-09-23 22:34:40', 3, NULL, NULL, 1);
/*!40000 ALTER TABLE `curriculum_requisite_line` ENABLE KEYS */;

-- Dumping structure for table cictems.curriculum_subject
CREATE TABLE IF NOT EXISTS `curriculum_subject` (
  `id` int(11) NOT NULL AUTO_INCREMENT,
  `CURRICULUM_id` int(11) DEFAULT NULL,
  `SUBJECT_id` int(11) DEFAULT NULL,
  `year` int(11) NOT NULL DEFAULT '0',
  `semester` int(11) NOT NULL DEFAULT '0' COMMENT '3 for mid year',
  `sequence` int(11) NOT NULL DEFAULT '0',
  `added_by` int(11) DEFAULT NULL,
  `added_date` datetime DEFAULT CURRENT_TIMESTAMP,
  `removed_by` int(11) DEFAULT NULL,
  `removed_date` datetime DEFAULT CURRENT_TIMESTAMP,
  `active` int(11) NOT NULL DEFAULT '1',
  PRIMARY KEY (`id`),
  KEY `curriculum_subjects_fk_from_curriculum_id` (`CURRICULUM_id`),
  KEY `curriculum_subjects_fk_from_subject_id` (`SUBJECT_id`),
  KEY `cursub_fk_added_by` (`added_by`),
  KEY `cursub_fk_updated_by` (`removed_by`),
  CONSTRAINT `curriculum_subjects_fk_from_curriculum_id` FOREIGN KEY (`CURRICULUM_id`) REFERENCES `curriculum` (`id`),
  CONSTRAINT `curriculum_subjects_fk_from_subject_id` FOREIGN KEY (`SUBJECT_id`) REFERENCES `subject` (`id`),
  CONSTRAINT `cursub_fk_added_by` FOREIGN KEY (`added_by`) REFERENCES `faculty` (`id`),
  CONSTRAINT `cursub_fk_updated_by` FOREIGN KEY (`removed_by`) REFERENCES `faculty` (`id`)
) ENGINE=InnoDB AUTO_INCREMENT=331 DEFAULT CHARSET=utf8 COLLATE=utf8_unicode_ci;

-- Dumping data for table cictems.curriculum_subject: ~209 rows (approximately)
/*!40000 ALTER TABLE `curriculum_subject` DISABLE KEYS */;
INSERT INTO `curriculum_subject` (`id`, `CURRICULUM_id`, `SUBJECT_id`, `year`, `semester`, `sequence`, `added_by`, `added_date`, `removed_by`, `removed_date`, `active`) VALUES
	(119, 6, 110, 1, 1, 119, NULL, '2017-09-09 11:41:47', NULL, '2017-09-09 11:41:47', 1),
	(120, 6, 111, 1, 1, 120, NULL, '2017-09-09 11:41:47', NULL, '2017-09-09 11:41:47', 1),
	(121, 6, 112, 1, 1, 121, NULL, '2017-09-09 11:41:47', NULL, '2017-09-09 11:41:47', 1),
	(122, 6, 113, 1, 1, 122, NULL, '2017-09-09 11:41:47', NULL, '2017-09-09 11:41:47', 1),
	(123, 6, 114, 1, 1, 123, NULL, '2017-09-09 11:41:47', NULL, '2017-09-09 11:41:47', 1),
	(124, 6, 115, 1, 1, 124, NULL, '2017-09-09 11:41:47', NULL, '2017-09-09 11:41:47', 1),
	(125, 6, 116, 1, 1, 125, NULL, '2017-09-09 11:41:47', NULL, '2017-09-09 11:41:47', 1),
	(126, 6, 117, 1, 1, 126, NULL, '2017-09-09 11:41:47', NULL, '2017-09-09 11:41:47', 1),
	(127, 6, 118, 1, 1, 127, NULL, '2017-09-09 11:41:47', NULL, '2017-09-09 11:41:47', 1),
	(128, 6, 119, 1, 1, 128, NULL, '2017-09-09 11:41:47', NULL, '2017-09-09 11:41:47', 1),
	(129, 6, 120, 1, 2, 129, NULL, '2017-09-09 11:41:47', NULL, '2017-09-09 11:41:47', 1),
	(130, 6, 121, 1, 2, 130, NULL, '2017-09-09 11:41:47', NULL, '2017-09-09 11:41:47', 1),
	(131, 6, 122, 1, 2, 131, NULL, '2017-09-09 11:41:47', NULL, '2017-09-09 11:41:47', 1),
	(132, 6, 123, 1, 2, 132, NULL, '2017-09-09 11:41:47', NULL, '2017-09-09 11:41:47', 1),
	(133, 6, 124, 1, 2, 133, NULL, '2017-09-09 11:41:47', NULL, '2017-09-09 11:41:47', 1),
	(134, 6, 147, 1, 2, 134, NULL, '2017-09-09 11:41:47', NULL, '2017-09-09 11:41:47', 1),
	(135, 6, 126, 1, 2, 135, NULL, '2017-09-09 11:41:47', NULL, '2017-09-09 11:41:47', 1),
	(137, 6, 128, 1, 2, 137, NULL, '2017-09-09 11:41:47', NULL, '2017-09-09 11:41:47', 1),
	(138, 6, 129, 1, 2, 138, NULL, '2017-09-09 11:41:47', NULL, '2017-09-09 11:41:47', 1),
	(139, 6, 130, 2, 1, 139, NULL, '2017-09-09 11:41:47', NULL, '2017-09-09 11:41:47', 1),
	(140, 6, 131, 2, 1, 140, NULL, '2017-09-09 11:41:47', NULL, '2017-09-09 11:41:47', 1),
	(141, 6, 133, 2, 1, 141, NULL, '2017-09-09 11:41:47', NULL, '2017-09-09 11:41:47', 1),
	(142, 6, 134, 2, 1, 142, NULL, '2017-09-09 11:41:47', NULL, '2017-09-09 11:41:47', 1),
	(143, 6, 135, 2, 1, 143, NULL, '2017-09-09 11:41:47', NULL, '2017-09-09 11:41:47', 1),
	(144, 6, 136, 2, 1, 144, NULL, '2017-09-09 11:41:47', NULL, '2017-09-09 11:41:47', 1),
	(145, 6, 137, 2, 1, 145, NULL, '2017-09-09 11:41:47', NULL, '2017-09-09 11:41:47', 1),
	(146, 6, 138, 2, 2, 146, NULL, '2017-09-09 11:41:47', NULL, '2017-09-09 11:41:47', 1),
	(147, 6, 139, 2, 2, 147, NULL, '2017-09-09 11:41:47', NULL, '2017-09-09 11:41:47', 1),
	(148, 6, 140, 2, 2, 148, NULL, '2017-09-09 11:41:47', NULL, '2017-09-09 11:41:47', 1),
	(149, 6, 141, 2, 2, 149, NULL, '2017-09-09 11:41:47', NULL, '2017-09-09 11:41:47', 1),
	(150, 6, 142, 2, 2, 150, NULL, '2017-09-09 11:41:47', NULL, '2017-09-09 11:41:47', 1),
	(151, 6, 143, 2, 2, 151, NULL, '2017-09-09 11:41:47', NULL, '2017-09-09 11:41:47', 1),
	(152, 6, 144, 2, 2, 152, NULL, '2017-09-09 11:41:47', NULL, '2017-09-09 11:41:47', 1),
	(153, 6, 145, 2, 2, 153, NULL, '2017-09-09 11:41:47', NULL, '2017-09-09 11:41:47', 1),
	(154, 6, 172, 2, 1, 154, NULL, '2017-09-09 11:41:47', NULL, '2017-09-09 11:41:47', 1),
	(155, 7, 110, 1, 1, 155, NULL, '2017-09-09 11:41:47', NULL, '2017-09-09 11:41:47', 1),
	(156, 7, 111, 1, 1, 156, NULL, '2017-09-09 11:41:47', NULL, '2017-09-09 11:41:47', 1),
	(157, 7, 112, 1, 1, 157, NULL, '2017-09-09 11:41:47', NULL, '2017-09-09 11:41:47', 1),
	(158, 7, 113, 1, 1, 158, NULL, '2017-09-09 11:41:47', NULL, '2017-09-09 11:41:47', 1),
	(159, 7, 114, 1, 1, 159, NULL, '2017-09-09 11:41:47', NULL, '2017-09-09 11:41:47', 1),
	(160, 7, 115, 1, 1, 160, NULL, '2017-09-09 11:41:47', NULL, '2017-09-09 11:41:47', 1),
	(161, 7, 116, 1, 1, 161, NULL, '2017-09-09 11:41:47', NULL, '2017-09-09 11:41:47', 1),
	(162, 7, 117, 1, 1, 162, NULL, '2017-09-09 11:41:47', NULL, '2017-09-09 11:41:47', 1),
	(163, 7, 128, 1, 2, 163, NULL, '2017-09-09 11:41:47', NULL, '2017-09-09 11:41:47', 1),
	(164, 7, 118, 1, 1, 164, NULL, '2017-09-09 11:41:47', NULL, '2017-09-09 11:41:47', 1),
	(165, 7, 119, 1, 1, 165, NULL, '2017-09-09 11:41:47', NULL, '2017-09-09 11:41:47', 1),
	(166, 7, 120, 1, 2, 166, NULL, '2017-09-09 11:41:47', NULL, '2017-09-09 11:41:47', 1),
	(167, 7, 121, 1, 2, 167, NULL, '2017-09-09 11:41:47', NULL, '2017-09-09 11:41:47', 1),
	(168, 7, 122, 1, 2, 168, NULL, '2017-09-09 11:41:47', NULL, '2017-09-09 11:41:47', 1),
	(169, 7, 123, 1, 2, 169, NULL, '2017-09-09 11:41:47', NULL, '2017-09-09 11:41:47', 1),
	(170, 7, 147, 1, 2, 170, NULL, '2017-09-09 11:41:47', NULL, '2017-09-09 11:41:47', 1),
	(171, 7, 124, 1, 2, 171, NULL, '2017-09-09 11:41:47', NULL, '2017-09-09 11:41:47', 1),
	(172, 7, 148, 1, 2, 172, NULL, '2017-09-09 11:41:47', NULL, '2017-09-09 11:41:47', 1),
	(173, 7, 149, 1, 2, 173, NULL, '2017-09-09 11:41:47', NULL, '2017-09-09 11:41:47', 1),
	(174, 7, 129, 1, 2, 174, NULL, '2017-09-09 11:41:47', NULL, '2017-09-09 11:41:47', 1),
	(175, 7, 130, 2, 1, 175, NULL, '2017-09-09 11:41:47', NULL, '2017-09-09 11:41:47', 1),
	(176, 7, 131, 2, 1, 176, NULL, '2017-09-09 11:41:47', NULL, '2017-09-09 11:41:47', 1),
	(178, 7, 172, 2, 1, 178, NULL, '2017-09-09 11:41:47', NULL, '2017-09-09 11:41:47', 1),
	(179, 7, 126, 2, 1, 179, NULL, '2017-09-09 11:41:47', NULL, '2017-09-09 11:41:47', 1),
	(180, 7, 133, 2, 1, 180, NULL, '2017-09-09 11:41:47', NULL, '2017-09-09 11:41:47', 1),
	(181, 7, 134, 2, 1, 181, NULL, '2017-09-09 11:41:47', NULL, '2017-09-09 11:41:47', 1),
	(182, 7, 135, 2, 1, 182, NULL, '2017-09-09 11:41:47', NULL, '2017-09-09 11:41:47', 1),
	(183, 7, 137, 2, 1, 183, NULL, '2017-09-09 11:41:47', NULL, '2017-09-09 11:41:47', 1),
	(184, 6, 127, 1, 2, 184, NULL, '2017-09-09 11:41:47', NULL, '2017-09-09 11:41:47', 1),
	(185, 7, 138, 2, 2, 185, NULL, '2017-09-09 11:41:47', NULL, '2017-09-09 11:41:47', 1),
	(186, 7, 139, 2, 2, 186, NULL, '2017-09-09 11:41:47', NULL, '2017-09-09 11:41:47', 1),
	(187, 7, 140, 2, 2, 187, NULL, '2017-09-09 11:41:47', 3, '2017-09-23 11:00:41', 0),
	(188, 7, 141, 2, 2, 188, NULL, '2017-09-09 11:41:47', NULL, '2017-09-09 11:41:47', 1),
	(189, 7, 136, 2, 2, 189, NULL, '2017-09-09 11:41:47', NULL, '2017-09-09 11:41:47', 1),
	(190, 7, 142, 2, 2, 190, NULL, '2017-09-09 11:41:47', NULL, '2017-09-09 11:41:47', 1),
	(191, 7, 143, 2, 2, 191, NULL, '2017-09-09 11:41:47', NULL, '2017-09-09 11:41:47', 1),
	(192, 7, 145, 2, 2, 192, NULL, '2017-09-09 11:41:47', NULL, '2017-09-09 11:41:47', 1),
	(193, 7, 174, 3, 1, 193, NULL, '2017-09-09 11:41:47', NULL, '2017-09-09 11:41:47', 1),
	(195, 7, 152, 3, 1, 195, NULL, '2017-09-09 11:41:47', NULL, '2017-09-09 11:41:47', 1),
	(196, 7, 176, 3, 1, 196, NULL, '2017-09-09 11:41:47', NULL, '2017-09-09 11:41:47', 1),
	(197, 7, 154, 3, 1, 197, NULL, '2017-09-09 11:41:47', NULL, '2017-09-09 11:41:47', 1),
	(198, 7, 177, 3, 1, 198, NULL, '2017-09-09 11:41:47', NULL, '2017-09-09 11:41:47', 1),
	(199, 7, 156, 3, 1, 199, NULL, '2017-09-09 11:41:47', NULL, '2017-09-09 11:41:47', 1),
	(200, 7, 157, 3, 1, 200, NULL, '2017-09-09 11:41:47', NULL, '2017-09-09 11:41:47', 1),
	(201, 7, 179, 3, 1, 201, NULL, '2017-09-09 11:41:47', NULL, '2017-09-09 11:41:47', 1),
	(202, 7, 159, 3, 2, 202, NULL, '2017-09-09 11:41:47', NULL, '2017-09-09 11:41:47', 1),
	(203, 7, 160, 3, 2, 203, NULL, '2017-09-09 11:41:47', NULL, '2017-09-09 11:41:47', 1),
	(204, 7, 180, 3, 2, 204, NULL, '2017-09-09 11:41:47', NULL, '2017-09-09 11:41:47', 1),
	(205, 7, 162, 3, 2, 205, NULL, '2017-09-09 11:41:47', NULL, '2017-09-09 11:41:47', 1),
	(206, 7, 163, 3, 2, 206, NULL, '2017-09-09 11:41:47', NULL, '2017-09-09 11:41:47', 1),
	(207, 7, 164, 3, 2, 207, NULL, '2017-09-09 11:41:47', NULL, '2017-09-09 11:41:47', 1),
	(208, 7, 165, 3, 2, 208, NULL, '2017-09-09 11:41:47', NULL, '2017-09-09 11:41:47', 1),
	(209, 7, 166, 3, 2, 209, NULL, '2017-09-09 11:41:47', NULL, '2017-09-09 11:41:47', 1),
	(210, 7, 167, 3, 2, 210, NULL, '2017-09-09 11:41:47', NULL, '2017-09-09 11:41:47', 1),
	(211, 7, 186, 4, 1, 211, NULL, '2017-09-09 11:41:47', NULL, '2017-09-09 11:41:47', 1),
	(212, 7, 169, 4, 1, 212, NULL, '2017-09-09 11:41:47', NULL, '2017-09-09 11:41:47', 1),
	(213, 7, 188, 4, 1, 213, NULL, '2017-09-09 11:41:47', NULL, '2017-09-09 11:41:47', 1),
	(214, 7, 171, 4, 2, 214, NULL, '2017-09-09 11:41:47', NULL, '2017-09-09 11:41:47', 1),
	(215, 7, 175, 3, 1, 215, NULL, '2017-09-09 11:41:47', NULL, '2017-09-09 11:41:47', 1),
	(216, 8, 110, 1, 1, 216, NULL, '2017-09-09 13:04:23', NULL, '2017-09-09 13:04:23', 1),
	(217, 8, 121, 1, 2, 217, NULL, '2017-09-09 13:07:54', NULL, '2017-09-09 13:07:54', 1),
	(218, 7, 202, 2, 2, 218, NULL, '2017-09-23 11:03:10', NULL, '2017-09-23 11:03:10', 1),
	(219, 9, 190, 1, 1, 219, NULL, '2017-09-23 18:14:04', NULL, '2017-09-23 18:14:04', 1),
	(220, 9, 191, 1, 1, 220, NULL, '2017-09-23 18:14:13', NULL, '2017-09-23 18:14:13', 1),
	(221, 9, 192, 1, 1, 221, NULL, '2017-09-23 18:14:21', NULL, '2017-09-23 18:14:21', 1),
	(222, 9, 113, 1, 1, 222, NULL, '2017-09-23 18:14:33', NULL, '2017-09-23 18:14:33', 1),
	(223, 9, 194, 1, 1, 223, NULL, '2017-09-23 18:14:47', NULL, '2017-09-23 18:14:47', 1),
	(224, 9, 193, 1, 1, 224, NULL, '2017-09-23 18:15:01', NULL, '2017-09-23 18:15:01', 1),
	(225, 9, 203, 1, 1, 225, NULL, '2017-09-23 18:15:54', NULL, '2017-09-23 18:15:54', 1),
	(226, 9, 114, 1, 1, 226, NULL, '2017-09-23 18:16:10', NULL, '2017-09-23 18:16:10', 1),
	(227, 9, 196, 1, 1, 227, NULL, '2017-09-23 18:16:23', NULL, '2017-09-23 18:16:23', 1),
	(228, 9, 119, 1, 1, 228, NULL, '2017-09-23 18:16:34', NULL, '2017-09-23 18:16:34', 1),
	(229, 9, 197, 1, 2, 229, NULL, '2017-09-23 18:19:25', NULL, '2017-09-23 18:19:25', 1),
	(230, 9, 198, 1, 2, 230, NULL, '2017-09-23 18:19:33', NULL, '2017-09-23 18:19:33', 1),
	(231, 9, 199, 1, 2, 231, NULL, '2017-09-23 18:19:48', NULL, '2017-09-23 18:19:48', 1),
	(232, 9, 121, 1, 2, 232, NULL, '2017-09-23 18:19:58', NULL, '2017-09-23 18:19:58', 1),
	(233, 9, 120, 1, 2, 233, NULL, '2017-09-23 18:20:06', NULL, '2017-09-23 18:20:06', 1),
	(234, 9, 204, 1, 2, 234, NULL, '2017-09-23 18:20:54', NULL, '2017-09-23 18:20:54', 1),
	(235, 9, 201, 1, 2, 235, NULL, '2017-09-23 18:21:04', NULL, '2017-09-23 18:21:04', 1),
	(236, 9, 205, 1, 2, 236, NULL, '2017-09-23 18:25:25', NULL, '2017-09-23 18:25:25', 1),
	(237, 9, 129, 1, 2, 237, NULL, '2017-09-23 18:26:31', NULL, '2017-09-23 18:26:31', 1),
	(238, 9, 206, 1, 2, 238, NULL, '2017-09-23 18:27:31', NULL, '2017-09-23 18:27:31', 1),
	(239, 9, 207, 2, 1, 239, NULL, '2017-09-23 18:28:23', NULL, '2017-09-23 18:28:23', 1),
	(240, 9, 208, 2, 1, 240, NULL, '2017-09-23 18:29:06', NULL, '2017-09-23 18:29:06', 1),
	(241, 9, 209, 2, 1, 241, NULL, '2017-09-23 18:30:07', NULL, '2017-09-23 18:30:07', 1),
	(242, 9, 210, 2, 1, 242, NULL, '2017-09-23 18:30:43', NULL, '2017-09-23 18:30:43', 1),
	(243, 9, 211, 2, 1, 243, NULL, '2017-09-23 18:31:29', NULL, '2017-09-23 18:31:29', 1),
	(244, 9, 212, 2, 1, 244, NULL, '2017-09-23 18:32:16', NULL, '2017-09-23 18:32:16', 1),
	(245, 9, 213, 2, 1, 245, NULL, '2017-09-23 18:33:19', NULL, '2017-09-23 18:33:19', 1),
	(246, 9, 214, 2, 1, 246, NULL, '2017-09-23 18:33:51', NULL, '2017-09-23 18:33:51', 1),
	(247, 9, 215, 2, 1, 247, NULL, '2017-09-23 18:34:23', NULL, '2017-09-23 18:34:23', 1),
	(248, 9, 216, 2, 2, 248, NULL, '2017-09-23 18:35:14', NULL, '2017-09-23 18:35:14', 1),
	(249, 9, 217, 2, 2, 249, NULL, '2017-09-23 18:35:43', NULL, '2017-09-23 18:35:43', 1),
	(250, 9, 218, 2, 2, 250, NULL, '2017-09-23 18:36:25', NULL, '2017-09-23 18:36:25', 1),
	(251, 9, 219, 2, 2, 251, NULL, '2017-09-23 18:37:10', NULL, '2017-09-23 18:37:10', 1),
	(252, 9, 220, 2, 2, 252, NULL, '2017-09-23 18:37:41', NULL, '2017-09-23 18:37:41', 1),
	(253, 9, 221, 2, 2, 253, NULL, '2017-09-23 18:44:10', NULL, '2017-09-23 18:44:10', 1),
	(254, 9, 223, 2, 2, 254, NULL, '2017-09-23 18:44:48', NULL, '2017-09-23 18:44:48', 1),
	(255, 9, 224, 2, 2, 255, NULL, '2017-09-23 18:45:13', NULL, '2017-09-23 18:45:13', 1),
	(256, 9, 225, 2, 2, 256, NULL, '2017-09-23 18:46:15', NULL, '2017-09-23 18:46:15', 1),
	(257, 9, 226, 3, 1, 257, 3, '2017-09-23 19:13:35', NULL, '2017-09-23 19:14:27', 1),
	(258, 9, 227, 3, 1, 258, 3, '2017-09-23 19:13:35', NULL, '2017-09-23 19:15:08', 1),
	(259, 9, 228, 3, 1, 259, 3, '2017-09-23 19:13:35', NULL, '2017-09-23 19:15:32', 1),
	(260, 9, 229, 3, 1, 260, 3, '2017-09-23 19:13:35', NULL, '2017-09-23 19:16:24', 1),
	(261, 9, 230, 3, 1, 261, 3, '2017-09-23 19:13:35', NULL, '2017-09-23 19:17:15', 1),
	(262, 9, 231, 3, 1, 262, 3, '2017-09-23 19:13:35', NULL, '2017-09-23 19:18:06', 1),
	(263, 9, 232, 3, 1, 263, 3, '2017-09-23 19:20:09', NULL, '2017-09-23 19:20:19', 1),
	(264, 9, 233, 3, 1, 264, 3, '2017-09-23 19:20:09', NULL, '2017-09-23 19:21:00', 1),
	(265, 9, 234, 3, 2, 265, 3, '2017-09-23 19:52:45', NULL, '2017-09-23 19:53:53', 1),
	(266, 9, 235, 3, 2, 266, 3, '2017-09-23 19:52:45', NULL, '2017-09-23 19:54:46', 1),
	(267, 9, 236, 3, 2, 267, 3, '2017-09-23 19:52:45', NULL, '2017-09-23 19:55:25', 1),
	(268, 9, 237, 3, 2, 268, 3, '2017-09-23 19:52:45', NULL, '2017-09-23 19:56:01', 1),
	(269, 9, 238, 3, 2, 269, 3, '2017-09-23 19:52:45', NULL, '2017-09-23 19:56:41', 1),
	(270, 9, 239, 3, 2, 270, 3, '2017-09-23 19:52:45', NULL, '2017-09-23 19:57:24', 1),
	(271, 9, 240, 3, 2, 271, 3, '2017-09-23 19:52:45', NULL, '2017-09-23 19:58:05', 1),
	(272, 9, 241, 3, 2, 272, 3, '2017-09-23 19:52:45', NULL, '2017-09-23 19:59:06', 1),
	(273, 9, 243, 4, 1, 273, 3, '2017-09-23 20:01:07', NULL, '2017-09-23 20:03:33', 1),
	(274, 9, 244, 4, 1, 274, 3, '2017-09-23 20:01:07', NULL, '2017-09-23 20:04:26', 1),
	(275, 9, 242, 4, 1, 275, 3, '2017-09-23 20:04:48', NULL, '2017-09-23 20:04:54', 1),
	(276, 9, 171, 4, 2, 276, 3, '2017-09-23 20:05:00', NULL, '2017-09-23 20:05:13', 1),
	(277, 10, 245, 1, 1, 277, 3, '2017-09-23 20:56:35', NULL, '2017-09-23 20:58:22', 1),
	(278, 10, 246, 1, 1, 278, 3, '2017-09-23 20:56:35', NULL, '2017-09-23 20:58:56', 1),
	(279, 10, 247, 1, 1, 279, 3, '2017-09-23 20:56:35', NULL, '2017-09-23 20:59:50', 1),
	(280, 10, 248, 1, 1, 280, 3, '2017-09-23 20:56:35', NULL, '2017-09-23 21:00:44', 1),
	(281, 10, 249, 1, 1, 281, 3, '2017-09-23 20:56:35', NULL, '2017-09-23 21:01:24', 1),
	(282, 10, 250, 1, 1, 282, 3, '2017-09-23 20:56:35', NULL, '2017-09-23 21:02:12', 1),
	(283, 10, 251, 1, 1, 283, 3, '2017-09-23 20:56:35', NULL, '2017-09-23 21:02:51', 1),
	(284, 10, 252, 1, 1, 284, 3, '2017-09-23 20:56:35', NULL, '2017-09-23 21:03:13', 1),
	(285, 10, 196, 1, 1, 285, 3, '2017-09-23 20:56:35', NULL, '2017-09-23 21:03:23', 1),
	(286, 10, 119, 1, 1, 286, 3, '2017-09-23 20:56:35', NULL, '2017-09-23 21:03:34', 1),
	(287, 10, 253, 1, 2, 287, 3, '2017-09-23 21:04:48', NULL, '2017-09-23 21:05:26', 1),
	(288, 10, 254, 1, 2, 288, 3, '2017-09-23 21:04:48', NULL, '2017-09-23 21:05:51', 1),
	(289, 10, 255, 1, 2, 289, 3, '2017-09-23 21:04:48', NULL, '2017-09-23 21:06:23', 1),
	(290, 10, 256, 1, 2, 290, 3, '2017-09-23 21:04:48', NULL, '2017-09-23 21:09:56', 1),
	(291, 10, 257, 1, 2, 291, 3, '2017-09-23 21:04:48', NULL, '2017-09-23 21:10:40', 1),
	(292, 10, 258, 1, 2, 292, 3, '2017-09-23 21:04:48', NULL, '2017-09-23 21:11:17', 1),
	(293, 10, 259, 1, 2, 293, 3, '2017-09-23 21:04:48', NULL, '2017-09-23 21:11:50', 1),
	(294, 10, 206, 1, 2, 294, 3, '2017-09-23 21:04:48', NULL, '2017-09-23 21:12:01', 1),
	(295, 10, 129, 1, 2, 295, 3, '2017-09-23 21:04:48', NULL, '2017-09-23 21:12:10', 1),
	(296, 10, 260, 2, 1, 296, 3, '2017-09-23 21:15:14', NULL, '2017-09-23 21:16:14', 1),
	(297, 10, 261, 2, 1, 297, 3, '2017-09-23 21:15:14', NULL, '2017-09-23 21:17:05', 1),
	(298, 10, 262, 2, 1, 298, 3, '2017-09-23 21:15:14', NULL, '2017-09-23 21:18:00', 1),
	(299, 10, 263, 2, 1, 299, 3, '2017-09-23 21:15:14', NULL, '2017-09-23 21:18:40', 1),
	(300, 10, 264, 2, 1, 300, 3, '2017-09-23 21:15:14', NULL, '2017-09-23 21:19:29', 1),
	(301, 10, 265, 2, 1, 301, 3, '2017-09-23 21:15:14', NULL, '2017-09-23 21:20:15', 1),
	(302, 10, 215, 2, 1, 302, 3, '2017-09-23 21:15:14', NULL, '2017-09-23 21:20:24', 1),
	(303, 10, 266, 2, 2, 303, 3, '2017-09-23 21:25:49', NULL, '2017-09-23 21:25:57', 1),
	(304, 10, 267, 3, 1, 304, 3, '2017-09-23 22:08:16', NULL, '2017-09-23 22:09:02', 1),
	(305, 10, 268, 3, 1, 305, 3, '2017-09-23 22:08:16', NULL, '2017-09-23 22:09:34', 1),
	(306, 10, 269, 3, 1, 306, 3, '2017-09-23 22:08:16', NULL, '2017-09-23 22:10:22', 1),
	(307, 10, 270, 3, 1, 307, 3, '2017-09-23 22:08:16', NULL, '2017-09-23 22:11:42', 1),
	(308, 10, 271, 3, 1, 308, 3, '2017-09-23 22:08:16', NULL, '2017-09-23 22:13:05', 1),
	(309, 10, 272, 3, 1, 309, 3, '2017-09-23 22:08:16', NULL, '2017-09-23 22:13:33', 1),
	(310, 10, 273, 3, 1, 310, 3, '2017-09-23 22:08:16', NULL, '2017-09-23 22:13:56', 1),
	(311, 10, 274, 3, 1, 311, 3, '2017-09-23 22:08:16', NULL, '2017-09-23 22:14:54', 1),
	(312, 10, 275, 3, 1, 312, 3, '2017-09-23 22:08:16', NULL, '2017-09-23 22:15:34', 1),
	(313, 10, 276, 3, 2, 313, 3, '2017-09-23 22:16:36', NULL, '2017-09-23 22:17:17', 1),
	(314, 10, 277, 3, 2, 314, 3, '2017-09-23 22:16:36', NULL, '2017-09-23 22:18:05', 1),
	(315, 10, 279, 3, 2, 315, 3, '2017-09-23 22:16:36', NULL, '2017-09-23 22:19:39', 1),
	(316, 10, 280, 3, 2, 316, 3, '2017-09-23 22:16:36', NULL, '2017-09-23 22:20:06', 1),
	(317, 10, 281, 3, 2, 317, 3, '2017-09-23 22:16:36', NULL, '2017-09-23 22:20:54', 1),
	(318, 10, 282, 3, 2, 318, 3, '2017-09-23 22:16:36', NULL, '2017-09-23 22:21:24', 1),
	(319, 10, 283, 3, 2, 319, 3, '2017-09-23 22:16:36', NULL, '2017-09-23 22:22:09', 1),
	(320, 10, 284, 3, 2, 320, 3, '2017-09-23 22:16:36', NULL, '2017-09-23 22:23:15', 1),
	(321, 10, 278, 3, 2, 321, 3, '2017-09-23 22:24:32', NULL, '2017-09-23 22:24:45', 1),
	(322, 10, 285, 4, 1, 322, 3, '2017-09-23 22:25:37', NULL, '2017-09-23 22:26:29', 1),
	(323, 10, 286, 4, 1, 323, 3, '2017-09-23 22:25:37', NULL, '2017-09-23 22:27:05', 1),
	(324, 10, 287, 4, 1, 324, 3, '2017-09-23 22:25:37', NULL, '2017-09-23 22:27:37', 1),
	(325, 10, 288, 4, 1, 325, 3, '2017-09-23 22:25:37', NULL, '2017-09-23 22:28:19', 1),
	(326, 10, 289, 4, 1, 326, 3, '2017-09-23 22:25:37', NULL, '2017-09-23 22:28:54', 1),
	(327, 10, 290, 4, 1, 327, 3, '2017-09-23 22:25:37', NULL, '2017-09-23 22:29:30', 1),
	(328, 10, 291, 4, 1, 328, 3, '2017-09-23 22:25:37', NULL, '2017-09-23 22:29:57', 1),
	(329, 10, 292, 4, 1, 329, 3, '2017-09-23 22:30:30', NULL, '2017-09-23 22:31:05', 1),
	(330, 10, 293, 4, 2, 330, 3, '2017-09-23 22:31:14', NULL, '2017-09-23 22:31:52', 1);
/*!40000 ALTER TABLE `curriculum_subject` ENABLE KEYS */;

-- Dumping structure for table cictems.evaluation
CREATE TABLE IF NOT EXISTS `evaluation` (
  `id` int(30) NOT NULL AUTO_INCREMENT,
  `STUDENT_id` int(11) DEFAULT NULL,
  `ACADTERM_id` int(11) DEFAULT NULL,
  `FACULTY_id` int(11) DEFAULT NULL,
  `adding_reference_id` int(11) DEFAULT NULL COMMENT 'the previous evaluation reference',
  `evaluation_date` datetime DEFAULT NULL,
  `year_level` int(11) DEFAULT NULL,
  `type` varchar(50) COLLATE utf8_unicode_ci DEFAULT NULL COMMENT 'REGULAR, , ADDING/CHANGING, SUMMER, MIDYEAR',
  `remarks` varchar(50) COLLATE utf8_unicode_ci DEFAULT 'ACCEPTED' COMMENT 'OVERWRITTEN',
  `print_type` varchar(50) COLLATE utf8_unicode_ci DEFAULT 'NOT_SET',
  `cancelled_by` int(11) DEFAULT NULL,
  `cancelled_date` datetime DEFAULT NULL,
  `active` int(1) DEFAULT '1',
  PRIMARY KEY (`id`),
  KEY `evaluation_fk_from_student_cict_id` (`STUDENT_id`),
  KEY `evaluation_fk_from_academic_term_id` (`ACADTERM_id`),
  KEY `evaluation_fk_from_faculty_id` (`FACULTY_id`),
  KEY `evaluation_fk_self` (`adding_reference_id`),
  CONSTRAINT `evaluation_fk_from_academic_term_id` FOREIGN KEY (`ACADTERM_id`) REFERENCES `academic_term` (`id`),
  CONSTRAINT `evaluation_fk_from_faculty_id` FOREIGN KEY (`FACULTY_id`) REFERENCES `faculty` (`id`),
  CONSTRAINT `evaluation_fk_from_student_cict_id` FOREIGN KEY (`STUDENT_id`) REFERENCES `student` (`cict_id`),
  CONSTRAINT `evaluation_fk_self` FOREIGN KEY (`adding_reference_id`) REFERENCES `evaluation` (`id`)
) ENGINE=InnoDB AUTO_INCREMENT=8 DEFAULT CHARSET=utf8 COLLATE=utf8_unicode_ci COMMENT='has a duplication of student_id in the load_subjects';

-- Dumping data for table cictems.evaluation: ~5 rows (approximately)
/*!40000 ALTER TABLE `evaluation` DISABLE KEYS */;
INSERT INTO `evaluation` (`id`, `STUDENT_id`, `ACADTERM_id`, `FACULTY_id`, `adding_reference_id`, `evaluation_date`, `year_level`, `type`, `remarks`, `print_type`, `cancelled_by`, `cancelled_date`, `active`) VALUES
	(3, 57, 11, 1, NULL, '2017-10-04 19:47:49', 1, 'REGULAR', 'REVOKED', 'OLD', 2, '2017-10-04 19:48:00', 0),
	(4, 57, 11, 1, NULL, '2017-10-04 20:20:01', 1, 'REGULAR', 'REVOKED', 'OLD', 2, '2017-10-04 20:20:26', 0),
	(5, 57, 11, 2, NULL, '2017-10-04 20:21:02', 1, 'REGULAR', 'REVOKED', 'OLD', 2, '2017-10-04 20:21:12', 0),
	(6, 57, 11, 1, NULL, '2017-10-04 20:41:19', 1, 'REGULAR', 'REVOKED', 'IRREGULAR', 2, '2017-10-15 02:41:38', 0),
	(7, 57, 11, 1, 6, '2017-10-04 20:41:39', 1, 'ADDING_CHANGING', 'REVOKED_ADD_CHANGE', 'NOT_SET', 1, '2017-10-04 20:41:44', 0);
/*!40000 ALTER TABLE `evaluation` ENABLE KEYS */;

-- Dumping structure for table cictems.faculty
CREATE TABLE IF NOT EXISTS `faculty` (
  `id` int(30) NOT NULL AUTO_INCREMENT,
  `bulsu_id` varchar(50) COLLATE utf8_unicode_ci DEFAULT NULL,
  `last_name` varchar(100) COLLATE utf8_unicode_ci DEFAULT NULL,
  `first_name` varchar(100) COLLATE utf8_unicode_ci DEFAULT NULL,
  `middle_name` varchar(100) COLLATE utf8_unicode_ci DEFAULT NULL,
  `name_extension` varchar(100) COLLATE utf8_unicode_ci DEFAULT NULL COMMENT 'the third jr sr',
  `gender` varchar(100) COLLATE utf8_unicode_ci DEFAULT NULL,
  `rank` varchar(50) COLLATE utf8_unicode_ci DEFAULT NULL,
  `designation` varchar(50) COLLATE utf8_unicode_ci DEFAULT NULL,
  `department` varchar(50) COLLATE utf8_unicode_ci DEFAULT NULL,
  `active` int(1) DEFAULT '1',
  PRIMARY KEY (`id`)
) ENGINE=InnoDB AUTO_INCREMENT=5 DEFAULT CHARSET=utf8 COLLATE=utf8_unicode_ci;

-- Dumping data for table cictems.faculty: ~4 rows (approximately)
/*!40000 ALTER TABLE `faculty` DISABLE KEYS */;
INSERT INTO `faculty` (`id`, `bulsu_id`, `last_name`, `first_name`, `middle_name`, `name_extension`, `gender`, `rank`, `designation`, `department`, `active`) VALUES
	(1, '2017-A', 'PERELLO', 'JHON MELVIN', 'NIETO', NULL, 'MALE', 'INSTRUCTOR', 'FACULTY', 'NONE', 1),
	(2, '2017-E', 'SAMSON', 'EVELYN', NULL, NULL, 'FEMALE', 'ASSOCIATE PROFESSOR III', 'LOCAL REGISTRAR', 'BSIT', 0),
	(3, '2017-B', 'DE LA CRUZ', 'JOEMAR', 'NUCOM', NULL, 'MALE', 'INSTRUCTOR', 'FACULTY', 'NONE', 1),
	(4, '2017-C', 'CALIZON', 'JOHN MICHAEL', 'EWAN', NULL, 'MALE', 'INSTRUCTOR', 'FACULTY', NULL, 1);
/*!40000 ALTER TABLE `faculty` ENABLE KEYS */;

-- Dumping structure for table cictems.faculty_profile
CREATE TABLE IF NOT EXISTS `faculty_profile` (
  `id` int(11) NOT NULL AUTO_INCREMENT,
  `birthdate` varchar(50) COLLATE utf8_unicode_ci DEFAULT NULL,
  `place_of_birth` varchar(50) COLLATE utf8_unicode_ci DEFAULT NULL,
  `sex` varchar(50) COLLATE utf8_unicode_ci DEFAULT NULL,
  `civil_status` varchar(50) COLLATE utf8_unicode_ci DEFAULT NULL,
  `height` varchar(50) COLLATE utf8_unicode_ci DEFAULT NULL,
  `weight` varchar(50) COLLATE utf8_unicode_ci DEFAULT NULL,
  `blood_type` varchar(50) COLLATE utf8_unicode_ci DEFAULT NULL,
  `GSIS_id` varchar(50) COLLATE utf8_unicode_ci DEFAULT NULL,
  `PAGIBIG_id` varchar(50) COLLATE utf8_unicode_ci DEFAULT NULL,
  `PHILHEALTH_id` varchar(50) COLLATE utf8_unicode_ci DEFAULT NULL,
  `SSS_id` varchar(50) COLLATE utf8_unicode_ci DEFAULT NULL,
  `TIN_no` varchar(50) COLLATE utf8_unicode_ci DEFAULT NULL,
  `citizenship` varchar(50) COLLATE utf8_unicode_ci DEFAULT NULL,
  `dual_citizenship` varchar(50) COLLATE utf8_unicode_ci DEFAULT NULL,
  `dual_type` varchar(50) COLLATE utf8_unicode_ci DEFAULT NULL,
  `dual_country` varchar(50) COLLATE utf8_unicode_ci DEFAULT NULL,
  `res_house` varchar(50) COLLATE utf8_unicode_ci DEFAULT NULL,
  `res_street` varchar(50) COLLATE utf8_unicode_ci DEFAULT NULL,
  `res_village` varchar(50) COLLATE utf8_unicode_ci DEFAULT NULL,
  `res_brgy` varchar(50) COLLATE utf8_unicode_ci DEFAULT NULL,
  `res_city` varchar(50) COLLATE utf8_unicode_ci DEFAULT NULL,
  `res_province` varchar(50) COLLATE utf8_unicode_ci DEFAULT NULL,
  `res_zip` varchar(50) COLLATE utf8_unicode_ci DEFAULT NULL,
  `addr_house` varchar(50) COLLATE utf8_unicode_ci DEFAULT NULL,
  `addr_street` varchar(50) COLLATE utf8_unicode_ci DEFAULT NULL,
  `addr_village` varchar(50) COLLATE utf8_unicode_ci DEFAULT NULL,
  `addr_brgy` varchar(50) COLLATE utf8_unicode_ci DEFAULT NULL,
  `addr_city` varchar(50) COLLATE utf8_unicode_ci DEFAULT NULL,
  `addr_province` varchar(50) COLLATE utf8_unicode_ci DEFAULT NULL,
  `addr_zip` varchar(50) COLLATE utf8_unicode_ci DEFAULT NULL,
  `telephone` varchar(50) COLLATE utf8_unicode_ci DEFAULT NULL,
  `mobile` varchar(50) COLLATE utf8_unicode_ci DEFAULT NULL,
  `email` varchar(50) COLLATE utf8_unicode_ci DEFAULT NULL,
  `spouse_surname` varchar(50) COLLATE utf8_unicode_ci DEFAULT NULL,
  `spouse_firstname` varchar(50) COLLATE utf8_unicode_ci DEFAULT NULL,
  `spouse_middlename` varchar(50) COLLATE utf8_unicode_ci DEFAULT NULL,
  `spouse_name_ext` varchar(50) COLLATE utf8_unicode_ci DEFAULT NULL,
  `spouse_occupation` varchar(50) COLLATE utf8_unicode_ci DEFAULT NULL,
  `spouse_work_agency` varchar(50) COLLATE utf8_unicode_ci DEFAULT NULL,
  `spouse_work_address` varchar(50) COLLATE utf8_unicode_ci DEFAULT NULL,
  `spouse_telephone` varchar(50) COLLATE utf8_unicode_ci DEFAULT NULL,
  `father_surname` varchar(50) COLLATE utf8_unicode_ci DEFAULT NULL,
  `father_firstname` varchar(50) COLLATE utf8_unicode_ci DEFAULT NULL,
  `father_middlename` varchar(50) COLLATE utf8_unicode_ci DEFAULT NULL,
  `father_name_ext` varchar(50) COLLATE utf8_unicode_ci DEFAULT NULL,
  `mother_maidenname` varchar(50) COLLATE utf8_unicode_ci DEFAULT NULL,
  `mother_surname` varchar(50) COLLATE utf8_unicode_ci DEFAULT NULL,
  `mother_firstname` varchar(50) COLLATE utf8_unicode_ci DEFAULT NULL,
  `mother_middlename` varchar(50) COLLATE utf8_unicode_ci DEFAULT NULL,
  PRIMARY KEY (`id`)
) ENGINE=InnoDB DEFAULT CHARSET=utf8 COLLATE=utf8_unicode_ci;

-- Dumping data for table cictems.faculty_profile: ~0 rows (approximately)
/*!40000 ALTER TABLE `faculty_profile` DISABLE KEYS */;
/*!40000 ALTER TABLE `faculty_profile` ENABLE KEYS */;

-- Dumping structure for table cictems.grade
CREATE TABLE IF NOT EXISTS `grade` (
  `id` int(30) NOT NULL AUTO_INCREMENT,
  `STUDENT_id` int(30) DEFAULT NULL,
  `SUBJECT_id` int(30) DEFAULT NULL,
  `ACADTERM_id` int(30) DEFAULT NULL,
  `rating` varchar(50) COLLATE utf8_unicode_ci DEFAULT 'UNPOSTED',
  `remarks` varchar(100) COLLATE utf8_unicode_ci DEFAULT 'UNPOSTED',
  `credit` double DEFAULT '0',
  `credit_method` varchar(100) COLLATE utf8_unicode_ci DEFAULT 'REGULAR' COMMENT 'REGULAR, CREDIT, CROSS_ENROLL',
  `created_by` int(11) DEFAULT NULL COMMENT 'FACULTY ID',
  `created_date` datetime DEFAULT CURRENT_TIMESTAMP,
  `posted` int(1) DEFAULT '0',
  `posted_by` int(11) DEFAULT NULL COMMENT 'EMS-01-JOEMAR DELA CRUZ',
  `posting_date` datetime DEFAULT NULL,
  `inc_expire` datetime DEFAULT NULL COMMENT 'if remarks is INC +1 year in the posting date else make it default',
  `updated_by` int(11) DEFAULT NULL,
  `updated_date` datetime(6) DEFAULT NULL,
  `reason_for_update` varchar(50) COLLATE utf8_unicode_ci DEFAULT '' COMMENT 'IF the grade will be changed',
  `referrence_curriculum` int(11) DEFAULT NULL,
  `active` int(1) DEFAULT '1',
  PRIMARY KEY (`id`),
  KEY `grade_fk_from_student_id` (`STUDENT_id`),
  KEY `grade_fk_from_subject_id` (`SUBJECT_id`),
  KEY `grade_fk_from_academic_term_id` (`ACADTERM_id`),
  KEY `grade_fk_from_faculty_id_posted` (`posted_by`),
  KEY `grade_fk_from_faculty_id_update` (`updated_by`),
  KEY `grade_fk_from_faculty_id_created` (`created_by`),
  KEY `grade_fk_ref_cur` (`referrence_curriculum`),
  CONSTRAINT `grade_fk_from_academic_term_id` FOREIGN KEY (`ACADTERM_id`) REFERENCES `academic_term` (`id`),
  CONSTRAINT `grade_fk_from_faculty_id_created` FOREIGN KEY (`created_by`) REFERENCES `faculty` (`id`),
  CONSTRAINT `grade_fk_from_faculty_id_posted` FOREIGN KEY (`posted_by`) REFERENCES `faculty` (`id`),
  CONSTRAINT `grade_fk_from_faculty_id_update` FOREIGN KEY (`updated_by`) REFERENCES `faculty` (`id`),
  CONSTRAINT `grade_fk_from_student_id` FOREIGN KEY (`STUDENT_id`) REFERENCES `student` (`cict_id`),
  CONSTRAINT `grade_fk_from_subject_id` FOREIGN KEY (`SUBJECT_id`) REFERENCES `subject` (`id`),
  CONSTRAINT `grade_fk_ref_cur` FOREIGN KEY (`referrence_curriculum`) REFERENCES `curriculum` (`id`)
) ENGINE=InnoDB AUTO_INCREMENT=62 DEFAULT CHARSET=utf8 COLLATE=utf8_unicode_ci COMMENT='evaluation id will be null until evaluated';

-- Dumping data for table cictems.grade: ~2 rows (approximately)
/*!40000 ALTER TABLE `grade` DISABLE KEYS */;
INSERT INTO `grade` (`id`, `STUDENT_id`, `SUBJECT_id`, `ACADTERM_id`, `rating`, `remarks`, `credit`, `credit_method`, `created_by`, `created_date`, `posted`, `posted_by`, `posting_date`, `inc_expire`, `updated_by`, `updated_date`, `reason_for_update`, `referrence_curriculum`, `active`) VALUES
	(60, 57, 190, NULL, '1.00', 'PASSED', 3, 'REGULAR', 1, '2017-10-16 05:31:06', 1, 1, '2017-10-16 05:31:06', NULL, NULL, NULL, '', NULL, 0),
	(61, 57, 216, NULL, 'EXP', 'EXPIRED', 3, 'REGULAR', 1, '2017-10-16 05:31:56', 1, 1, '2017-10-16 05:31:56', NULL, NULL, NULL, '', NULL, 1);
/*!40000 ALTER TABLE `grade` ENABLE KEYS */;

-- Dumping structure for table cictems.linked_entrance
CREATE TABLE IF NOT EXISTS `linked_entrance` (
  `reference_id` int(11) NOT NULL AUTO_INCREMENT,
  `student_number` varchar(50) COLLATE utf8_unicode_ci DEFAULT NULL,
  `name` varchar(50) COLLATE utf8_unicode_ci DEFAULT NULL,
  `status` varchar(50) COLLATE utf8_unicode_ci DEFAULT 'NONE',
  `faculty_name` varchar(50) COLLATE utf8_unicode_ci DEFAULT 'NONE',
  `floor_assignment` int(11) DEFAULT NULL,
  `active` tinyint(4) DEFAULT '1',
  PRIMARY KEY (`reference_id`)
) ENGINE=InnoDB DEFAULT CHARSET=utf8 COLLATE=utf8_unicode_ci;

-- Dumping data for table cictems.linked_entrance: ~1 rows (approximately)
/*!40000 ALTER TABLE `linked_entrance` DISABLE KEYS */;
/*!40000 ALTER TABLE `linked_entrance` ENABLE KEYS */;

-- Dumping structure for table cictems.linked_marshall_session
CREATE TABLE IF NOT EXISTS `linked_marshall_session` (
  `ses_id` int(11) NOT NULL AUTO_INCREMENT,
  `cict_id` int(11) DEFAULT NULL,
  `account_id` int(11) DEFAULT NULL,
  `name` varchar(50) COLLATE utf8_unicode_ci DEFAULT NULL,
  `org` varchar(50) COLLATE utf8_unicode_ci DEFAULT NULL,
  `imei` varchar(100) COLLATE utf8_unicode_ci DEFAULT NULL,
  `session_start` datetime DEFAULT CURRENT_TIMESTAMP,
  `session_end` datetime DEFAULT NULL,
  `status` varchar(50) COLLATE utf8_unicode_ci DEFAULT 'ONLINE',
  `active` int(11) DEFAULT '1',
  PRIMARY KEY (`ses_id`),
  KEY `marshall_session_fk_from_student_cict_id` (`cict_id`),
  KEY `marshall_session_fk_from_account_student_id` (`account_id`),
  CONSTRAINT `marshall_session_fk_from_account_student_id` FOREIGN KEY (`account_id`) REFERENCES `account_student` (`id`),
  CONSTRAINT `marshall_session_fk_from_student_cict_id` FOREIGN KEY (`cict_id`) REFERENCES `student` (`cict_id`)
) ENGINE=InnoDB DEFAULT CHARSET=utf8 COLLATE=utf8_unicode_ci;

-- Dumping data for table cictems.linked_marshall_session: ~0 rows (approximately)
/*!40000 ALTER TABLE `linked_marshall_session` DISABLE KEYS */;
/*!40000 ALTER TABLE `linked_marshall_session` ENABLE KEYS */;

-- Dumping structure for table cictems.linked_pila
CREATE TABLE IF NOT EXISTS `linked_pila` (
  `id` int(11) NOT NULL AUTO_INCREMENT,
  `ACADTERM_id` int(11) DEFAULT NULL,
  `STUDENT_id` int(11) DEFAULT NULL,
  `ACCOUNT_id` int(11) DEFAULT NULL,
  `SETTINGS_id` int(11) DEFAULT NULL,
  `conforme` varchar(50) COLLATE utf8_unicode_ci DEFAULT NULL,
  `course` varchar(50) COLLATE utf8_unicode_ci DEFAULT NULL,
  `imei` varchar(50) COLLATE utf8_unicode_ci DEFAULT NULL,
  `request_accepted` datetime DEFAULT CURRENT_TIMESTAMP,
  `request_called` datetime DEFAULT NULL,
  `request_validity` datetime DEFAULT NULL,
  `floor_assignment` int(11) DEFAULT '0',
  `status` varchar(50) COLLATE utf8_unicode_ci NOT NULL DEFAULT 'INLINE' COMMENT 'INLINE, VOID, CALLED',
  `remarks` varchar(50) COLLATE utf8_unicode_ci NOT NULL DEFAULT 'NONE',
  `active` int(11) DEFAULT '1',
  PRIMARY KEY (`id`),
  KEY `pila_fk_from_academic_term_id` (`ACADTERM_id`),
  KEY `pila_fk_from_student_cict_id` (`STUDENT_id`),
  KEY `pila_fk_from_account_student_id` (`ACCOUNT_id`),
  CONSTRAINT `pila_fk_from_academic_term_id` FOREIGN KEY (`ACADTERM_id`) REFERENCES `academic_term` (`id`),
  CONSTRAINT `pila_fk_from_account_student_id` FOREIGN KEY (`ACCOUNT_id`) REFERENCES `account_student` (`id`),
  CONSTRAINT `pila_fk_from_student_cict_id` FOREIGN KEY (`STUDENT_id`) REFERENCES `student` (`cict_id`)
) ENGINE=InnoDB DEFAULT CHARSET=utf8 COLLATE=utf8_unicode_ci;

-- Dumping data for table cictems.linked_pila: ~0 rows (approximately)
/*!40000 ALTER TABLE `linked_pila` DISABLE KEYS */;
/*!40000 ALTER TABLE `linked_pila` ENABLE KEYS */;

-- Dumping structure for table cictems.linked_pila_3f
CREATE TABLE IF NOT EXISTS `linked_pila_3f` (
  `id` int(11) NOT NULL AUTO_INCREMENT,
  `pila_id` int(11) DEFAULT NULL,
  `active` int(11) DEFAULT '1',
  PRIMARY KEY (`id`),
  KEY `pila_fk_id` (`pila_id`),
  CONSTRAINT `pila_fk_id` FOREIGN KEY (`pila_id`) REFERENCES `linked_pila` (`id`)
) ENGINE=InnoDB DEFAULT CHARSET=utf8 COLLATE=utf8_unicode_ci;

-- Dumping data for table cictems.linked_pila_3f: ~0 rows (approximately)
/*!40000 ALTER TABLE `linked_pila_3f` DISABLE KEYS */;
/*!40000 ALTER TABLE `linked_pila_3f` ENABLE KEYS */;

-- Dumping structure for table cictems.linked_pila_4f
CREATE TABLE IF NOT EXISTS `linked_pila_4f` (
  `id` int(11) NOT NULL AUTO_INCREMENT,
  `pila_id` int(11) DEFAULT NULL,
  `active` int(11) DEFAULT '1',
  PRIMARY KEY (`id`),
  KEY `pila_fk` (`pila_id`),
  CONSTRAINT `pila_fk` FOREIGN KEY (`pila_id`) REFERENCES `linked_pila` (`id`)
) ENGINE=InnoDB DEFAULT CHARSET=utf8 COLLATE=utf8_unicode_ci;

-- Dumping data for table cictems.linked_pila_4f: ~0 rows (approximately)
/*!40000 ALTER TABLE `linked_pila_4f` DISABLE KEYS */;
/*!40000 ALTER TABLE `linked_pila_4f` ENABLE KEYS */;

-- Dumping structure for table cictems.linked_settings
CREATE TABLE IF NOT EXISTS `linked_settings` (
  `id` int(11) NOT NULL AUTO_INCREMENT,
  `floor_3_max` int(11) DEFAULT '0',
  `floor_4_max` int(11) DEFAULT '0',
  `floor_3_name` varchar(50) COLLATE utf8_unicode_ci DEFAULT NULL,
  `floor_4_name` varchar(50) COLLATE utf8_unicode_ci DEFAULT NULL,
  `floor_3_last` int(11) DEFAULT '0',
  `floor_4_last` int(11) DEFAULT '0',
  `floor_3_cut` int(11) DEFAULT '0',
  `floor_4_cut` int(11) DEFAULT '0',
  `created_by` int(11) DEFAULT NULL,
  `created_date` datetime DEFAULT CURRENT_TIMESTAMP,
  `active` int(11) DEFAULT '1',
  PRIMARY KEY (`id`)
) ENGINE=InnoDB AUTO_INCREMENT=2 DEFAULT CHARSET=utf8 COLLATE=utf8_unicode_ci;

-- Dumping data for table cictems.linked_settings: ~0 rows (approximately)
/*!40000 ALTER TABLE `linked_settings` DISABLE KEYS */;
INSERT INTO `linked_settings` (`id`, `floor_3_max`, `floor_4_max`, `floor_3_name`, `floor_4_name`, `floor_3_last`, `floor_4_last`, `floor_3_cut`, `floor_4_cut`, `created_by`, `created_date`, `active`) VALUES
	(1, 1000, 1000, '3FLR/IT8', '4FLR/CT6', 6, 0, 0, 1, 1, '2017-09-10 08:25:36', 1);
/*!40000 ALTER TABLE `linked_settings` ENABLE KEYS */;

-- Dumping structure for table cictems.linked_telemetry
CREATE TABLE IF NOT EXISTS `linked_telemetry` (
  `id` int(11) NOT NULL AUTO_INCREMENT,
  `class_name` varchar(50) COLLATE utf8_unicode_ci NOT NULL DEFAULT 'Unknown',
  `method_name` varchar(50) COLLATE utf8_unicode_ci NOT NULL DEFAULT 'Unknown',
  `line` varchar(50) COLLATE utf8_unicode_ci NOT NULL DEFAULT 'Unknown',
  `classification` varchar(50) COLLATE utf8_unicode_ci NOT NULL DEFAULT 'Unknown',
  `exception_type` varchar(50) COLLATE utf8_unicode_ci NOT NULL DEFAULT 'Unknown',
  `description` varchar(200) COLLATE utf8_unicode_ci NOT NULL DEFAULT 'Unknown',
  `student_number` varchar(30) COLLATE utf8_unicode_ci NOT NULL DEFAULT 'Unknown',
  `student_name` varchar(100) COLLATE utf8_unicode_ci NOT NULL DEFAULT 'Unknown',
  `version` varchar(100) COLLATE utf8_unicode_ci NOT NULL DEFAULT 'Unknown',
  `build` varchar(100) COLLATE utf8_unicode_ci NOT NULL DEFAULT 'Unknown',
  `model` varchar(100) COLLATE utf8_unicode_ci NOT NULL DEFAULT 'Unknown',
  `board` varchar(100) COLLATE utf8_unicode_ci NOT NULL DEFAULT 'Unknown',
  `brand` varchar(100) COLLATE utf8_unicode_ci NOT NULL DEFAULT 'Unknown',
  `hardware` varchar(100) COLLATE utf8_unicode_ci NOT NULL DEFAULT 'Unknown',
  `manufacturer` varchar(100) COLLATE utf8_unicode_ci NOT NULL DEFAULT 'Unknown',
  `serial` varchar(100) COLLATE utf8_unicode_ci NOT NULL DEFAULT 'Unknown',
  `date_submitted` datetime NOT NULL DEFAULT CURRENT_TIMESTAMP,
  `active` int(11) NOT NULL DEFAULT '1',
  PRIMARY KEY (`id`)
) ENGINE=InnoDB DEFAULT CHARSET=utf8 COLLATE=utf8_unicode_ci;

-- Dumping data for table cictems.linked_telemetry: ~0 rows (approximately)
/*!40000 ALTER TABLE `linked_telemetry` DISABLE KEYS */;
/*!40000 ALTER TABLE `linked_telemetry` ENABLE KEYS */;

-- Dumping structure for table cictems.load_group
CREATE TABLE IF NOT EXISTS `load_group` (
  `id` int(11) NOT NULL AUTO_INCREMENT,
  `SUBJECT_id` int(11) DEFAULT NULL,
  `LOADSEC_id` int(11) DEFAULT NULL,
  `faculty` int(11) DEFAULT NULL,
  `group_type` varchar(50) COLLATE utf8_unicode_ci DEFAULT 'REGULAR' COMMENT 'REGULAR,TUTORIAL',
  `added_date` datetime DEFAULT CURRENT_TIMESTAMP,
  `added_by` int(11) DEFAULT NULL,
  `removed_date` datetime DEFAULT NULL,
  `removed_by` int(11) DEFAULT NULL,
  `active` int(11) DEFAULT '1',
  PRIMARY KEY (`id`),
  KEY `load_group_fk_from_subject_id` (`SUBJECT_id`),
  KEY `load_group_fk_from_load_section_id` (`LOADSEC_id`),
  CONSTRAINT `load_group_fk_from_load_section_id` FOREIGN KEY (`LOADSEC_id`) REFERENCES `load_section` (`id`),
  CONSTRAINT `load_group_fk_from_subject_id` FOREIGN KEY (`SUBJECT_id`) REFERENCES `subject` (`id`)
) ENGINE=InnoDB AUTO_INCREMENT=30767 DEFAULT CHARSET=utf8 COLLATE=utf8_unicode_ci COMMENT='all the subjects in that section';

-- Dumping data for table cictems.load_group: ~1,573 rows (approximately)
/*!40000 ALTER TABLE `load_group` DISABLE KEYS */;
INSERT INTO `load_group` (`id`, `SUBJECT_id`, `LOADSEC_id`, `faculty`, `group_type`, `added_date`, `added_by`, `removed_date`, `removed_by`, `active`) VALUES
	(29194, 190, 4246, NULL, 'REGULAR', '2017-10-04 01:49:07', 1, NULL, NULL, 1),
	(29195, 191, 4246, NULL, 'REGULAR', '2017-10-04 01:49:07', 1, NULL, NULL, 1),
	(29196, 192, 4246, NULL, 'REGULAR', '2017-10-04 01:49:07', 1, NULL, NULL, 1),
	(29197, 113, 4246, NULL, 'REGULAR', '2017-10-04 01:49:07', 1, NULL, NULL, 1),
	(29198, 194, 4246, NULL, 'REGULAR', '2017-10-04 01:49:07', 1, NULL, NULL, 1),
	(29199, 193, 4246, NULL, 'REGULAR', '2017-10-04 01:49:07', 1, NULL, NULL, 1),
	(29200, 203, 4246, NULL, 'REGULAR', '2017-10-04 01:49:07', 1, NULL, NULL, 1),
	(29201, 114, 4246, NULL, 'REGULAR', '2017-10-04 01:49:07', 1, NULL, NULL, 1),
	(29202, 196, 4246, NULL, 'REGULAR', '2017-10-04 01:49:07', 1, NULL, NULL, 1),
	(29203, 119, 4246, NULL, 'REGULAR', '2017-10-04 01:49:07', 1, NULL, NULL, 1),
	(29204, 190, 4247, NULL, 'REGULAR', '2017-10-04 01:49:07', 1, '2017-10-05 14:01:33', NULL, 0),
	(29205, 191, 4247, NULL, 'REGULAR', '2017-10-04 01:49:07', 1, '2017-10-05 14:01:33', NULL, 0),
	(29206, 192, 4247, NULL, 'REGULAR', '2017-10-04 01:49:07', 1, '2017-10-05 14:01:33', NULL, 0),
	(29207, 113, 4247, NULL, 'REGULAR', '2017-10-04 01:49:07', 1, '2017-10-05 14:01:33', NULL, 0),
	(29208, 194, 4247, NULL, 'REGULAR', '2017-10-04 01:49:07', 1, '2017-10-05 14:01:33', NULL, 0),
	(29209, 193, 4247, NULL, 'REGULAR', '2017-10-04 01:49:07', 1, '2017-10-05 14:01:33', NULL, 0),
	(29210, 203, 4247, NULL, 'REGULAR', '2017-10-04 01:49:07', 1, '2017-10-05 14:01:33', NULL, 0),
	(29211, 114, 4247, NULL, 'REGULAR', '2017-10-04 01:49:07', 1, '2017-10-05 14:01:33', NULL, 0),
	(29212, 196, 4247, NULL, 'REGULAR', '2017-10-04 01:49:07', 1, '2017-10-05 14:01:33', NULL, 0),
	(29213, 119, 4247, NULL, 'REGULAR', '2017-10-04 01:49:07', 1, '2017-10-05 14:01:33', NULL, 0),
	(29214, 207, 4248, NULL, 'REGULAR', '2017-10-04 01:49:07', 1, '2017-10-05 14:26:57', 1, 0),
	(29215, 208, 4248, NULL, 'REGULAR', '2017-10-04 01:49:07', 1, '2017-10-05 14:26:57', 1, 0),
	(29216, 209, 4248, NULL, 'REGULAR', '2017-10-04 01:49:07', 1, '2017-10-05 14:26:57', 1, 0),
	(29217, 210, 4248, NULL, 'REGULAR', '2017-10-04 01:49:07', 1, '2017-10-05 14:26:57', 1, 0),
	(29218, 211, 4248, NULL, 'REGULAR', '2017-10-04 01:49:07', 1, '2017-10-05 14:26:57', 1, 0),
	(29219, 212, 4248, NULL, 'REGULAR', '2017-10-04 01:49:07', 1, '2017-10-05 14:26:57', 1, 0),
	(29220, 213, 4248, NULL, 'REGULAR', '2017-10-04 01:49:07', 1, '2017-10-05 14:26:57', 1, 0),
	(29221, 214, 4248, NULL, 'REGULAR', '2017-10-04 01:49:07', 1, '2017-10-05 14:26:57', 1, 0),
	(29222, 215, 4248, NULL, 'REGULAR', '2017-10-04 01:49:07', 1, '2017-10-05 14:26:57', 1, 0),
	(29223, 207, 4249, NULL, 'REGULAR', '2017-10-04 01:49:07', 1, NULL, NULL, 1),
	(29224, 208, 4249, NULL, 'REGULAR', '2017-10-04 01:49:07', 1, NULL, NULL, 1),
	(29225, 209, 4249, NULL, 'REGULAR', '2017-10-04 01:49:07', 1, NULL, NULL, 1),
	(29226, 210, 4249, NULL, 'REGULAR', '2017-10-04 01:49:07', 1, NULL, NULL, 1),
	(29227, 211, 4249, NULL, 'REGULAR', '2017-10-04 01:49:07', 1, NULL, NULL, 1),
	(29228, 212, 4249, NULL, 'REGULAR', '2017-10-04 01:49:07', 1, NULL, NULL, 1),
	(29229, 213, 4249, NULL, 'REGULAR', '2017-10-04 01:49:07', 1, NULL, NULL, 1),
	(29230, 214, 4249, NULL, 'REGULAR', '2017-10-04 01:49:07', 1, NULL, NULL, 1),
	(29231, 215, 4249, NULL, 'REGULAR', '2017-10-04 01:49:07', 1, NULL, NULL, 1),
	(29232, 226, 4250, NULL, 'REGULAR', '2017-10-04 01:49:07', 1, '2017-10-05 14:29:03', 1, 0),
	(29233, 227, 4250, NULL, 'REGULAR', '2017-10-04 01:49:07', 1, '2017-10-05 14:29:03', 1, 0),
	(29234, 228, 4250, NULL, 'REGULAR', '2017-10-04 01:49:07', 1, '2017-10-05 14:29:03', 1, 0),
	(29235, 229, 4250, NULL, 'REGULAR', '2017-10-04 01:49:07', 1, '2017-10-05 14:29:03', 1, 0),
	(29236, 230, 4250, NULL, 'REGULAR', '2017-10-04 01:49:07', 1, '2017-10-05 14:29:03', 1, 0),
	(29237, 231, 4250, NULL, 'REGULAR', '2017-10-04 01:49:07', 1, '2017-10-05 14:29:03', 1, 0),
	(29238, 232, 4250, NULL, 'REGULAR', '2017-10-04 01:49:07', 1, '2017-10-05 14:29:03', 1, 0),
	(29239, 233, 4250, NULL, 'REGULAR', '2017-10-04 01:49:07', 1, '2017-10-05 14:29:03', 1, 0),
	(29240, 226, 4251, NULL, 'REGULAR', '2017-10-04 01:49:07', 1, '2017-10-05 14:29:13', 1, 0),
	(29241, 227, 4251, NULL, 'REGULAR', '2017-10-04 01:49:07', 1, '2017-10-05 14:29:13', 1, 0),
	(29242, 228, 4251, NULL, 'REGULAR', '2017-10-04 01:49:07', 1, '2017-10-05 14:29:13', 1, 0),
	(29243, 229, 4251, NULL, 'REGULAR', '2017-10-04 01:49:07', 1, '2017-10-05 14:29:13', 1, 0),
	(29244, 230, 4251, NULL, 'REGULAR', '2017-10-04 01:49:07', 1, '2017-10-05 14:29:13', 1, 0),
	(29245, 231, 4251, NULL, 'REGULAR', '2017-10-04 01:49:07', 1, '2017-10-05 14:29:13', 1, 0),
	(29246, 232, 4251, NULL, 'REGULAR', '2017-10-04 01:49:07', 1, '2017-10-05 14:29:13', 1, 0),
	(29247, 233, 4251, NULL, 'REGULAR', '2017-10-04 01:49:07', 1, '2017-10-05 14:29:13', 1, 0),
	(29248, 243, 4252, NULL, 'REGULAR', '2017-10-04 01:49:07', 1, '2017-10-05 14:42:52', 1, 0),
	(29249, 244, 4252, NULL, 'REGULAR', '2017-10-04 01:49:07', 1, '2017-10-05 14:42:52', 1, 0),
	(29250, 242, 4252, NULL, 'REGULAR', '2017-10-04 01:49:07', 1, '2017-10-05 14:42:52', 1, 0),
	(29251, 243, 4253, NULL, 'REGULAR', '2017-10-04 01:49:07', 1, '2017-10-05 14:43:03', 1, 0),
	(29252, 244, 4253, NULL, 'REGULAR', '2017-10-04 01:49:07', 1, '2017-10-05 14:43:03', 1, 0),
	(29253, 242, 4253, NULL, 'REGULAR', '2017-10-04 01:49:07', 1, '2017-10-05 14:43:03', 1, 0),
	(29254, 243, 4254, NULL, 'REGULAR', '2017-10-04 01:49:07', 1, '2017-10-13 20:45:13', 1, 0),
	(29255, 244, 4254, NULL, 'REGULAR', '2017-10-04 01:49:07', 1, '2017-10-13 20:45:13', 1, 0),
	(29256, 242, 4254, NULL, 'REGULAR', '2017-10-04 01:49:07', 1, '2017-10-13 20:45:13', 1, 0),
	(29257, 243, 4255, NULL, 'REGULAR', '2017-10-04 01:49:07', 1, NULL, NULL, 1),
	(29258, 244, 4255, NULL, 'REGULAR', '2017-10-04 01:49:07', 1, NULL, NULL, 1),
	(29259, 242, 4255, NULL, 'REGULAR', '2017-10-04 01:49:07', 1, NULL, NULL, 1),
	(29260, 243, 4256, NULL, 'REGULAR', '2017-10-04 01:49:07', 1, NULL, NULL, 1),
	(29261, 244, 4256, NULL, 'REGULAR', '2017-10-04 01:49:07', 1, NULL, NULL, 1),
	(29262, 242, 4256, NULL, 'REGULAR', '2017-10-04 01:49:07', 1, NULL, NULL, 1),
	(29263, 243, 4257, NULL, 'REGULAR', '2017-10-04 01:49:07', 1, NULL, NULL, 1),
	(29264, 244, 4257, NULL, 'REGULAR', '2017-10-04 01:49:07', 1, NULL, NULL, 1),
	(29265, 242, 4257, NULL, 'REGULAR', '2017-10-04 01:49:07', 1, NULL, NULL, 1),
	(29266, 243, 4258, NULL, 'REGULAR', '2017-10-04 01:49:07', 1, NULL, NULL, 1),
	(29267, 244, 4258, NULL, 'REGULAR', '2017-10-04 01:49:07', 1, NULL, NULL, 1),
	(29268, 242, 4258, NULL, 'REGULAR', '2017-10-04 01:49:07', 1, NULL, NULL, 1),
	(29269, 243, 4259, NULL, 'REGULAR', '2017-10-04 01:49:07', 1, NULL, NULL, 1),
	(29270, 244, 4259, NULL, 'REGULAR', '2017-10-04 01:49:07', 1, NULL, NULL, 1),
	(29271, 242, 4259, NULL, 'REGULAR', '2017-10-04 01:49:07', 1, NULL, NULL, 1),
	(29272, 171, 4260, NULL, 'REGULAR', '2017-10-04 01:49:07', 1, NULL, NULL, 1),
	(29273, 171, 4261, NULL, 'REGULAR', '2017-10-04 01:49:07', 1, NULL, NULL, 1),
	(29274, 171, 4262, NULL, 'REGULAR', '2017-10-04 01:49:07', 1, NULL, NULL, 1),
	(29275, 171, 4263, NULL, 'REGULAR', '2017-10-04 01:49:07', 1, NULL, NULL, 1),
	(29276, 171, 4264, NULL, 'REGULAR', '2017-10-04 01:49:07', 1, NULL, NULL, 1),
	(29277, 171, 4265, NULL, 'REGULAR', '2017-10-04 01:49:07', 1, NULL, NULL, 1),
	(29278, 171, 4266, NULL, 'REGULAR', '2017-10-04 01:49:07', 1, NULL, NULL, 1),
	(29279, 171, 4267, NULL, 'REGULAR', '2017-10-04 01:49:07', 1, NULL, NULL, 1),
	(29280, 110, 4268, NULL, 'REGULAR', '2017-10-05 13:04:03', 1, NULL, NULL, 1),
	(29281, 111, 4268, NULL, 'REGULAR', '2017-10-05 13:04:03', 1, NULL, NULL, 1),
	(29282, 112, 4268, NULL, 'REGULAR', '2017-10-05 13:04:03', 1, NULL, NULL, 1),
	(29283, 113, 4268, NULL, 'REGULAR', '2017-10-05 13:04:03', 1, NULL, NULL, 1),
	(29284, 114, 4268, NULL, 'REGULAR', '2017-10-05 13:04:03', 1, NULL, NULL, 1),
	(29285, 115, 4268, NULL, 'REGULAR', '2017-10-05 13:04:03', 1, NULL, NULL, 1),
	(29286, 116, 4268, NULL, 'REGULAR', '2017-10-05 13:04:03', 1, NULL, NULL, 1),
	(29287, 117, 4268, NULL, 'REGULAR', '2017-10-05 13:04:03', 1, NULL, NULL, 1),
	(29288, 118, 4268, NULL, 'REGULAR', '2017-10-05 13:04:03', 1, NULL, NULL, 1),
	(29289, 119, 4268, NULL, 'REGULAR', '2017-10-05 13:04:03', 1, NULL, NULL, 1),
	(29290, 190, 4269, NULL, 'REGULAR', '2017-10-05 14:43:22', 1, NULL, NULL, 1),
	(29291, 191, 4269, NULL, 'REGULAR', '2017-10-05 14:43:22', 1, NULL, NULL, 1),
	(29292, 192, 4269, NULL, 'REGULAR', '2017-10-05 14:43:22', 1, NULL, NULL, 1),
	(29293, 113, 4269, NULL, 'REGULAR', '2017-10-05 14:43:22', 1, NULL, NULL, 1),
	(29294, 194, 4269, NULL, 'REGULAR', '2017-10-05 14:43:22', 1, NULL, NULL, 1),
	(29295, 193, 4269, NULL, 'REGULAR', '2017-10-05 14:43:22', 1, NULL, NULL, 1),
	(29296, 203, 4269, NULL, 'REGULAR', '2017-10-05 14:43:22', 1, NULL, NULL, 1),
	(29297, 114, 4269, NULL, 'REGULAR', '2017-10-05 14:43:22', 1, NULL, NULL, 1),
	(29298, 196, 4269, NULL, 'REGULAR', '2017-10-05 14:43:22', 1, NULL, NULL, 1),
	(29299, 119, 4269, NULL, 'REGULAR', '2017-10-05 14:43:22', 1, NULL, NULL, 1),
	(29300, 207, 4270, NULL, 'REGULAR', '2017-10-05 14:43:22', 1, NULL, NULL, 1),
	(29301, 208, 4270, NULL, 'REGULAR', '2017-10-05 14:43:22', 1, NULL, NULL, 1),
	(29302, 209, 4270, NULL, 'REGULAR', '2017-10-05 14:43:22', 1, NULL, NULL, 1),
	(29303, 210, 4270, NULL, 'REGULAR', '2017-10-05 14:43:22', 1, NULL, NULL, 1),
	(29304, 211, 4270, NULL, 'REGULAR', '2017-10-05 14:43:22', 1, NULL, NULL, 1),
	(29305, 212, 4270, NULL, 'REGULAR', '2017-10-05 14:43:22', 1, NULL, NULL, 1),
	(29306, 213, 4270, NULL, 'REGULAR', '2017-10-05 14:43:22', 1, NULL, NULL, 1),
	(29307, 214, 4270, NULL, 'REGULAR', '2017-10-05 14:43:22', 1, NULL, NULL, 1),
	(29308, 215, 4270, NULL, 'REGULAR', '2017-10-05 14:43:22', 1, NULL, NULL, 1),
	(29309, 226, 4271, NULL, 'REGULAR', '2017-10-05 14:43:22', 1, NULL, NULL, 1),
	(29310, 227, 4271, NULL, 'REGULAR', '2017-10-05 14:43:22', 1, NULL, NULL, 1),
	(29311, 228, 4271, NULL, 'REGULAR', '2017-10-05 14:43:22', 1, NULL, NULL, 1),
	(29312, 229, 4271, NULL, 'REGULAR', '2017-10-05 14:43:22', 1, NULL, NULL, 1),
	(29313, 230, 4271, NULL, 'REGULAR', '2017-10-05 14:43:22', 1, NULL, NULL, 1),
	(29314, 231, 4271, NULL, 'REGULAR', '2017-10-05 14:43:22', 1, NULL, NULL, 1),
	(29315, 232, 4271, NULL, 'REGULAR', '2017-10-05 14:43:22', 1, NULL, NULL, 1),
	(29316, 233, 4271, NULL, 'REGULAR', '2017-10-05 14:43:22', 1, NULL, NULL, 1),
	(29317, 226, 4272, NULL, 'REGULAR', '2017-10-05 14:43:22', 1, NULL, NULL, 1),
	(29318, 227, 4272, NULL, 'REGULAR', '2017-10-05 14:43:22', 1, NULL, NULL, 1),
	(29319, 228, 4272, NULL, 'REGULAR', '2017-10-05 14:43:22', 1, NULL, NULL, 1),
	(29320, 229, 4272, NULL, 'REGULAR', '2017-10-05 14:43:22', 1, NULL, NULL, 1),
	(29321, 230, 4272, NULL, 'REGULAR', '2017-10-05 14:43:22', 1, NULL, NULL, 1),
	(29322, 231, 4272, NULL, 'REGULAR', '2017-10-05 14:43:22', 1, NULL, NULL, 1),
	(29323, 232, 4272, NULL, 'REGULAR', '2017-10-05 14:43:22', 1, NULL, NULL, 1),
	(29324, 233, 4272, NULL, 'REGULAR', '2017-10-05 14:43:22', 1, NULL, NULL, 1),
	(29325, 243, 4273, NULL, 'REGULAR', '2017-10-05 14:43:22', 1, NULL, NULL, 1),
	(29326, 244, 4273, NULL, 'REGULAR', '2017-10-05 14:43:22', 1, NULL, NULL, 1),
	(29327, 242, 4273, NULL, 'REGULAR', '2017-10-05 14:43:22', 1, NULL, NULL, 1),
	(29328, 243, 4274, NULL, 'REGULAR', '2017-10-05 14:43:22', 1, NULL, NULL, 1),
	(29329, 244, 4274, NULL, 'REGULAR', '2017-10-05 14:43:22', 1, NULL, NULL, 1),
	(29330, 242, 4274, NULL, 'REGULAR', '2017-10-05 14:43:22', 1, NULL, NULL, 1),
	(29331, 110, 4275, NULL, 'REGULAR', '2017-10-13 05:10:30', 1, NULL, NULL, 1),
	(29332, 111, 4275, NULL, 'REGULAR', '2017-10-13 05:10:30', 1, NULL, NULL, 1),
	(29333, 112, 4275, NULL, 'REGULAR', '2017-10-13 05:10:30', 1, NULL, NULL, 1),
	(29334, 113, 4275, NULL, 'REGULAR', '2017-10-13 05:10:30', 1, NULL, NULL, 1),
	(29335, 114, 4275, NULL, 'REGULAR', '2017-10-13 05:10:30', 1, NULL, NULL, 1),
	(29336, 115, 4275, NULL, 'REGULAR', '2017-10-13 05:10:30', 1, NULL, NULL, 1),
	(29337, 116, 4275, NULL, 'REGULAR', '2017-10-13 05:10:30', 1, NULL, NULL, 1),
	(29338, 117, 4275, NULL, 'REGULAR', '2017-10-13 05:10:30', 1, NULL, NULL, 1),
	(29339, 118, 4275, NULL, 'REGULAR', '2017-10-13 05:10:30', 1, NULL, NULL, 1),
	(29340, 119, 4275, NULL, 'REGULAR', '2017-10-13 05:10:30', 1, NULL, NULL, 1),
	(29341, 110, 4276, NULL, 'REGULAR', '2017-10-13 05:10:30', 1, NULL, NULL, 1),
	(29342, 111, 4276, NULL, 'REGULAR', '2017-10-13 05:10:30', 1, NULL, NULL, 1),
	(29343, 112, 4276, NULL, 'REGULAR', '2017-10-13 05:10:30', 1, NULL, NULL, 1),
	(29344, 113, 4276, NULL, 'REGULAR', '2017-10-13 05:10:30', 1, NULL, NULL, 1),
	(29345, 114, 4276, NULL, 'REGULAR', '2017-10-13 05:10:30', 1, NULL, NULL, 1),
	(29346, 115, 4276, NULL, 'REGULAR', '2017-10-13 05:10:30', 1, NULL, NULL, 1),
	(29347, 116, 4276, NULL, 'REGULAR', '2017-10-13 05:10:30', 1, NULL, NULL, 1),
	(29348, 117, 4276, NULL, 'REGULAR', '2017-10-13 05:10:30', 1, NULL, NULL, 1),
	(29349, 118, 4276, NULL, 'REGULAR', '2017-10-13 05:10:30', 1, NULL, NULL, 1),
	(29350, 119, 4276, NULL, 'REGULAR', '2017-10-13 05:10:30', 1, NULL, NULL, 1),
	(29351, 110, 4277, NULL, 'REGULAR', '2017-10-13 05:10:30', 1, NULL, NULL, 1),
	(29352, 111, 4277, NULL, 'REGULAR', '2017-10-13 05:10:30', 1, NULL, NULL, 1),
	(29353, 112, 4277, NULL, 'REGULAR', '2017-10-13 05:10:30', 1, NULL, NULL, 1),
	(29354, 113, 4277, NULL, 'REGULAR', '2017-10-13 05:10:30', 1, NULL, NULL, 1),
	(29355, 114, 4277, NULL, 'REGULAR', '2017-10-13 05:10:30', 1, NULL, NULL, 1),
	(29356, 115, 4277, NULL, 'REGULAR', '2017-10-13 05:10:30', 1, NULL, NULL, 1),
	(29357, 116, 4277, NULL, 'REGULAR', '2017-10-13 05:10:30', 1, NULL, NULL, 1),
	(29358, 117, 4277, NULL, 'REGULAR', '2017-10-13 05:10:30', 1, NULL, NULL, 1),
	(29359, 118, 4277, NULL, 'REGULAR', '2017-10-13 05:10:30', 1, NULL, NULL, 1),
	(29360, 119, 4277, NULL, 'REGULAR', '2017-10-13 05:10:30', 1, NULL, NULL, 1),
	(29361, 110, 4278, NULL, 'REGULAR', '2017-10-13 05:10:30', 1, NULL, NULL, 1),
	(29362, 111, 4278, NULL, 'REGULAR', '2017-10-13 05:10:30', 1, NULL, NULL, 1),
	(29363, 112, 4278, NULL, 'REGULAR', '2017-10-13 05:10:30', 1, NULL, NULL, 1),
	(29364, 113, 4278, NULL, 'REGULAR', '2017-10-13 05:10:30', 1, NULL, NULL, 1),
	(29365, 114, 4278, NULL, 'REGULAR', '2017-10-13 05:10:30', 1, NULL, NULL, 1),
	(29366, 115, 4278, NULL, 'REGULAR', '2017-10-13 05:10:30', 1, NULL, NULL, 1),
	(29367, 116, 4278, NULL, 'REGULAR', '2017-10-13 05:10:30', 1, NULL, NULL, 1),
	(29368, 117, 4278, NULL, 'REGULAR', '2017-10-13 05:10:30', 1, NULL, NULL, 1),
	(29369, 118, 4278, NULL, 'REGULAR', '2017-10-13 05:10:30', 1, NULL, NULL, 1),
	(29370, 119, 4278, NULL, 'REGULAR', '2017-10-13 05:10:31', 1, NULL, NULL, 1),
	(29371, 110, 4279, NULL, 'REGULAR', '2017-10-13 05:10:31', 1, NULL, NULL, 1),
	(29372, 111, 4279, NULL, 'REGULAR', '2017-10-13 05:10:31', 1, NULL, NULL, 1),
	(29373, 112, 4279, NULL, 'REGULAR', '2017-10-13 05:10:31', 1, NULL, NULL, 1),
	(29374, 113, 4279, NULL, 'REGULAR', '2017-10-13 05:10:31', 1, NULL, NULL, 1),
	(29375, 114, 4279, NULL, 'REGULAR', '2017-10-13 05:10:31', 1, NULL, NULL, 1),
	(29376, 115, 4279, NULL, 'REGULAR', '2017-10-13 05:10:31', 1, NULL, NULL, 1),
	(29377, 116, 4279, NULL, 'REGULAR', '2017-10-13 05:10:31', 1, NULL, NULL, 1),
	(29378, 117, 4279, NULL, 'REGULAR', '2017-10-13 05:10:31', 1, NULL, NULL, 1),
	(29379, 118, 4279, NULL, 'REGULAR', '2017-10-13 05:10:31', 1, NULL, NULL, 1),
	(29380, 119, 4279, NULL, 'REGULAR', '2017-10-13 05:10:31', 1, NULL, NULL, 1),
	(29381, 110, 4280, NULL, 'REGULAR', '2017-10-13 05:10:31', 1, NULL, NULL, 1),
	(29382, 111, 4280, NULL, 'REGULAR', '2017-10-13 05:10:31', 1, NULL, NULL, 1),
	(29383, 112, 4280, NULL, 'REGULAR', '2017-10-13 05:10:31', 1, NULL, NULL, 1),
	(29384, 113, 4280, NULL, 'REGULAR', '2017-10-13 05:10:31', 1, NULL, NULL, 1),
	(29385, 114, 4280, NULL, 'REGULAR', '2017-10-13 05:10:31', 1, NULL, NULL, 1),
	(29386, 115, 4280, NULL, 'REGULAR', '2017-10-13 05:10:31', 1, NULL, NULL, 1),
	(29387, 116, 4280, NULL, 'REGULAR', '2017-10-13 05:10:31', 1, NULL, NULL, 1),
	(29388, 117, 4280, NULL, 'REGULAR', '2017-10-13 05:10:31', 1, NULL, NULL, 1),
	(29389, 118, 4280, NULL, 'REGULAR', '2017-10-13 05:10:31', 1, NULL, NULL, 1),
	(29390, 119, 4280, NULL, 'REGULAR', '2017-10-13 05:10:31', 1, NULL, NULL, 1),
	(29391, 110, 4281, NULL, 'REGULAR', '2017-10-13 05:10:31', 1, NULL, NULL, 1),
	(29392, 111, 4281, NULL, 'REGULAR', '2017-10-13 05:10:31', 1, NULL, NULL, 1),
	(29393, 112, 4281, NULL, 'REGULAR', '2017-10-13 05:10:31', 1, NULL, NULL, 1),
	(29394, 113, 4281, NULL, 'REGULAR', '2017-10-13 05:10:31', 1, NULL, NULL, 1),
	(29395, 114, 4281, NULL, 'REGULAR', '2017-10-13 05:10:31', 1, NULL, NULL, 1),
	(29396, 115, 4281, NULL, 'REGULAR', '2017-10-13 05:10:31', 1, NULL, NULL, 1),
	(29397, 116, 4281, NULL, 'REGULAR', '2017-10-13 05:10:31', 1, NULL, NULL, 1),
	(29398, 117, 4281, NULL, 'REGULAR', '2017-10-13 05:10:31', 1, NULL, NULL, 1),
	(29399, 118, 4281, NULL, 'REGULAR', '2017-10-13 05:10:31', 1, NULL, NULL, 1),
	(29400, 119, 4281, NULL, 'REGULAR', '2017-10-13 05:10:31', 1, NULL, NULL, 1),
	(29401, 110, 4282, NULL, 'REGULAR', '2017-10-13 05:10:31', 1, NULL, NULL, 1),
	(29402, 111, 4282, NULL, 'REGULAR', '2017-10-13 05:10:31', 1, NULL, NULL, 1),
	(29403, 112, 4282, NULL, 'REGULAR', '2017-10-13 05:10:31', 1, NULL, NULL, 1),
	(29404, 113, 4282, NULL, 'REGULAR', '2017-10-13 05:10:31', 1, NULL, NULL, 1),
	(29405, 114, 4282, NULL, 'REGULAR', '2017-10-13 05:10:31', 1, NULL, NULL, 1),
	(29406, 115, 4282, NULL, 'REGULAR', '2017-10-13 05:10:31', 1, NULL, NULL, 1),
	(29407, 116, 4282, NULL, 'REGULAR', '2017-10-13 05:10:31', 1, NULL, NULL, 1),
	(29408, 117, 4282, NULL, 'REGULAR', '2017-10-13 05:10:31', 1, NULL, NULL, 1),
	(29409, 118, 4282, NULL, 'REGULAR', '2017-10-13 05:10:31', 1, NULL, NULL, 1),
	(29410, 119, 4282, NULL, 'REGULAR', '2017-10-13 05:10:31', 1, NULL, NULL, 1),
	(29411, 110, 4283, NULL, 'REGULAR', '2017-10-13 05:10:31', 1, NULL, NULL, 1),
	(29412, 111, 4283, NULL, 'REGULAR', '2017-10-13 05:10:31', 1, NULL, NULL, 1),
	(29413, 112, 4283, NULL, 'REGULAR', '2017-10-13 05:10:31', 1, NULL, NULL, 1),
	(29414, 113, 4283, NULL, 'REGULAR', '2017-10-13 05:10:31', 1, NULL, NULL, 1),
	(29415, 114, 4283, NULL, 'REGULAR', '2017-10-13 05:10:31', 1, NULL, NULL, 1),
	(29416, 115, 4283, NULL, 'REGULAR', '2017-10-13 05:10:31', 1, NULL, NULL, 1),
	(29417, 116, 4283, NULL, 'REGULAR', '2017-10-13 05:10:31', 1, NULL, NULL, 1),
	(29418, 117, 4283, NULL, 'REGULAR', '2017-10-13 05:10:31', 1, NULL, NULL, 1),
	(29419, 118, 4283, NULL, 'REGULAR', '2017-10-13 05:10:31', 1, NULL, NULL, 1),
	(29420, 119, 4283, NULL, 'REGULAR', '2017-10-13 05:10:31', 1, NULL, NULL, 1),
	(29421, 110, 4284, NULL, 'REGULAR', '2017-10-13 05:10:31', 1, NULL, NULL, 1),
	(29422, 111, 4284, NULL, 'REGULAR', '2017-10-13 05:10:31', 1, NULL, NULL, 1),
	(29423, 112, 4284, NULL, 'REGULAR', '2017-10-13 05:10:31', 1, NULL, NULL, 1),
	(29424, 113, 4284, NULL, 'REGULAR', '2017-10-13 05:10:31', 1, NULL, NULL, 1),
	(29425, 114, 4284, NULL, 'REGULAR', '2017-10-13 05:10:31', 1, NULL, NULL, 1),
	(29426, 115, 4284, NULL, 'REGULAR', '2017-10-13 05:10:31', 1, NULL, NULL, 1),
	(29427, 116, 4284, NULL, 'REGULAR', '2017-10-13 05:10:31', 1, NULL, NULL, 1),
	(29428, 117, 4284, NULL, 'REGULAR', '2017-10-13 05:10:31', 1, NULL, NULL, 1),
	(29429, 118, 4284, NULL, 'REGULAR', '2017-10-13 05:10:31', 1, NULL, NULL, 1),
	(29430, 119, 4284, NULL, 'REGULAR', '2017-10-13 05:10:31', 1, NULL, NULL, 1),
	(29431, 110, 4285, NULL, 'REGULAR', '2017-10-13 05:10:31', 1, NULL, NULL, 1),
	(29432, 111, 4285, NULL, 'REGULAR', '2017-10-13 05:10:31', 1, NULL, NULL, 1),
	(29433, 112, 4285, NULL, 'REGULAR', '2017-10-13 05:10:31', 1, NULL, NULL, 1),
	(29434, 113, 4285, NULL, 'REGULAR', '2017-10-13 05:10:31', 1, NULL, NULL, 1),
	(29435, 114, 4285, NULL, 'REGULAR', '2017-10-13 05:10:31', 1, NULL, NULL, 1),
	(29436, 115, 4285, NULL, 'REGULAR', '2017-10-13 05:10:31', 1, NULL, NULL, 1),
	(29437, 116, 4285, NULL, 'REGULAR', '2017-10-13 05:10:31', 1, NULL, NULL, 1),
	(29438, 117, 4285, NULL, 'REGULAR', '2017-10-13 05:10:31', 1, NULL, NULL, 1),
	(29439, 118, 4285, NULL, 'REGULAR', '2017-10-13 05:10:31', 1, NULL, NULL, 1),
	(29440, 119, 4285, NULL, 'REGULAR', '2017-10-13 05:10:31', 1, NULL, NULL, 1),
	(29441, 110, 4286, NULL, 'REGULAR', '2017-10-13 05:10:31', 1, NULL, NULL, 1),
	(29442, 111, 4286, NULL, 'REGULAR', '2017-10-13 05:10:31', 1, NULL, NULL, 1),
	(29443, 112, 4286, NULL, 'REGULAR', '2017-10-13 05:10:31', 1, NULL, NULL, 1),
	(29444, 113, 4286, NULL, 'REGULAR', '2017-10-13 05:10:31', 1, NULL, NULL, 1),
	(29445, 114, 4286, NULL, 'REGULAR', '2017-10-13 05:10:31', 1, NULL, NULL, 1),
	(29446, 115, 4286, NULL, 'REGULAR', '2017-10-13 05:10:31', 1, NULL, NULL, 1),
	(29447, 116, 4286, NULL, 'REGULAR', '2017-10-13 05:10:31', 1, NULL, NULL, 1),
	(29448, 117, 4286, NULL, 'REGULAR', '2017-10-13 05:10:31', 1, NULL, NULL, 1),
	(29449, 118, 4286, NULL, 'REGULAR', '2017-10-13 05:10:31', 1, NULL, NULL, 1),
	(29450, 119, 4286, NULL, 'REGULAR', '2017-10-13 05:10:31', 1, NULL, NULL, 1),
	(29451, 110, 4287, NULL, 'REGULAR', '2017-10-13 05:10:31', 1, NULL, NULL, 1),
	(29452, 111, 4287, NULL, 'REGULAR', '2017-10-13 05:10:31', 1, NULL, NULL, 1),
	(29453, 112, 4287, NULL, 'REGULAR', '2017-10-13 05:10:31', 1, NULL, NULL, 1),
	(29454, 113, 4287, NULL, 'REGULAR', '2017-10-13 05:10:31', 1, NULL, NULL, 1),
	(29455, 114, 4287, NULL, 'REGULAR', '2017-10-13 05:10:31', 1, NULL, NULL, 1),
	(29456, 115, 4287, NULL, 'REGULAR', '2017-10-13 05:10:31', 1, NULL, NULL, 1),
	(29457, 116, 4287, NULL, 'REGULAR', '2017-10-13 05:10:31', 1, NULL, NULL, 1),
	(29458, 117, 4287, NULL, 'REGULAR', '2017-10-13 05:10:31', 1, NULL, NULL, 1),
	(29459, 118, 4287, NULL, 'REGULAR', '2017-10-13 05:10:31', 1, NULL, NULL, 1),
	(29460, 119, 4287, NULL, 'REGULAR', '2017-10-13 05:10:31', 1, NULL, NULL, 1),
	(29461, 110, 4288, NULL, 'REGULAR', '2017-10-13 05:10:31', 1, NULL, NULL, 1),
	(29462, 111, 4288, NULL, 'REGULAR', '2017-10-13 05:10:31', 1, NULL, NULL, 1),
	(29463, 112, 4288, NULL, 'REGULAR', '2017-10-13 05:10:31', 1, NULL, NULL, 1),
	(29464, 113, 4288, NULL, 'REGULAR', '2017-10-13 05:10:31', 1, NULL, NULL, 1),
	(29465, 114, 4288, NULL, 'REGULAR', '2017-10-13 05:10:31', 1, NULL, NULL, 1),
	(29466, 115, 4288, NULL, 'REGULAR', '2017-10-13 05:10:31', 1, NULL, NULL, 1),
	(29467, 116, 4288, NULL, 'REGULAR', '2017-10-13 05:10:31', 1, NULL, NULL, 1),
	(29468, 117, 4288, NULL, 'REGULAR', '2017-10-13 05:10:31', 1, NULL, NULL, 1),
	(29469, 118, 4288, NULL, 'REGULAR', '2017-10-13 05:10:31', 1, NULL, NULL, 1),
	(29470, 119, 4288, NULL, 'REGULAR', '2017-10-13 05:10:31', 1, NULL, NULL, 1),
	(29471, 110, 4289, NULL, 'REGULAR', '2017-10-13 05:10:31', 1, NULL, NULL, 1),
	(29472, 111, 4289, NULL, 'REGULAR', '2017-10-13 05:10:31', 1, NULL, NULL, 1),
	(29473, 112, 4289, NULL, 'REGULAR', '2017-10-13 05:10:31', 1, NULL, NULL, 1),
	(29474, 113, 4289, NULL, 'REGULAR', '2017-10-13 05:10:31', 1, NULL, NULL, 1),
	(29475, 114, 4289, NULL, 'REGULAR', '2017-10-13 05:10:31', 1, NULL, NULL, 1),
	(29476, 115, 4289, NULL, 'REGULAR', '2017-10-13 05:10:31', 1, NULL, NULL, 1),
	(29477, 116, 4289, NULL, 'REGULAR', '2017-10-13 05:10:31', 1, NULL, NULL, 1),
	(29478, 117, 4289, NULL, 'REGULAR', '2017-10-13 05:10:31', 1, NULL, NULL, 1),
	(29479, 118, 4289, NULL, 'REGULAR', '2017-10-13 05:10:31', 1, NULL, NULL, 1),
	(29480, 119, 4289, NULL, 'REGULAR', '2017-10-13 05:10:31', 1, NULL, NULL, 1),
	(29481, 110, 4290, NULL, 'REGULAR', '2017-10-13 05:10:31', 1, NULL, NULL, 1),
	(29482, 111, 4290, NULL, 'REGULAR', '2017-10-13 05:10:31', 1, NULL, NULL, 1),
	(29483, 112, 4290, NULL, 'REGULAR', '2017-10-13 05:10:31', 1, NULL, NULL, 1),
	(29484, 113, 4290, NULL, 'REGULAR', '2017-10-13 05:10:31', 1, NULL, NULL, 1),
	(29485, 114, 4290, NULL, 'REGULAR', '2017-10-13 05:10:31', 1, NULL, NULL, 1),
	(29486, 115, 4290, NULL, 'REGULAR', '2017-10-13 05:10:31', 1, NULL, NULL, 1),
	(29487, 116, 4290, NULL, 'REGULAR', '2017-10-13 05:10:31', 1, NULL, NULL, 1),
	(29488, 117, 4290, NULL, 'REGULAR', '2017-10-13 05:10:31', 1, NULL, NULL, 1),
	(29489, 118, 4290, NULL, 'REGULAR', '2017-10-13 05:10:31', 1, NULL, NULL, 1),
	(29490, 119, 4290, NULL, 'REGULAR', '2017-10-13 05:10:31', 1, NULL, NULL, 1),
	(29491, 110, 4291, NULL, 'REGULAR', '2017-10-13 05:10:31', 1, NULL, NULL, 1),
	(29492, 111, 4291, NULL, 'REGULAR', '2017-10-13 05:10:31', 1, NULL, NULL, 1),
	(29493, 112, 4291, NULL, 'REGULAR', '2017-10-13 05:10:31', 1, NULL, NULL, 1),
	(29494, 113, 4291, NULL, 'REGULAR', '2017-10-13 05:10:31', 1, NULL, NULL, 1),
	(29495, 114, 4291, NULL, 'REGULAR', '2017-10-13 05:10:31', 1, NULL, NULL, 1),
	(29496, 115, 4291, NULL, 'REGULAR', '2017-10-13 05:10:31', 1, NULL, NULL, 1),
	(29497, 116, 4291, NULL, 'REGULAR', '2017-10-13 05:10:31', 1, NULL, NULL, 1),
	(29498, 117, 4291, NULL, 'REGULAR', '2017-10-13 05:10:31', 1, NULL, NULL, 1),
	(29499, 118, 4291, NULL, 'REGULAR', '2017-10-13 05:10:31', 1, NULL, NULL, 1),
	(29500, 119, 4291, NULL, 'REGULAR', '2017-10-13 05:10:31', 1, NULL, NULL, 1),
	(29501, 110, 4292, NULL, 'REGULAR', '2017-10-13 05:10:31', 1, NULL, NULL, 1),
	(29502, 111, 4292, NULL, 'REGULAR', '2017-10-13 05:10:31', 1, NULL, NULL, 1),
	(29503, 112, 4292, NULL, 'REGULAR', '2017-10-13 05:10:31', 1, NULL, NULL, 1),
	(29504, 113, 4292, NULL, 'REGULAR', '2017-10-13 05:10:31', 1, NULL, NULL, 1),
	(29505, 114, 4292, NULL, 'REGULAR', '2017-10-13 05:10:31', 1, NULL, NULL, 1),
	(29506, 115, 4292, NULL, 'REGULAR', '2017-10-13 05:10:31', 1, NULL, NULL, 1),
	(29507, 116, 4292, NULL, 'REGULAR', '2017-10-13 05:10:31', 1, NULL, NULL, 1),
	(29508, 117, 4292, NULL, 'REGULAR', '2017-10-13 05:10:31', 1, NULL, NULL, 1),
	(29509, 118, 4292, NULL, 'REGULAR', '2017-10-13 05:10:31', 1, NULL, NULL, 1),
	(29510, 119, 4292, NULL, 'REGULAR', '2017-10-13 05:10:31', 1, NULL, NULL, 1),
	(29511, 110, 4293, NULL, 'REGULAR', '2017-10-13 05:10:31', 1, NULL, NULL, 1),
	(29512, 111, 4293, NULL, 'REGULAR', '2017-10-13 05:10:31', 1, NULL, NULL, 1),
	(29513, 112, 4293, NULL, 'REGULAR', '2017-10-13 05:10:31', 1, NULL, NULL, 1),
	(29514, 113, 4293, NULL, 'REGULAR', '2017-10-13 05:10:31', 1, NULL, NULL, 1),
	(29515, 114, 4293, NULL, 'REGULAR', '2017-10-13 05:10:31', 1, NULL, NULL, 1),
	(29516, 115, 4293, NULL, 'REGULAR', '2017-10-13 05:10:31', 1, NULL, NULL, 1),
	(29517, 116, 4293, NULL, 'REGULAR', '2017-10-13 05:10:31', 1, NULL, NULL, 1),
	(29518, 117, 4293, NULL, 'REGULAR', '2017-10-13 05:10:31', 1, NULL, NULL, 1),
	(29519, 118, 4293, NULL, 'REGULAR', '2017-10-13 05:10:31', 1, NULL, NULL, 1),
	(29520, 119, 4293, NULL, 'REGULAR', '2017-10-13 05:10:31', 1, NULL, NULL, 1),
	(29521, 110, 4294, NULL, 'REGULAR', '2017-10-13 05:10:31', 1, NULL, NULL, 1),
	(29522, 111, 4294, NULL, 'REGULAR', '2017-10-13 05:10:31', 1, NULL, NULL, 1),
	(29523, 112, 4294, NULL, 'REGULAR', '2017-10-13 05:10:31', 1, NULL, NULL, 1),
	(29524, 113, 4294, NULL, 'REGULAR', '2017-10-13 05:10:31', 1, NULL, NULL, 1),
	(29525, 114, 4294, NULL, 'REGULAR', '2017-10-13 05:10:31', 1, NULL, NULL, 1),
	(29526, 115, 4294, NULL, 'REGULAR', '2017-10-13 05:10:31', 1, NULL, NULL, 1),
	(29527, 116, 4294, NULL, 'REGULAR', '2017-10-13 05:10:31', 1, NULL, NULL, 1),
	(29528, 117, 4294, NULL, 'REGULAR', '2017-10-13 05:10:31', 1, NULL, NULL, 1),
	(29529, 118, 4294, NULL, 'REGULAR', '2017-10-13 05:10:31', 1, NULL, NULL, 1),
	(29530, 119, 4294, NULL, 'REGULAR', '2017-10-13 05:10:31', 1, NULL, NULL, 1),
	(29531, 110, 4295, NULL, 'REGULAR', '2017-10-13 05:10:31', 1, NULL, NULL, 1),
	(29532, 111, 4295, NULL, 'REGULAR', '2017-10-13 05:10:31', 1, NULL, NULL, 1),
	(29533, 112, 4295, NULL, 'REGULAR', '2017-10-13 05:10:31', 1, NULL, NULL, 1),
	(29534, 113, 4295, NULL, 'REGULAR', '2017-10-13 05:10:31', 1, NULL, NULL, 1),
	(29535, 114, 4295, NULL, 'REGULAR', '2017-10-13 05:10:31', 1, NULL, NULL, 1),
	(29536, 115, 4295, NULL, 'REGULAR', '2017-10-13 05:10:31', 1, NULL, NULL, 1),
	(29537, 116, 4295, NULL, 'REGULAR', '2017-10-13 05:10:31', 1, NULL, NULL, 1),
	(29538, 117, 4295, NULL, 'REGULAR', '2017-10-13 05:10:31', 1, NULL, NULL, 1),
	(29539, 118, 4295, NULL, 'REGULAR', '2017-10-13 05:10:31', 1, NULL, NULL, 1),
	(29540, 119, 4295, NULL, 'REGULAR', '2017-10-13 05:10:31', 1, NULL, NULL, 1),
	(29541, 110, 4296, NULL, 'REGULAR', '2017-10-13 05:10:31', 1, NULL, NULL, 1),
	(29542, 111, 4296, NULL, 'REGULAR', '2017-10-13 05:10:31', 1, NULL, NULL, 1),
	(29543, 112, 4296, NULL, 'REGULAR', '2017-10-13 05:10:31', 1, NULL, NULL, 1),
	(29544, 113, 4296, NULL, 'REGULAR', '2017-10-13 05:10:31', 1, NULL, NULL, 1),
	(29545, 114, 4296, NULL, 'REGULAR', '2017-10-13 05:10:31', 1, NULL, NULL, 1),
	(29546, 115, 4296, NULL, 'REGULAR', '2017-10-13 05:10:31', 1, NULL, NULL, 1),
	(29547, 116, 4296, NULL, 'REGULAR', '2017-10-13 05:10:31', 1, NULL, NULL, 1),
	(29548, 117, 4296, NULL, 'REGULAR', '2017-10-13 05:10:31', 1, NULL, NULL, 1),
	(29549, 118, 4296, NULL, 'REGULAR', '2017-10-13 05:10:31', 1, NULL, NULL, 1),
	(29550, 119, 4296, NULL, 'REGULAR', '2017-10-13 05:10:31', 1, NULL, NULL, 1),
	(29551, 110, 4297, NULL, 'REGULAR', '2017-10-13 05:10:31', 1, NULL, NULL, 1),
	(29552, 111, 4297, NULL, 'REGULAR', '2017-10-13 05:10:31', 1, NULL, NULL, 1),
	(29553, 112, 4297, NULL, 'REGULAR', '2017-10-13 05:10:31', 1, NULL, NULL, 1),
	(29554, 113, 4297, NULL, 'REGULAR', '2017-10-13 05:10:31', 1, NULL, NULL, 1),
	(29555, 114, 4297, NULL, 'REGULAR', '2017-10-13 05:10:31', 1, NULL, NULL, 1),
	(29556, 115, 4297, NULL, 'REGULAR', '2017-10-13 05:10:31', 1, NULL, NULL, 1),
	(29557, 116, 4297, NULL, 'REGULAR', '2017-10-13 05:10:31', 1, NULL, NULL, 1),
	(29558, 117, 4297, NULL, 'REGULAR', '2017-10-13 05:10:31', 1, NULL, NULL, 1),
	(29559, 118, 4297, NULL, 'REGULAR', '2017-10-13 05:10:31', 1, NULL, NULL, 1),
	(29560, 119, 4297, NULL, 'REGULAR', '2017-10-13 05:10:31', 1, NULL, NULL, 1),
	(29561, 110, 4298, NULL, 'REGULAR', '2017-10-13 05:10:31', 1, NULL, NULL, 1),
	(29562, 111, 4298, NULL, 'REGULAR', '2017-10-13 05:10:31', 1, NULL, NULL, 1),
	(29563, 112, 4298, NULL, 'REGULAR', '2017-10-13 05:10:31', 1, NULL, NULL, 1),
	(29564, 113, 4298, NULL, 'REGULAR', '2017-10-13 05:10:31', 1, NULL, NULL, 1),
	(29565, 114, 4298, NULL, 'REGULAR', '2017-10-13 05:10:31', 1, NULL, NULL, 1),
	(29566, 115, 4298, NULL, 'REGULAR', '2017-10-13 05:10:31', 1, NULL, NULL, 1),
	(29567, 116, 4298, NULL, 'REGULAR', '2017-10-13 05:10:31', 1, NULL, NULL, 1),
	(29568, 117, 4298, NULL, 'REGULAR', '2017-10-13 05:10:31', 1, NULL, NULL, 1),
	(29569, 118, 4298, NULL, 'REGULAR', '2017-10-13 05:10:31', 1, NULL, NULL, 1),
	(29570, 119, 4298, NULL, 'REGULAR', '2017-10-13 05:10:31', 1, NULL, NULL, 1),
	(29571, 110, 4299, NULL, 'REGULAR', '2017-10-13 05:10:31', 1, NULL, NULL, 1),
	(29572, 111, 4299, NULL, 'REGULAR', '2017-10-13 05:10:31', 1, NULL, NULL, 1),
	(29573, 112, 4299, NULL, 'REGULAR', '2017-10-13 05:10:31', 1, NULL, NULL, 1),
	(29574, 113, 4299, NULL, 'REGULAR', '2017-10-13 05:10:31', 1, NULL, NULL, 1),
	(29575, 114, 4299, NULL, 'REGULAR', '2017-10-13 05:10:31', 1, NULL, NULL, 1),
	(29576, 115, 4299, NULL, 'REGULAR', '2017-10-13 05:10:31', 1, NULL, NULL, 1),
	(29577, 116, 4299, NULL, 'REGULAR', '2017-10-13 05:10:31', 1, NULL, NULL, 1),
	(29578, 117, 4299, NULL, 'REGULAR', '2017-10-13 05:10:31', 1, NULL, NULL, 1),
	(29579, 118, 4299, NULL, 'REGULAR', '2017-10-13 05:10:31', 1, NULL, NULL, 1),
	(29580, 119, 4299, NULL, 'REGULAR', '2017-10-13 05:10:31', 1, NULL, NULL, 1),
	(29581, 110, 4300, NULL, 'REGULAR', '2017-10-13 05:10:31', 1, NULL, NULL, 1),
	(29582, 111, 4300, NULL, 'REGULAR', '2017-10-13 05:10:31', 1, NULL, NULL, 1),
	(29583, 112, 4300, NULL, 'REGULAR', '2017-10-13 05:10:31', 1, NULL, NULL, 1),
	(29584, 113, 4300, NULL, 'REGULAR', '2017-10-13 05:10:31', 1, NULL, NULL, 1),
	(29585, 114, 4300, NULL, 'REGULAR', '2017-10-13 05:10:31', 1, NULL, NULL, 1),
	(29586, 115, 4300, NULL, 'REGULAR', '2017-10-13 05:10:31', 1, NULL, NULL, 1),
	(29587, 116, 4300, NULL, 'REGULAR', '2017-10-13 05:10:31', 1, NULL, NULL, 1),
	(29588, 117, 4300, NULL, 'REGULAR', '2017-10-13 05:10:31', 1, NULL, NULL, 1),
	(29589, 118, 4300, NULL, 'REGULAR', '2017-10-13 05:10:31', 1, NULL, NULL, 1),
	(29590, 119, 4300, NULL, 'REGULAR', '2017-10-13 05:10:31', 1, NULL, NULL, 1),
	(29591, 110, 4301, NULL, 'REGULAR', '2017-10-13 05:10:31', 1, NULL, NULL, 1),
	(29592, 111, 4301, NULL, 'REGULAR', '2017-10-13 05:10:31', 1, NULL, NULL, 1),
	(29593, 112, 4301, NULL, 'REGULAR', '2017-10-13 05:10:31', 1, NULL, NULL, 1),
	(29594, 113, 4301, NULL, 'REGULAR', '2017-10-13 05:10:31', 1, NULL, NULL, 1),
	(29595, 114, 4301, NULL, 'REGULAR', '2017-10-13 05:10:31', 1, NULL, NULL, 1),
	(29596, 115, 4301, NULL, 'REGULAR', '2017-10-13 05:10:31', 1, NULL, NULL, 1),
	(29597, 116, 4301, NULL, 'REGULAR', '2017-10-13 05:10:31', 1, NULL, NULL, 1),
	(29598, 117, 4301, NULL, 'REGULAR', '2017-10-13 05:10:31', 1, NULL, NULL, 1),
	(29599, 118, 4301, NULL, 'REGULAR', '2017-10-13 05:10:31', 1, NULL, NULL, 1),
	(29600, 119, 4301, NULL, 'REGULAR', '2017-10-13 05:10:31', 1, NULL, NULL, 1),
	(29601, 110, 4302, NULL, 'REGULAR', '2017-10-13 05:10:31', 1, NULL, NULL, 1),
	(29602, 111, 4302, NULL, 'REGULAR', '2017-10-13 05:10:31', 1, NULL, NULL, 1),
	(29603, 112, 4302, NULL, 'REGULAR', '2017-10-13 05:10:31', 1, NULL, NULL, 1),
	(29604, 113, 4302, NULL, 'REGULAR', '2017-10-13 05:10:31', 1, NULL, NULL, 1),
	(29605, 114, 4302, NULL, 'REGULAR', '2017-10-13 05:10:31', 1, NULL, NULL, 1),
	(29606, 115, 4302, NULL, 'REGULAR', '2017-10-13 05:10:31', 1, NULL, NULL, 1),
	(29607, 116, 4302, NULL, 'REGULAR', '2017-10-13 05:10:31', 1, NULL, NULL, 1),
	(29608, 117, 4302, NULL, 'REGULAR', '2017-10-13 05:10:31', 1, NULL, NULL, 1),
	(29609, 118, 4302, NULL, 'REGULAR', '2017-10-13 05:10:31', 1, NULL, NULL, 1),
	(29610, 119, 4302, NULL, 'REGULAR', '2017-10-13 05:10:31', 1, NULL, NULL, 1),
	(29611, 110, 4303, NULL, 'REGULAR', '2017-10-13 05:10:31', 1, NULL, NULL, 1),
	(29612, 111, 4303, NULL, 'REGULAR', '2017-10-13 05:10:31', 1, NULL, NULL, 1),
	(29613, 112, 4303, NULL, 'REGULAR', '2017-10-13 05:10:31', 1, NULL, NULL, 1),
	(29614, 113, 4303, NULL, 'REGULAR', '2017-10-13 05:10:31', 1, NULL, NULL, 1),
	(29615, 114, 4303, NULL, 'REGULAR', '2017-10-13 05:10:31', 1, NULL, NULL, 1),
	(29616, 115, 4303, NULL, 'REGULAR', '2017-10-13 05:10:31', 1, NULL, NULL, 1),
	(29617, 116, 4303, NULL, 'REGULAR', '2017-10-13 05:10:31', 1, NULL, NULL, 1),
	(29618, 117, 4303, NULL, 'REGULAR', '2017-10-13 05:10:31', 1, NULL, NULL, 1),
	(29619, 118, 4303, NULL, 'REGULAR', '2017-10-13 05:10:31', 1, NULL, NULL, 1),
	(29620, 119, 4303, NULL, 'REGULAR', '2017-10-13 05:10:31', 1, NULL, NULL, 1),
	(29621, 110, 4304, NULL, 'REGULAR', '2017-10-13 05:10:31', 1, NULL, NULL, 1),
	(29622, 111, 4304, NULL, 'REGULAR', '2017-10-13 05:10:31', 1, NULL, NULL, 1),
	(29623, 112, 4304, NULL, 'REGULAR', '2017-10-13 05:10:31', 1, NULL, NULL, 1),
	(29624, 113, 4304, NULL, 'REGULAR', '2017-10-13 05:10:31', 1, NULL, NULL, 1),
	(29625, 114, 4304, NULL, 'REGULAR', '2017-10-13 05:10:31', 1, NULL, NULL, 1),
	(29626, 115, 4304, NULL, 'REGULAR', '2017-10-13 05:10:31', 1, NULL, NULL, 1),
	(29627, 116, 4304, NULL, 'REGULAR', '2017-10-13 05:10:31', 1, NULL, NULL, 1),
	(29628, 117, 4304, NULL, 'REGULAR', '2017-10-13 05:10:31', 1, NULL, NULL, 1),
	(29629, 118, 4304, NULL, 'REGULAR', '2017-10-13 05:10:31', 1, NULL, NULL, 1),
	(29630, 119, 4304, NULL, 'REGULAR', '2017-10-13 05:10:31', 1, NULL, NULL, 1),
	(29631, 110, 4305, NULL, 'REGULAR', '2017-10-13 05:10:31', 1, NULL, NULL, 1),
	(29632, 111, 4305, NULL, 'REGULAR', '2017-10-13 05:10:31', 1, NULL, NULL, 1),
	(29633, 112, 4305, NULL, 'REGULAR', '2017-10-13 05:10:31', 1, NULL, NULL, 1),
	(29634, 113, 4305, NULL, 'REGULAR', '2017-10-13 05:10:31', 1, NULL, NULL, 1),
	(29635, 114, 4305, NULL, 'REGULAR', '2017-10-13 05:10:31', 1, NULL, NULL, 1),
	(29636, 115, 4305, NULL, 'REGULAR', '2017-10-13 05:10:31', 1, NULL, NULL, 1),
	(29637, 116, 4305, NULL, 'REGULAR', '2017-10-13 05:10:31', 1, NULL, NULL, 1),
	(29638, 117, 4305, NULL, 'REGULAR', '2017-10-13 05:10:31', 1, NULL, NULL, 1),
	(29639, 118, 4305, NULL, 'REGULAR', '2017-10-13 05:10:31', 1, NULL, NULL, 1),
	(29640, 119, 4305, NULL, 'REGULAR', '2017-10-13 05:10:31', 1, NULL, NULL, 1),
	(29641, 110, 4306, NULL, 'REGULAR', '2017-10-13 05:10:31', 1, NULL, NULL, 1),
	(29642, 111, 4306, NULL, 'REGULAR', '2017-10-13 05:10:31', 1, NULL, NULL, 1),
	(29643, 112, 4306, NULL, 'REGULAR', '2017-10-13 05:10:31', 1, NULL, NULL, 1),
	(29644, 113, 4306, NULL, 'REGULAR', '2017-10-13 05:10:31', 1, NULL, NULL, 1),
	(29645, 114, 4306, NULL, 'REGULAR', '2017-10-13 05:10:31', 1, NULL, NULL, 1),
	(29646, 115, 4306, NULL, 'REGULAR', '2017-10-13 05:10:31', 1, NULL, NULL, 1),
	(29647, 116, 4306, NULL, 'REGULAR', '2017-10-13 05:10:31', 1, NULL, NULL, 1),
	(29648, 117, 4306, NULL, 'REGULAR', '2017-10-13 05:10:31', 1, NULL, NULL, 1),
	(29649, 118, 4306, NULL, 'REGULAR', '2017-10-13 05:10:31', 1, NULL, NULL, 1),
	(29650, 119, 4306, NULL, 'REGULAR', '2017-10-13 05:10:31', 1, NULL, NULL, 1),
	(29651, 110, 4307, NULL, 'REGULAR', '2017-10-13 05:10:31', 1, NULL, NULL, 1),
	(29652, 111, 4307, NULL, 'REGULAR', '2017-10-13 05:10:31', 1, NULL, NULL, 1),
	(29653, 112, 4307, NULL, 'REGULAR', '2017-10-13 05:10:31', 1, NULL, NULL, 1),
	(29654, 113, 4307, NULL, 'REGULAR', '2017-10-13 05:10:31', 1, NULL, NULL, 1),
	(29655, 114, 4307, NULL, 'REGULAR', '2017-10-13 05:10:31', 1, NULL, NULL, 1),
	(29656, 115, 4307, NULL, 'REGULAR', '2017-10-13 05:10:31', 1, NULL, NULL, 1),
	(29657, 116, 4307, NULL, 'REGULAR', '2017-10-13 05:10:31', 1, NULL, NULL, 1),
	(29658, 117, 4307, NULL, 'REGULAR', '2017-10-13 05:10:31', 1, NULL, NULL, 1),
	(29659, 118, 4307, NULL, 'REGULAR', '2017-10-13 05:10:31', 1, NULL, NULL, 1),
	(29660, 119, 4307, NULL, 'REGULAR', '2017-10-13 05:10:32', 1, NULL, NULL, 1),
	(29661, 110, 4308, NULL, 'REGULAR', '2017-10-13 05:10:32', 1, NULL, NULL, 1),
	(29662, 111, 4308, NULL, 'REGULAR', '2017-10-13 05:10:32', 1, NULL, NULL, 1),
	(29663, 112, 4308, NULL, 'REGULAR', '2017-10-13 05:10:32', 1, NULL, NULL, 1),
	(29664, 113, 4308, NULL, 'REGULAR', '2017-10-13 05:10:32', 1, NULL, NULL, 1),
	(29665, 114, 4308, NULL, 'REGULAR', '2017-10-13 05:10:32', 1, NULL, NULL, 1),
	(29666, 115, 4308, NULL, 'REGULAR', '2017-10-13 05:10:32', 1, NULL, NULL, 1),
	(29667, 116, 4308, NULL, 'REGULAR', '2017-10-13 05:10:32', 1, NULL, NULL, 1),
	(29668, 117, 4308, NULL, 'REGULAR', '2017-10-13 05:10:32', 1, NULL, NULL, 1),
	(29669, 118, 4308, NULL, 'REGULAR', '2017-10-13 05:10:32', 1, NULL, NULL, 1),
	(29670, 119, 4308, NULL, 'REGULAR', '2017-10-13 05:10:32', 1, NULL, NULL, 1),
	(29671, 110, 4309, NULL, 'REGULAR', '2017-10-13 05:10:32', 1, NULL, NULL, 1),
	(29672, 111, 4309, NULL, 'REGULAR', '2017-10-13 05:10:32', 1, NULL, NULL, 1),
	(29673, 112, 4309, NULL, 'REGULAR', '2017-10-13 05:10:32', 1, NULL, NULL, 1),
	(29674, 113, 4309, NULL, 'REGULAR', '2017-10-13 05:10:32', 1, NULL, NULL, 1),
	(29675, 114, 4309, NULL, 'REGULAR', '2017-10-13 05:10:32', 1, NULL, NULL, 1),
	(29676, 115, 4309, NULL, 'REGULAR', '2017-10-13 05:10:32', 1, NULL, NULL, 1),
	(29677, 116, 4309, NULL, 'REGULAR', '2017-10-13 05:10:32', 1, NULL, NULL, 1),
	(29678, 117, 4309, NULL, 'REGULAR', '2017-10-13 05:10:32', 1, NULL, NULL, 1),
	(29679, 118, 4309, NULL, 'REGULAR', '2017-10-13 05:10:32', 1, NULL, NULL, 1),
	(29680, 119, 4309, NULL, 'REGULAR', '2017-10-13 05:10:32', 1, NULL, NULL, 1),
	(29681, 110, 4310, NULL, 'REGULAR', '2017-10-13 05:10:32', 1, NULL, NULL, 1),
	(29682, 111, 4310, NULL, 'REGULAR', '2017-10-13 05:10:32', 1, NULL, NULL, 1),
	(29683, 112, 4310, NULL, 'REGULAR', '2017-10-13 05:10:32', 1, NULL, NULL, 1),
	(29684, 113, 4310, NULL, 'REGULAR', '2017-10-13 05:10:32', 1, NULL, NULL, 1),
	(29685, 114, 4310, NULL, 'REGULAR', '2017-10-13 05:10:32', 1, NULL, NULL, 1),
	(29686, 115, 4310, NULL, 'REGULAR', '2017-10-13 05:10:32', 1, NULL, NULL, 1),
	(29687, 116, 4310, NULL, 'REGULAR', '2017-10-13 05:10:32', 1, NULL, NULL, 1),
	(29688, 117, 4310, NULL, 'REGULAR', '2017-10-13 05:10:32', 1, NULL, NULL, 1),
	(29689, 118, 4310, NULL, 'REGULAR', '2017-10-13 05:10:32', 1, NULL, NULL, 1),
	(29690, 119, 4310, NULL, 'REGULAR', '2017-10-13 05:10:32', 1, NULL, NULL, 1),
	(29691, 110, 4311, NULL, 'REGULAR', '2017-10-13 05:10:32', 1, NULL, NULL, 1),
	(29692, 111, 4311, NULL, 'REGULAR', '2017-10-13 05:10:32', 1, NULL, NULL, 1),
	(29693, 112, 4311, NULL, 'REGULAR', '2017-10-13 05:10:32', 1, NULL, NULL, 1),
	(29694, 113, 4311, NULL, 'REGULAR', '2017-10-13 05:10:32', 1, NULL, NULL, 1),
	(29695, 114, 4311, NULL, 'REGULAR', '2017-10-13 05:10:32', 1, NULL, NULL, 1),
	(29696, 115, 4311, NULL, 'REGULAR', '2017-10-13 05:10:32', 1, NULL, NULL, 1),
	(29697, 116, 4311, NULL, 'REGULAR', '2017-10-13 05:10:32', 1, NULL, NULL, 1),
	(29698, 117, 4311, NULL, 'REGULAR', '2017-10-13 05:10:32', 1, NULL, NULL, 1),
	(29699, 118, 4311, NULL, 'REGULAR', '2017-10-13 05:10:32', 1, NULL, NULL, 1),
	(29700, 119, 4311, NULL, 'REGULAR', '2017-10-13 05:10:32', 1, NULL, NULL, 1),
	(29701, 110, 4312, NULL, 'REGULAR', '2017-10-13 05:10:32', 1, NULL, NULL, 1),
	(29702, 111, 4312, NULL, 'REGULAR', '2017-10-13 05:10:32', 1, NULL, NULL, 1),
	(29703, 112, 4312, NULL, 'REGULAR', '2017-10-13 05:10:32', 1, NULL, NULL, 1),
	(29704, 113, 4312, NULL, 'REGULAR', '2017-10-13 05:10:32', 1, NULL, NULL, 1),
	(29705, 114, 4312, NULL, 'REGULAR', '2017-10-13 05:10:32', 1, NULL, NULL, 1),
	(29706, 115, 4312, NULL, 'REGULAR', '2017-10-13 05:10:32', 1, NULL, NULL, 1),
	(29707, 116, 4312, NULL, 'REGULAR', '2017-10-13 05:10:32', 1, NULL, NULL, 1),
	(29708, 117, 4312, NULL, 'REGULAR', '2017-10-13 05:10:32', 1, NULL, NULL, 1),
	(29709, 118, 4312, NULL, 'REGULAR', '2017-10-13 05:10:32', 1, NULL, NULL, 1),
	(29710, 119, 4312, NULL, 'REGULAR', '2017-10-13 05:10:32', 1, NULL, NULL, 1),
	(29711, 110, 4313, NULL, 'REGULAR', '2017-10-13 05:10:32', 1, NULL, NULL, 1),
	(29712, 111, 4313, NULL, 'REGULAR', '2017-10-13 05:10:32', 1, NULL, NULL, 1),
	(29713, 112, 4313, NULL, 'REGULAR', '2017-10-13 05:10:32', 1, NULL, NULL, 1),
	(29714, 113, 4313, NULL, 'REGULAR', '2017-10-13 05:10:32', 1, NULL, NULL, 1),
	(29715, 114, 4313, NULL, 'REGULAR', '2017-10-13 05:10:32', 1, NULL, NULL, 1),
	(29716, 115, 4313, NULL, 'REGULAR', '2017-10-13 05:10:32', 1, NULL, NULL, 1),
	(29717, 116, 4313, NULL, 'REGULAR', '2017-10-13 05:10:32', 1, NULL, NULL, 1),
	(29718, 117, 4313, NULL, 'REGULAR', '2017-10-13 05:10:32', 1, NULL, NULL, 1),
	(29719, 118, 4313, NULL, 'REGULAR', '2017-10-13 05:10:32', 1, NULL, NULL, 1),
	(29720, 119, 4313, NULL, 'REGULAR', '2017-10-13 05:10:32', 1, NULL, NULL, 1),
	(29721, 110, 4314, NULL, 'REGULAR', '2017-10-13 05:10:32', 1, NULL, NULL, 1),
	(29722, 111, 4314, NULL, 'REGULAR', '2017-10-13 05:10:32', 1, NULL, NULL, 1),
	(29723, 112, 4314, NULL, 'REGULAR', '2017-10-13 05:10:32', 1, NULL, NULL, 1),
	(29724, 113, 4314, NULL, 'REGULAR', '2017-10-13 05:10:32', 1, NULL, NULL, 1),
	(29725, 114, 4314, NULL, 'REGULAR', '2017-10-13 05:10:32', 1, NULL, NULL, 1),
	(29726, 115, 4314, NULL, 'REGULAR', '2017-10-13 05:10:32', 1, NULL, NULL, 1),
	(29727, 116, 4314, NULL, 'REGULAR', '2017-10-13 05:10:32', 1, NULL, NULL, 1),
	(29728, 117, 4314, NULL, 'REGULAR', '2017-10-13 05:10:32', 1, NULL, NULL, 1),
	(29729, 118, 4314, NULL, 'REGULAR', '2017-10-13 05:10:32', 1, NULL, NULL, 1),
	(29730, 119, 4314, NULL, 'REGULAR', '2017-10-13 05:10:32', 1, NULL, NULL, 1),
	(29731, 110, 4315, NULL, 'REGULAR', '2017-10-13 05:10:32', 1, NULL, NULL, 1),
	(29732, 111, 4315, NULL, 'REGULAR', '2017-10-13 05:10:32', 1, NULL, NULL, 1),
	(29733, 112, 4315, NULL, 'REGULAR', '2017-10-13 05:10:32', 1, NULL, NULL, 1),
	(29734, 113, 4315, NULL, 'REGULAR', '2017-10-13 05:10:32', 1, NULL, NULL, 1),
	(29735, 114, 4315, NULL, 'REGULAR', '2017-10-13 05:10:32', 1, NULL, NULL, 1),
	(29736, 115, 4315, NULL, 'REGULAR', '2017-10-13 05:10:32', 1, NULL, NULL, 1),
	(29737, 116, 4315, NULL, 'REGULAR', '2017-10-13 05:10:32', 1, NULL, NULL, 1),
	(29738, 117, 4315, NULL, 'REGULAR', '2017-10-13 05:10:32', 1, NULL, NULL, 1),
	(29739, 118, 4315, NULL, 'REGULAR', '2017-10-13 05:10:32', 1, NULL, NULL, 1),
	(29740, 119, 4315, NULL, 'REGULAR', '2017-10-13 05:10:32', 1, NULL, NULL, 1),
	(29741, 110, 4316, NULL, 'REGULAR', '2017-10-13 05:10:32', 1, NULL, NULL, 1),
	(29742, 111, 4316, NULL, 'REGULAR', '2017-10-13 05:10:32', 1, NULL, NULL, 1),
	(29743, 112, 4316, NULL, 'REGULAR', '2017-10-13 05:10:32', 1, NULL, NULL, 1),
	(29744, 113, 4316, NULL, 'REGULAR', '2017-10-13 05:10:32', 1, NULL, NULL, 1),
	(29745, 114, 4316, NULL, 'REGULAR', '2017-10-13 05:10:32', 1, NULL, NULL, 1),
	(29746, 115, 4316, NULL, 'REGULAR', '2017-10-13 05:10:32', 1, NULL, NULL, 1),
	(29747, 116, 4316, NULL, 'REGULAR', '2017-10-13 05:10:32', 1, NULL, NULL, 1),
	(29748, 117, 4316, NULL, 'REGULAR', '2017-10-13 05:10:32', 1, NULL, NULL, 1),
	(29749, 118, 4316, NULL, 'REGULAR', '2017-10-13 05:10:32', 1, NULL, NULL, 1),
	(29750, 119, 4316, NULL, 'REGULAR', '2017-10-13 05:10:32', 1, NULL, NULL, 1),
	(29751, 110, 4317, NULL, 'REGULAR', '2017-10-13 05:10:32', 1, NULL, NULL, 1),
	(29752, 111, 4317, NULL, 'REGULAR', '2017-10-13 05:10:32', 1, NULL, NULL, 1),
	(29753, 112, 4317, NULL, 'REGULAR', '2017-10-13 05:10:32', 1, NULL, NULL, 1),
	(29754, 113, 4317, NULL, 'REGULAR', '2017-10-13 05:10:32', 1, NULL, NULL, 1),
	(29755, 114, 4317, NULL, 'REGULAR', '2017-10-13 05:10:32', 1, NULL, NULL, 1),
	(29756, 115, 4317, NULL, 'REGULAR', '2017-10-13 05:10:32', 1, NULL, NULL, 1),
	(29757, 116, 4317, NULL, 'REGULAR', '2017-10-13 05:10:32', 1, NULL, NULL, 1),
	(29758, 117, 4317, NULL, 'REGULAR', '2017-10-13 05:10:32', 1, NULL, NULL, 1),
	(29759, 118, 4317, NULL, 'REGULAR', '2017-10-13 05:10:32', 1, NULL, NULL, 1),
	(29760, 119, 4317, NULL, 'REGULAR', '2017-10-13 05:10:32', 1, NULL, NULL, 1),
	(29761, 110, 4318, NULL, 'REGULAR', '2017-10-13 05:10:32', 1, NULL, NULL, 1),
	(29762, 111, 4318, NULL, 'REGULAR', '2017-10-13 05:10:32', 1, NULL, NULL, 1),
	(29763, 112, 4318, NULL, 'REGULAR', '2017-10-13 05:10:32', 1, NULL, NULL, 1),
	(29764, 113, 4318, NULL, 'REGULAR', '2017-10-13 05:10:32', 1, NULL, NULL, 1),
	(29765, 114, 4318, NULL, 'REGULAR', '2017-10-13 05:10:32', 1, NULL, NULL, 1),
	(29766, 115, 4318, NULL, 'REGULAR', '2017-10-13 05:10:32', 1, NULL, NULL, 1),
	(29767, 116, 4318, NULL, 'REGULAR', '2017-10-13 05:10:32', 1, NULL, NULL, 1),
	(29768, 117, 4318, NULL, 'REGULAR', '2017-10-13 05:10:32', 1, NULL, NULL, 1),
	(29769, 118, 4318, NULL, 'REGULAR', '2017-10-13 05:10:32', 1, NULL, NULL, 1),
	(29770, 119, 4318, NULL, 'REGULAR', '2017-10-13 05:10:32', 1, NULL, NULL, 1),
	(29771, 110, 4319, NULL, 'REGULAR', '2017-10-13 05:10:32', 1, NULL, NULL, 1),
	(29772, 111, 4319, NULL, 'REGULAR', '2017-10-13 05:10:32', 1, NULL, NULL, 1),
	(29773, 112, 4319, NULL, 'REGULAR', '2017-10-13 05:10:32', 1, NULL, NULL, 1),
	(29774, 113, 4319, NULL, 'REGULAR', '2017-10-13 05:10:32', 1, NULL, NULL, 1),
	(29775, 114, 4319, NULL, 'REGULAR', '2017-10-13 05:10:32', 1, NULL, NULL, 1),
	(29776, 115, 4319, NULL, 'REGULAR', '2017-10-13 05:10:32', 1, NULL, NULL, 1),
	(29777, 116, 4319, NULL, 'REGULAR', '2017-10-13 05:10:32', 1, NULL, NULL, 1),
	(29778, 117, 4319, NULL, 'REGULAR', '2017-10-13 05:10:32', 1, NULL, NULL, 1),
	(29779, 118, 4319, NULL, 'REGULAR', '2017-10-13 05:10:32', 1, NULL, NULL, 1),
	(29780, 119, 4319, NULL, 'REGULAR', '2017-10-13 05:10:32', 1, NULL, NULL, 1),
	(29781, 110, 4320, NULL, 'REGULAR', '2017-10-13 05:10:32', 1, NULL, NULL, 1),
	(29782, 111, 4320, NULL, 'REGULAR', '2017-10-13 05:10:32', 1, NULL, NULL, 1),
	(29783, 112, 4320, NULL, 'REGULAR', '2017-10-13 05:10:32', 1, NULL, NULL, 1),
	(29784, 113, 4320, NULL, 'REGULAR', '2017-10-13 05:10:32', 1, NULL, NULL, 1),
	(29785, 114, 4320, NULL, 'REGULAR', '2017-10-13 05:10:32', 1, NULL, NULL, 1),
	(29786, 115, 4320, NULL, 'REGULAR', '2017-10-13 05:10:32', 1, NULL, NULL, 1),
	(29787, 116, 4320, NULL, 'REGULAR', '2017-10-13 05:10:32', 1, NULL, NULL, 1),
	(29788, 117, 4320, NULL, 'REGULAR', '2017-10-13 05:10:32', 1, NULL, NULL, 1),
	(29789, 118, 4320, NULL, 'REGULAR', '2017-10-13 05:10:32', 1, NULL, NULL, 1),
	(29790, 119, 4320, NULL, 'REGULAR', '2017-10-13 05:10:32', 1, NULL, NULL, 1),
	(29791, 110, 4321, NULL, 'REGULAR', '2017-10-13 05:10:32', 1, NULL, NULL, 1),
	(29792, 111, 4321, NULL, 'REGULAR', '2017-10-13 05:10:32', 1, NULL, NULL, 1),
	(29793, 112, 4321, NULL, 'REGULAR', '2017-10-13 05:10:32', 1, NULL, NULL, 1),
	(29794, 113, 4321, NULL, 'REGULAR', '2017-10-13 05:10:32', 1, NULL, NULL, 1),
	(29795, 114, 4321, NULL, 'REGULAR', '2017-10-13 05:10:32', 1, NULL, NULL, 1),
	(29796, 115, 4321, NULL, 'REGULAR', '2017-10-13 05:10:32', 1, NULL, NULL, 1),
	(29797, 116, 4321, NULL, 'REGULAR', '2017-10-13 05:10:32', 1, NULL, NULL, 1),
	(29798, 117, 4321, NULL, 'REGULAR', '2017-10-13 05:10:32', 1, NULL, NULL, 1),
	(29799, 118, 4321, NULL, 'REGULAR', '2017-10-13 05:10:32', 1, NULL, NULL, 1),
	(29800, 119, 4321, NULL, 'REGULAR', '2017-10-13 05:10:32', 1, NULL, NULL, 1),
	(29801, 110, 4322, NULL, 'REGULAR', '2017-10-13 05:10:32', 1, NULL, NULL, 1),
	(29802, 111, 4322, NULL, 'REGULAR', '2017-10-13 05:10:32', 1, NULL, NULL, 1),
	(29803, 112, 4322, NULL, 'REGULAR', '2017-10-13 05:10:32', 1, NULL, NULL, 1),
	(29804, 113, 4322, NULL, 'REGULAR', '2017-10-13 05:10:32', 1, NULL, NULL, 1),
	(29805, 114, 4322, NULL, 'REGULAR', '2017-10-13 05:10:32', 1, NULL, NULL, 1),
	(29806, 115, 4322, NULL, 'REGULAR', '2017-10-13 05:10:32', 1, NULL, NULL, 1),
	(29807, 116, 4322, NULL, 'REGULAR', '2017-10-13 05:10:32', 1, NULL, NULL, 1),
	(29808, 117, 4322, NULL, 'REGULAR', '2017-10-13 05:10:32', 1, NULL, NULL, 1),
	(29809, 118, 4322, NULL, 'REGULAR', '2017-10-13 05:10:32', 1, NULL, NULL, 1),
	(29810, 119, 4322, NULL, 'REGULAR', '2017-10-13 05:10:32', 1, NULL, NULL, 1),
	(29811, 110, 4323, NULL, 'REGULAR', '2017-10-13 05:10:32', 1, NULL, NULL, 1),
	(29812, 111, 4323, NULL, 'REGULAR', '2017-10-13 05:10:32', 1, NULL, NULL, 1),
	(29813, 112, 4323, NULL, 'REGULAR', '2017-10-13 05:10:32', 1, NULL, NULL, 1),
	(29814, 113, 4323, NULL, 'REGULAR', '2017-10-13 05:10:32', 1, NULL, NULL, 1),
	(29815, 114, 4323, NULL, 'REGULAR', '2017-10-13 05:10:32', 1, NULL, NULL, 1),
	(29816, 115, 4323, NULL, 'REGULAR', '2017-10-13 05:10:32', 1, NULL, NULL, 1),
	(29817, 116, 4323, NULL, 'REGULAR', '2017-10-13 05:10:32', 1, NULL, NULL, 1),
	(29818, 117, 4323, NULL, 'REGULAR', '2017-10-13 05:10:32', 1, NULL, NULL, 1),
	(29819, 118, 4323, NULL, 'REGULAR', '2017-10-13 05:10:32', 1, NULL, NULL, 1),
	(29820, 119, 4323, NULL, 'REGULAR', '2017-10-13 05:10:32', 1, NULL, NULL, 1),
	(29821, 110, 4324, NULL, 'REGULAR', '2017-10-13 05:10:32', 1, NULL, NULL, 1),
	(29822, 111, 4324, NULL, 'REGULAR', '2017-10-13 05:10:32', 1, NULL, NULL, 1),
	(29823, 112, 4324, NULL, 'REGULAR', '2017-10-13 05:10:32', 1, NULL, NULL, 1),
	(29824, 113, 4324, NULL, 'REGULAR', '2017-10-13 05:10:32', 1, NULL, NULL, 1),
	(29825, 114, 4324, NULL, 'REGULAR', '2017-10-13 05:10:32', 1, NULL, NULL, 1),
	(29826, 115, 4324, NULL, 'REGULAR', '2017-10-13 05:10:32', 1, NULL, NULL, 1),
	(29827, 116, 4324, NULL, 'REGULAR', '2017-10-13 05:10:32', 1, NULL, NULL, 1),
	(29828, 117, 4324, NULL, 'REGULAR', '2017-10-13 05:10:32', 1, NULL, NULL, 1),
	(29829, 118, 4324, NULL, 'REGULAR', '2017-10-13 05:10:32', 1, NULL, NULL, 1),
	(29830, 119, 4324, NULL, 'REGULAR', '2017-10-13 05:10:32', 1, NULL, NULL, 1),
	(29831, 110, 4325, NULL, 'REGULAR', '2017-10-13 05:10:32', 1, NULL, NULL, 1),
	(29832, 111, 4325, NULL, 'REGULAR', '2017-10-13 05:10:32', 1, NULL, NULL, 1),
	(29833, 112, 4325, NULL, 'REGULAR', '2017-10-13 05:10:32', 1, NULL, NULL, 1),
	(29834, 113, 4325, NULL, 'REGULAR', '2017-10-13 05:10:32', 1, NULL, NULL, 1),
	(29835, 114, 4325, NULL, 'REGULAR', '2017-10-13 05:10:32', 1, NULL, NULL, 1),
	(29836, 115, 4325, NULL, 'REGULAR', '2017-10-13 05:10:32', 1, NULL, NULL, 1),
	(29837, 116, 4325, NULL, 'REGULAR', '2017-10-13 05:10:32', 1, NULL, NULL, 1),
	(29838, 117, 4325, NULL, 'REGULAR', '2017-10-13 05:10:32', 1, NULL, NULL, 1),
	(29839, 118, 4325, NULL, 'REGULAR', '2017-10-13 05:10:32', 1, NULL, NULL, 1),
	(29840, 119, 4325, NULL, 'REGULAR', '2017-10-13 05:10:32', 1, NULL, NULL, 1),
	(29841, 110, 4326, NULL, 'REGULAR', '2017-10-13 05:10:32', 1, NULL, NULL, 1),
	(29842, 111, 4326, NULL, 'REGULAR', '2017-10-13 05:10:32', 1, NULL, NULL, 1),
	(29843, 112, 4326, NULL, 'REGULAR', '2017-10-13 05:10:32', 1, NULL, NULL, 1),
	(29844, 113, 4326, NULL, 'REGULAR', '2017-10-13 05:10:32', 1, NULL, NULL, 1),
	(29845, 114, 4326, NULL, 'REGULAR', '2017-10-13 05:10:32', 1, NULL, NULL, 1),
	(29846, 115, 4326, NULL, 'REGULAR', '2017-10-13 05:10:32', 1, NULL, NULL, 1),
	(29847, 116, 4326, NULL, 'REGULAR', '2017-10-13 05:10:32', 1, NULL, NULL, 1),
	(29848, 117, 4326, NULL, 'REGULAR', '2017-10-13 05:10:32', 1, NULL, NULL, 1),
	(29849, 118, 4326, NULL, 'REGULAR', '2017-10-13 05:10:32', 1, NULL, NULL, 1),
	(29850, 119, 4326, NULL, 'REGULAR', '2017-10-13 05:10:32', 1, NULL, NULL, 1),
	(29851, 130, 4327, NULL, 'REGULAR', '2017-10-13 05:10:32', 1, NULL, NULL, 1),
	(29852, 131, 4327, NULL, 'REGULAR', '2017-10-13 05:10:32', 1, NULL, NULL, 1),
	(29853, 172, 4327, NULL, 'REGULAR', '2017-10-13 05:10:32', 1, NULL, NULL, 1),
	(29854, 126, 4327, NULL, 'REGULAR', '2017-10-13 05:10:32', 1, NULL, NULL, 1),
	(29855, 133, 4327, NULL, 'REGULAR', '2017-10-13 05:10:32', 1, NULL, NULL, 1),
	(29856, 134, 4327, NULL, 'REGULAR', '2017-10-13 05:10:32', 1, NULL, NULL, 1),
	(29857, 135, 4327, NULL, 'REGULAR', '2017-10-13 05:10:32', 1, NULL, NULL, 1),
	(29858, 137, 4327, NULL, 'REGULAR', '2017-10-13 05:10:32', 1, NULL, NULL, 1),
	(29859, 130, 4328, NULL, 'REGULAR', '2017-10-13 05:10:32', 1, NULL, NULL, 1),
	(29860, 131, 4328, NULL, 'REGULAR', '2017-10-13 05:10:32', 1, NULL, NULL, 1),
	(29861, 172, 4328, NULL, 'REGULAR', '2017-10-13 05:10:32', 1, NULL, NULL, 1),
	(29862, 126, 4328, NULL, 'REGULAR', '2017-10-13 05:10:32', 1, NULL, NULL, 1),
	(29863, 133, 4328, NULL, 'REGULAR', '2017-10-13 05:10:32', 1, NULL, NULL, 1),
	(29864, 134, 4328, NULL, 'REGULAR', '2017-10-13 05:10:32', 1, NULL, NULL, 1),
	(29865, 135, 4328, NULL, 'REGULAR', '2017-10-13 05:10:32', 1, NULL, NULL, 1),
	(29866, 137, 4328, NULL, 'REGULAR', '2017-10-13 05:10:32', 1, NULL, NULL, 1),
	(29867, 130, 4329, NULL, 'REGULAR', '2017-10-13 05:10:32', 1, NULL, NULL, 1),
	(29868, 131, 4329, NULL, 'REGULAR', '2017-10-13 05:10:32', 1, NULL, NULL, 1),
	(29869, 172, 4329, NULL, 'REGULAR', '2017-10-13 05:10:32', 1, NULL, NULL, 1),
	(29870, 126, 4329, NULL, 'REGULAR', '2017-10-13 05:10:32', 1, NULL, NULL, 1),
	(29871, 133, 4329, NULL, 'REGULAR', '2017-10-13 05:10:32', 1, NULL, NULL, 1),
	(29872, 134, 4329, NULL, 'REGULAR', '2017-10-13 05:10:32', 1, NULL, NULL, 1),
	(29873, 135, 4329, NULL, 'REGULAR', '2017-10-13 05:10:32', 1, NULL, NULL, 1),
	(29874, 137, 4329, NULL, 'REGULAR', '2017-10-13 05:10:32', 1, NULL, NULL, 1),
	(29875, 130, 4330, NULL, 'REGULAR', '2017-10-13 05:10:32', 1, NULL, NULL, 1),
	(29876, 131, 4330, NULL, 'REGULAR', '2017-10-13 05:10:32', 1, NULL, NULL, 1),
	(29877, 172, 4330, NULL, 'REGULAR', '2017-10-13 05:10:32', 1, NULL, NULL, 1),
	(29878, 126, 4330, NULL, 'REGULAR', '2017-10-13 05:10:32', 1, NULL, NULL, 1),
	(29879, 133, 4330, NULL, 'REGULAR', '2017-10-13 05:10:32', 1, NULL, NULL, 1),
	(29880, 134, 4330, NULL, 'REGULAR', '2017-10-13 05:10:32', 1, NULL, NULL, 1),
	(29881, 135, 4330, NULL, 'REGULAR', '2017-10-13 05:10:32', 1, NULL, NULL, 1),
	(29882, 137, 4330, NULL, 'REGULAR', '2017-10-13 05:10:32', 1, NULL, NULL, 1),
	(29883, 130, 4331, NULL, 'REGULAR', '2017-10-13 05:10:32', 1, NULL, NULL, 1),
	(29884, 131, 4331, NULL, 'REGULAR', '2017-10-13 05:10:32', 1, NULL, NULL, 1),
	(29885, 172, 4331, NULL, 'REGULAR', '2017-10-13 05:10:32', 1, NULL, NULL, 1),
	(29886, 126, 4331, NULL, 'REGULAR', '2017-10-13 05:10:32', 1, NULL, NULL, 1),
	(29887, 133, 4331, NULL, 'REGULAR', '2017-10-13 05:10:32', 1, NULL, NULL, 1),
	(29888, 134, 4331, NULL, 'REGULAR', '2017-10-13 05:10:32', 1, NULL, NULL, 1),
	(29889, 135, 4331, NULL, 'REGULAR', '2017-10-13 05:10:32', 1, NULL, NULL, 1),
	(29890, 137, 4331, NULL, 'REGULAR', '2017-10-13 05:10:32', 1, NULL, NULL, 1),
	(29891, 130, 4332, NULL, 'REGULAR', '2017-10-13 05:10:32', 1, NULL, NULL, 1),
	(29892, 131, 4332, NULL, 'REGULAR', '2017-10-13 05:10:32', 1, NULL, NULL, 1),
	(29893, 172, 4332, NULL, 'REGULAR', '2017-10-13 05:10:32', 1, NULL, NULL, 1),
	(29894, 126, 4332, NULL, 'REGULAR', '2017-10-13 05:10:32', 1, NULL, NULL, 1),
	(29895, 133, 4332, NULL, 'REGULAR', '2017-10-13 05:10:32', 1, NULL, NULL, 1),
	(29896, 134, 4332, NULL, 'REGULAR', '2017-10-13 05:10:32', 1, NULL, NULL, 1),
	(29897, 135, 4332, NULL, 'REGULAR', '2017-10-13 05:10:32', 1, NULL, NULL, 1),
	(29898, 137, 4332, NULL, 'REGULAR', '2017-10-13 05:10:32', 1, NULL, NULL, 1),
	(29899, 130, 4333, NULL, 'REGULAR', '2017-10-13 05:10:32', 1, NULL, NULL, 1),
	(29900, 131, 4333, NULL, 'REGULAR', '2017-10-13 05:10:32', 1, NULL, NULL, 1),
	(29901, 172, 4333, NULL, 'REGULAR', '2017-10-13 05:10:32', 1, NULL, NULL, 1),
	(29902, 126, 4333, NULL, 'REGULAR', '2017-10-13 05:10:32', 1, NULL, NULL, 1),
	(29903, 133, 4333, NULL, 'REGULAR', '2017-10-13 05:10:32', 1, NULL, NULL, 1),
	(29904, 134, 4333, NULL, 'REGULAR', '2017-10-13 05:10:32', 1, NULL, NULL, 1),
	(29905, 135, 4333, NULL, 'REGULAR', '2017-10-13 05:10:32', 1, NULL, NULL, 1),
	(29906, 137, 4333, NULL, 'REGULAR', '2017-10-13 05:10:32', 1, NULL, NULL, 1),
	(29907, 130, 4334, NULL, 'REGULAR', '2017-10-13 05:10:32', 1, NULL, NULL, 1),
	(29908, 131, 4334, NULL, 'REGULAR', '2017-10-13 05:10:32', 1, NULL, NULL, 1),
	(29909, 172, 4334, NULL, 'REGULAR', '2017-10-13 05:10:32', 1, NULL, NULL, 1),
	(29910, 126, 4334, NULL, 'REGULAR', '2017-10-13 05:10:32', 1, NULL, NULL, 1),
	(29911, 133, 4334, NULL, 'REGULAR', '2017-10-13 05:10:32', 1, NULL, NULL, 1),
	(29912, 134, 4334, NULL, 'REGULAR', '2017-10-13 05:10:32', 1, NULL, NULL, 1),
	(29913, 135, 4334, NULL, 'REGULAR', '2017-10-13 05:10:32', 1, NULL, NULL, 1),
	(29914, 137, 4334, NULL, 'REGULAR', '2017-10-13 05:10:32', 1, NULL, NULL, 1),
	(29915, 130, 4335, NULL, 'REGULAR', '2017-10-13 05:10:32', 1, NULL, NULL, 1),
	(29916, 131, 4335, NULL, 'REGULAR', '2017-10-13 05:10:32', 1, NULL, NULL, 1),
	(29917, 172, 4335, NULL, 'REGULAR', '2017-10-13 05:10:32', 1, NULL, NULL, 1),
	(29918, 126, 4335, NULL, 'REGULAR', '2017-10-13 05:10:32', 1, NULL, NULL, 1),
	(29919, 133, 4335, NULL, 'REGULAR', '2017-10-13 05:10:32', 1, NULL, NULL, 1),
	(29920, 134, 4335, NULL, 'REGULAR', '2017-10-13 05:10:32', 1, NULL, NULL, 1),
	(29921, 135, 4335, NULL, 'REGULAR', '2017-10-13 05:10:32', 1, NULL, NULL, 1),
	(29922, 137, 4335, NULL, 'REGULAR', '2017-10-13 05:10:32', 1, NULL, NULL, 1),
	(29923, 130, 4336, NULL, 'REGULAR', '2017-10-13 05:10:32', 1, NULL, NULL, 1),
	(29924, 131, 4336, NULL, 'REGULAR', '2017-10-13 05:10:32', 1, NULL, NULL, 1),
	(29925, 172, 4336, NULL, 'REGULAR', '2017-10-13 05:10:32', 1, NULL, NULL, 1),
	(29926, 126, 4336, NULL, 'REGULAR', '2017-10-13 05:10:32', 1, NULL, NULL, 1),
	(29927, 133, 4336, NULL, 'REGULAR', '2017-10-13 05:10:32', 1, NULL, NULL, 1),
	(29928, 134, 4336, NULL, 'REGULAR', '2017-10-13 05:10:32', 1, NULL, NULL, 1),
	(29929, 135, 4336, NULL, 'REGULAR', '2017-10-13 05:10:32', 1, NULL, NULL, 1),
	(29930, 137, 4336, NULL, 'REGULAR', '2017-10-13 05:10:32', 1, NULL, NULL, 1),
	(29931, 130, 4337, NULL, 'REGULAR', '2017-10-13 05:10:32', 1, NULL, NULL, 1),
	(29932, 131, 4337, NULL, 'REGULAR', '2017-10-13 05:10:32', 1, NULL, NULL, 1),
	(29933, 172, 4337, NULL, 'REGULAR', '2017-10-13 05:10:32', 1, NULL, NULL, 1),
	(29934, 126, 4337, NULL, 'REGULAR', '2017-10-13 05:10:32', 1, NULL, NULL, 1),
	(29935, 133, 4337, NULL, 'REGULAR', '2017-10-13 05:10:32', 1, NULL, NULL, 1),
	(29936, 134, 4337, NULL, 'REGULAR', '2017-10-13 05:10:32', 1, NULL, NULL, 1),
	(29937, 135, 4337, NULL, 'REGULAR', '2017-10-13 05:10:32', 1, NULL, NULL, 1),
	(29938, 137, 4337, NULL, 'REGULAR', '2017-10-13 05:10:32', 1, NULL, NULL, 1),
	(29939, 130, 4338, NULL, 'REGULAR', '2017-10-13 05:10:32', 1, NULL, NULL, 1),
	(29940, 131, 4338, NULL, 'REGULAR', '2017-10-13 05:10:32', 1, NULL, NULL, 1),
	(29941, 172, 4338, NULL, 'REGULAR', '2017-10-13 05:10:32', 1, NULL, NULL, 1),
	(29942, 126, 4338, NULL, 'REGULAR', '2017-10-13 05:10:32', 1, NULL, NULL, 1),
	(29943, 133, 4338, NULL, 'REGULAR', '2017-10-13 05:10:32', 1, NULL, NULL, 1),
	(29944, 134, 4338, NULL, 'REGULAR', '2017-10-13 05:10:32', 1, NULL, NULL, 1),
	(29945, 135, 4338, NULL, 'REGULAR', '2017-10-13 05:10:32', 1, NULL, NULL, 1),
	(29946, 137, 4338, NULL, 'REGULAR', '2017-10-13 05:10:32', 1, NULL, NULL, 1),
	(29947, 130, 4339, NULL, 'REGULAR', '2017-10-13 05:10:32', 1, NULL, NULL, 1),
	(29948, 131, 4339, NULL, 'REGULAR', '2017-10-13 05:10:32', 1, NULL, NULL, 1),
	(29949, 172, 4339, NULL, 'REGULAR', '2017-10-13 05:10:32', 1, NULL, NULL, 1),
	(29950, 126, 4339, NULL, 'REGULAR', '2017-10-13 05:10:32', 1, NULL, NULL, 1),
	(29951, 133, 4339, NULL, 'REGULAR', '2017-10-13 05:10:32', 1, NULL, NULL, 1),
	(29952, 134, 4339, NULL, 'REGULAR', '2017-10-13 05:10:32', 1, NULL, NULL, 1),
	(29953, 135, 4339, NULL, 'REGULAR', '2017-10-13 05:10:32', 1, NULL, NULL, 1),
	(29954, 137, 4339, NULL, 'REGULAR', '2017-10-13 05:10:32', 1, NULL, NULL, 1),
	(29955, 130, 4340, NULL, 'REGULAR', '2017-10-13 05:10:32', 1, NULL, NULL, 1),
	(29956, 131, 4340, NULL, 'REGULAR', '2017-10-13 05:10:32', 1, NULL, NULL, 1),
	(29957, 172, 4340, NULL, 'REGULAR', '2017-10-13 05:10:32', 1, NULL, NULL, 1),
	(29958, 126, 4340, NULL, 'REGULAR', '2017-10-13 05:10:32', 1, NULL, NULL, 1),
	(29959, 133, 4340, NULL, 'REGULAR', '2017-10-13 05:10:32', 1, NULL, NULL, 1),
	(29960, 134, 4340, NULL, 'REGULAR', '2017-10-13 05:10:32', 1, NULL, NULL, 1),
	(29961, 135, 4340, NULL, 'REGULAR', '2017-10-13 05:10:32', 1, NULL, NULL, 1),
	(29962, 137, 4340, NULL, 'REGULAR', '2017-10-13 05:10:32', 1, NULL, NULL, 1),
	(29963, 130, 4341, NULL, 'REGULAR', '2017-10-13 05:10:32', 1, NULL, NULL, 1),
	(29964, 131, 4341, NULL, 'REGULAR', '2017-10-13 05:10:32', 1, NULL, NULL, 1),
	(29965, 172, 4341, NULL, 'REGULAR', '2017-10-13 05:10:32', 1, NULL, NULL, 1),
	(29966, 126, 4341, NULL, 'REGULAR', '2017-10-13 05:10:32', 1, NULL, NULL, 1),
	(29967, 133, 4341, NULL, 'REGULAR', '2017-10-13 05:10:32', 1, NULL, NULL, 1),
	(29968, 134, 4341, NULL, 'REGULAR', '2017-10-13 05:10:32', 1, NULL, NULL, 1),
	(29969, 135, 4341, NULL, 'REGULAR', '2017-10-13 05:10:32', 1, NULL, NULL, 1),
	(29970, 137, 4341, NULL, 'REGULAR', '2017-10-13 05:10:32', 1, NULL, NULL, 1),
	(29971, 130, 4342, NULL, 'REGULAR', '2017-10-13 05:10:32', 1, NULL, NULL, 1),
	(29972, 131, 4342, NULL, 'REGULAR', '2017-10-13 05:10:32', 1, NULL, NULL, 1),
	(29973, 172, 4342, NULL, 'REGULAR', '2017-10-13 05:10:32', 1, NULL, NULL, 1),
	(29974, 126, 4342, NULL, 'REGULAR', '2017-10-13 05:10:32', 1, NULL, NULL, 1),
	(29975, 133, 4342, NULL, 'REGULAR', '2017-10-13 05:10:32', 1, NULL, NULL, 1),
	(29976, 134, 4342, NULL, 'REGULAR', '2017-10-13 05:10:32', 1, NULL, NULL, 1),
	(29977, 135, 4342, NULL, 'REGULAR', '2017-10-13 05:10:32', 1, NULL, NULL, 1),
	(29978, 137, 4342, NULL, 'REGULAR', '2017-10-13 05:10:32', 1, NULL, NULL, 1),
	(29979, 130, 4343, NULL, 'REGULAR', '2017-10-13 05:10:32', 1, NULL, NULL, 1),
	(29980, 131, 4343, NULL, 'REGULAR', '2017-10-13 05:10:32', 1, NULL, NULL, 1),
	(29981, 172, 4343, NULL, 'REGULAR', '2017-10-13 05:10:32', 1, NULL, NULL, 1),
	(29982, 126, 4343, NULL, 'REGULAR', '2017-10-13 05:10:32', 1, NULL, NULL, 1),
	(29983, 133, 4343, NULL, 'REGULAR', '2017-10-13 05:10:32', 1, NULL, NULL, 1),
	(29984, 134, 4343, NULL, 'REGULAR', '2017-10-13 05:10:32', 1, NULL, NULL, 1),
	(29985, 135, 4343, NULL, 'REGULAR', '2017-10-13 05:10:32', 1, NULL, NULL, 1),
	(29986, 137, 4343, NULL, 'REGULAR', '2017-10-13 05:10:32', 1, NULL, NULL, 1),
	(29987, 130, 4344, NULL, 'REGULAR', '2017-10-13 05:10:32', 1, NULL, NULL, 1),
	(29988, 131, 4344, NULL, 'REGULAR', '2017-10-13 05:10:32', 1, NULL, NULL, 1),
	(29989, 172, 4344, NULL, 'REGULAR', '2017-10-13 05:10:32', 1, NULL, NULL, 1),
	(29990, 126, 4344, NULL, 'REGULAR', '2017-10-13 05:10:32', 1, NULL, NULL, 1),
	(29991, 133, 4344, NULL, 'REGULAR', '2017-10-13 05:10:32', 1, NULL, NULL, 1),
	(29992, 134, 4344, NULL, 'REGULAR', '2017-10-13 05:10:32', 1, NULL, NULL, 1),
	(29993, 135, 4344, NULL, 'REGULAR', '2017-10-13 05:10:32', 1, NULL, NULL, 1),
	(29994, 137, 4344, NULL, 'REGULAR', '2017-10-13 05:10:32', 1, NULL, NULL, 1),
	(29995, 130, 4345, NULL, 'REGULAR', '2017-10-13 05:10:32', 1, NULL, NULL, 1),
	(29996, 131, 4345, NULL, 'REGULAR', '2017-10-13 05:10:32', 1, NULL, NULL, 1),
	(29997, 172, 4345, NULL, 'REGULAR', '2017-10-13 05:10:32', 1, NULL, NULL, 1),
	(29998, 126, 4345, NULL, 'REGULAR', '2017-10-13 05:10:32', 1, NULL, NULL, 1),
	(29999, 133, 4345, NULL, 'REGULAR', '2017-10-13 05:10:32', 1, NULL, NULL, 1),
	(30000, 134, 4345, NULL, 'REGULAR', '2017-10-13 05:10:32', 1, NULL, NULL, 1),
	(30001, 135, 4345, NULL, 'REGULAR', '2017-10-13 05:10:33', 1, NULL, NULL, 1),
	(30002, 137, 4345, NULL, 'REGULAR', '2017-10-13 05:10:33', 1, NULL, NULL, 1),
	(30003, 130, 4346, NULL, 'REGULAR', '2017-10-13 05:10:33', 1, NULL, NULL, 1),
	(30004, 131, 4346, NULL, 'REGULAR', '2017-10-13 05:10:33', 1, NULL, NULL, 1),
	(30005, 172, 4346, NULL, 'REGULAR', '2017-10-13 05:10:33', 1, NULL, NULL, 1),
	(30006, 126, 4346, NULL, 'REGULAR', '2017-10-13 05:10:33', 1, NULL, NULL, 1),
	(30007, 133, 4346, NULL, 'REGULAR', '2017-10-13 05:10:33', 1, NULL, NULL, 1),
	(30008, 134, 4346, NULL, 'REGULAR', '2017-10-13 05:10:33', 1, NULL, NULL, 1),
	(30009, 135, 4346, NULL, 'REGULAR', '2017-10-13 05:10:33', 1, NULL, NULL, 1),
	(30010, 137, 4346, NULL, 'REGULAR', '2017-10-13 05:10:33', 1, NULL, NULL, 1),
	(30011, 130, 4347, NULL, 'REGULAR', '2017-10-13 05:10:33', 1, NULL, NULL, 1),
	(30012, 131, 4347, NULL, 'REGULAR', '2017-10-13 05:10:33', 1, NULL, NULL, 1),
	(30013, 172, 4347, NULL, 'REGULAR', '2017-10-13 05:10:33', 1, NULL, NULL, 1),
	(30014, 126, 4347, NULL, 'REGULAR', '2017-10-13 05:10:33', 1, NULL, NULL, 1),
	(30015, 133, 4347, NULL, 'REGULAR', '2017-10-13 05:10:33', 1, NULL, NULL, 1),
	(30016, 134, 4347, NULL, 'REGULAR', '2017-10-13 05:10:33', 1, NULL, NULL, 1),
	(30017, 135, 4347, NULL, 'REGULAR', '2017-10-13 05:10:33', 1, NULL, NULL, 1),
	(30018, 137, 4347, NULL, 'REGULAR', '2017-10-13 05:10:33', 1, NULL, NULL, 1),
	(30019, 130, 4348, NULL, 'REGULAR', '2017-10-13 05:10:33', 1, NULL, NULL, 1),
	(30020, 131, 4348, NULL, 'REGULAR', '2017-10-13 05:10:33', 1, NULL, NULL, 1),
	(30021, 172, 4348, NULL, 'REGULAR', '2017-10-13 05:10:33', 1, NULL, NULL, 1),
	(30022, 126, 4348, NULL, 'REGULAR', '2017-10-13 05:10:33', 1, NULL, NULL, 1),
	(30023, 133, 4348, NULL, 'REGULAR', '2017-10-13 05:10:33', 1, NULL, NULL, 1),
	(30024, 134, 4348, NULL, 'REGULAR', '2017-10-13 05:10:33', 1, NULL, NULL, 1),
	(30025, 135, 4348, NULL, 'REGULAR', '2017-10-13 05:10:33', 1, NULL, NULL, 1),
	(30026, 137, 4348, NULL, 'REGULAR', '2017-10-13 05:10:33', 1, NULL, NULL, 1),
	(30027, 130, 4349, NULL, 'REGULAR', '2017-10-13 05:10:33', 1, NULL, NULL, 1),
	(30028, 131, 4349, NULL, 'REGULAR', '2017-10-13 05:10:33', 1, NULL, NULL, 1),
	(30029, 172, 4349, NULL, 'REGULAR', '2017-10-13 05:10:33', 1, NULL, NULL, 1),
	(30030, 126, 4349, NULL, 'REGULAR', '2017-10-13 05:10:33', 1, NULL, NULL, 1),
	(30031, 133, 4349, NULL, 'REGULAR', '2017-10-13 05:10:33', 1, NULL, NULL, 1),
	(30032, 134, 4349, NULL, 'REGULAR', '2017-10-13 05:10:33', 1, NULL, NULL, 1),
	(30033, 135, 4349, NULL, 'REGULAR', '2017-10-13 05:10:33', 1, NULL, NULL, 1),
	(30034, 137, 4349, NULL, 'REGULAR', '2017-10-13 05:10:33', 1, NULL, NULL, 1),
	(30035, 130, 4350, NULL, 'REGULAR', '2017-10-13 05:10:33', 1, NULL, NULL, 1),
	(30036, 131, 4350, NULL, 'REGULAR', '2017-10-13 05:10:33', 1, NULL, NULL, 1),
	(30037, 172, 4350, NULL, 'REGULAR', '2017-10-13 05:10:33', 1, NULL, NULL, 1),
	(30038, 126, 4350, NULL, 'REGULAR', '2017-10-13 05:10:33', 1, NULL, NULL, 1),
	(30039, 133, 4350, NULL, 'REGULAR', '2017-10-13 05:10:33', 1, NULL, NULL, 1),
	(30040, 134, 4350, NULL, 'REGULAR', '2017-10-13 05:10:33', 1, NULL, NULL, 1),
	(30041, 135, 4350, NULL, 'REGULAR', '2017-10-13 05:10:33', 1, NULL, NULL, 1),
	(30042, 137, 4350, NULL, 'REGULAR', '2017-10-13 05:10:33', 1, NULL, NULL, 1),
	(30043, 130, 4351, NULL, 'REGULAR', '2017-10-13 05:10:33', 1, NULL, NULL, 1),
	(30044, 131, 4351, NULL, 'REGULAR', '2017-10-13 05:10:33', 1, NULL, NULL, 1),
	(30045, 172, 4351, NULL, 'REGULAR', '2017-10-13 05:10:33', 1, NULL, NULL, 1),
	(30046, 126, 4351, NULL, 'REGULAR', '2017-10-13 05:10:33', 1, NULL, NULL, 1),
	(30047, 133, 4351, NULL, 'REGULAR', '2017-10-13 05:10:33', 1, NULL, NULL, 1),
	(30048, 134, 4351, NULL, 'REGULAR', '2017-10-13 05:10:33', 1, NULL, NULL, 1),
	(30049, 135, 4351, NULL, 'REGULAR', '2017-10-13 05:10:33', 1, NULL, NULL, 1),
	(30050, 137, 4351, NULL, 'REGULAR', '2017-10-13 05:10:33', 1, NULL, NULL, 1),
	(30051, 130, 4352, NULL, 'REGULAR', '2017-10-13 05:10:33', 1, NULL, NULL, 1),
	(30052, 131, 4352, NULL, 'REGULAR', '2017-10-13 05:10:33', 1, NULL, NULL, 1),
	(30053, 172, 4352, NULL, 'REGULAR', '2017-10-13 05:10:33', 1, NULL, NULL, 1),
	(30054, 126, 4352, NULL, 'REGULAR', '2017-10-13 05:10:33', 1, NULL, NULL, 1),
	(30055, 133, 4352, NULL, 'REGULAR', '2017-10-13 05:10:33', 1, NULL, NULL, 1),
	(30056, 134, 4352, NULL, 'REGULAR', '2017-10-13 05:10:33', 1, NULL, NULL, 1),
	(30057, 135, 4352, NULL, 'REGULAR', '2017-10-13 05:10:33', 1, NULL, NULL, 1),
	(30058, 137, 4352, NULL, 'REGULAR', '2017-10-13 05:10:33', 1, NULL, NULL, 1),
	(30059, 130, 4353, NULL, 'REGULAR', '2017-10-13 05:10:33', 1, NULL, NULL, 1),
	(30060, 131, 4353, NULL, 'REGULAR', '2017-10-13 05:10:33', 1, NULL, NULL, 1),
	(30061, 172, 4353, NULL, 'REGULAR', '2017-10-13 05:10:33', 1, NULL, NULL, 1),
	(30062, 126, 4353, NULL, 'REGULAR', '2017-10-13 05:10:33', 1, NULL, NULL, 1),
	(30063, 133, 4353, NULL, 'REGULAR', '2017-10-13 05:10:33', 1, NULL, NULL, 1),
	(30064, 134, 4353, NULL, 'REGULAR', '2017-10-13 05:10:33', 1, NULL, NULL, 1),
	(30065, 135, 4353, NULL, 'REGULAR', '2017-10-13 05:10:33', 1, NULL, NULL, 1),
	(30066, 137, 4353, NULL, 'REGULAR', '2017-10-13 05:10:33', 1, NULL, NULL, 1),
	(30067, 130, 4354, NULL, 'REGULAR', '2017-10-13 05:10:33', 1, NULL, NULL, 1),
	(30068, 131, 4354, NULL, 'REGULAR', '2017-10-13 05:10:33', 1, NULL, NULL, 1),
	(30069, 172, 4354, NULL, 'REGULAR', '2017-10-13 05:10:33', 1, NULL, NULL, 1),
	(30070, 126, 4354, NULL, 'REGULAR', '2017-10-13 05:10:33', 1, NULL, NULL, 1),
	(30071, 133, 4354, NULL, 'REGULAR', '2017-10-13 05:10:33', 1, NULL, NULL, 1),
	(30072, 134, 4354, NULL, 'REGULAR', '2017-10-13 05:10:33', 1, NULL, NULL, 1),
	(30073, 135, 4354, NULL, 'REGULAR', '2017-10-13 05:10:33', 1, NULL, NULL, 1),
	(30074, 137, 4354, NULL, 'REGULAR', '2017-10-13 05:10:33', 1, NULL, NULL, 1),
	(30075, 130, 4355, NULL, 'REGULAR', '2017-10-13 05:10:33', 1, NULL, NULL, 1),
	(30076, 131, 4355, NULL, 'REGULAR', '2017-10-13 05:10:33', 1, NULL, NULL, 1),
	(30077, 172, 4355, NULL, 'REGULAR', '2017-10-13 05:10:33', 1, NULL, NULL, 1),
	(30078, 126, 4355, NULL, 'REGULAR', '2017-10-13 05:10:33', 1, NULL, NULL, 1),
	(30079, 133, 4355, NULL, 'REGULAR', '2017-10-13 05:10:33', 1, NULL, NULL, 1),
	(30080, 134, 4355, NULL, 'REGULAR', '2017-10-13 05:10:33', 1, NULL, NULL, 1),
	(30081, 135, 4355, NULL, 'REGULAR', '2017-10-13 05:10:33', 1, NULL, NULL, 1),
	(30082, 137, 4355, NULL, 'REGULAR', '2017-10-13 05:10:33', 1, NULL, NULL, 1),
	(30083, 130, 4356, NULL, 'REGULAR', '2017-10-13 05:10:33', 1, NULL, NULL, 1),
	(30084, 131, 4356, NULL, 'REGULAR', '2017-10-13 05:10:33', 1, NULL, NULL, 1),
	(30085, 172, 4356, NULL, 'REGULAR', '2017-10-13 05:10:33', 1, NULL, NULL, 1),
	(30086, 126, 4356, NULL, 'REGULAR', '2017-10-13 05:10:33', 1, NULL, NULL, 1),
	(30087, 133, 4356, NULL, 'REGULAR', '2017-10-13 05:10:33', 1, NULL, NULL, 1),
	(30088, 134, 4356, NULL, 'REGULAR', '2017-10-13 05:10:33', 1, NULL, NULL, 1),
	(30089, 135, 4356, NULL, 'REGULAR', '2017-10-13 05:10:33', 1, NULL, NULL, 1),
	(30090, 137, 4356, NULL, 'REGULAR', '2017-10-13 05:10:33', 1, NULL, NULL, 1),
	(30091, 130, 4357, NULL, 'REGULAR', '2017-10-13 05:10:33', 1, NULL, NULL, 1),
	(30092, 131, 4357, NULL, 'REGULAR', '2017-10-13 05:10:33', 1, NULL, NULL, 1),
	(30093, 172, 4357, NULL, 'REGULAR', '2017-10-13 05:10:33', 1, NULL, NULL, 1),
	(30094, 126, 4357, NULL, 'REGULAR', '2017-10-13 05:10:33', 1, NULL, NULL, 1),
	(30095, 133, 4357, NULL, 'REGULAR', '2017-10-13 05:10:33', 1, NULL, NULL, 1),
	(30096, 134, 4357, NULL, 'REGULAR', '2017-10-13 05:10:33', 1, NULL, NULL, 1),
	(30097, 135, 4357, NULL, 'REGULAR', '2017-10-13 05:10:33', 1, NULL, NULL, 1),
	(30098, 137, 4357, NULL, 'REGULAR', '2017-10-13 05:10:33', 1, NULL, NULL, 1),
	(30099, 130, 4358, NULL, 'REGULAR', '2017-10-13 05:10:33', 1, NULL, NULL, 1),
	(30100, 131, 4358, NULL, 'REGULAR', '2017-10-13 05:10:33', 1, NULL, NULL, 1),
	(30101, 172, 4358, NULL, 'REGULAR', '2017-10-13 05:10:33', 1, NULL, NULL, 1),
	(30102, 126, 4358, NULL, 'REGULAR', '2017-10-13 05:10:33', 1, NULL, NULL, 1),
	(30103, 133, 4358, NULL, 'REGULAR', '2017-10-13 05:10:33', 1, NULL, NULL, 1),
	(30104, 134, 4358, NULL, 'REGULAR', '2017-10-13 05:10:33', 1, NULL, NULL, 1),
	(30105, 135, 4358, NULL, 'REGULAR', '2017-10-13 05:10:33', 1, NULL, NULL, 1),
	(30106, 137, 4358, NULL, 'REGULAR', '2017-10-13 05:10:33', 1, NULL, NULL, 1),
	(30107, 130, 4359, NULL, 'REGULAR', '2017-10-13 05:10:33', 1, NULL, NULL, 1),
	(30108, 131, 4359, NULL, 'REGULAR', '2017-10-13 05:10:33', 1, NULL, NULL, 1),
	(30109, 172, 4359, NULL, 'REGULAR', '2017-10-13 05:10:33', 1, NULL, NULL, 1),
	(30110, 126, 4359, NULL, 'REGULAR', '2017-10-13 05:10:33', 1, NULL, NULL, 1),
	(30111, 133, 4359, NULL, 'REGULAR', '2017-10-13 05:10:33', 1, NULL, NULL, 1),
	(30112, 134, 4359, NULL, 'REGULAR', '2017-10-13 05:10:33', 1, NULL, NULL, 1),
	(30113, 135, 4359, NULL, 'REGULAR', '2017-10-13 05:10:33', 1, NULL, NULL, 1),
	(30114, 137, 4359, NULL, 'REGULAR', '2017-10-13 05:10:33', 1, NULL, NULL, 1),
	(30115, 130, 4360, NULL, 'REGULAR', '2017-10-13 05:10:33', 1, NULL, NULL, 1),
	(30116, 131, 4360, NULL, 'REGULAR', '2017-10-13 05:10:33', 1, NULL, NULL, 1),
	(30117, 172, 4360, NULL, 'REGULAR', '2017-10-13 05:10:33', 1, NULL, NULL, 1),
	(30118, 126, 4360, NULL, 'REGULAR', '2017-10-13 05:10:33', 1, NULL, NULL, 1),
	(30119, 133, 4360, NULL, 'REGULAR', '2017-10-13 05:10:33', 1, NULL, NULL, 1),
	(30120, 134, 4360, NULL, 'REGULAR', '2017-10-13 05:10:33', 1, NULL, NULL, 1),
	(30121, 135, 4360, NULL, 'REGULAR', '2017-10-13 05:10:33', 1, NULL, NULL, 1),
	(30122, 137, 4360, NULL, 'REGULAR', '2017-10-13 05:10:33', 1, NULL, NULL, 1),
	(30123, 130, 4361, NULL, 'REGULAR', '2017-10-13 05:10:33', 1, NULL, NULL, 1),
	(30124, 131, 4361, NULL, 'REGULAR', '2017-10-13 05:10:33', 1, NULL, NULL, 1),
	(30125, 172, 4361, NULL, 'REGULAR', '2017-10-13 05:10:33', 1, NULL, NULL, 1),
	(30126, 126, 4361, NULL, 'REGULAR', '2017-10-13 05:10:33', 1, NULL, NULL, 1),
	(30127, 133, 4361, NULL, 'REGULAR', '2017-10-13 05:10:33', 1, NULL, NULL, 1),
	(30128, 134, 4361, NULL, 'REGULAR', '2017-10-13 05:10:33', 1, NULL, NULL, 1),
	(30129, 135, 4361, NULL, 'REGULAR', '2017-10-13 05:10:33', 1, NULL, NULL, 1),
	(30130, 137, 4361, NULL, 'REGULAR', '2017-10-13 05:10:33', 1, NULL, NULL, 1),
	(30131, 130, 4362, NULL, 'REGULAR', '2017-10-13 05:10:33', 1, NULL, NULL, 1),
	(30132, 131, 4362, NULL, 'REGULAR', '2017-10-13 05:10:33', 1, NULL, NULL, 1),
	(30133, 172, 4362, NULL, 'REGULAR', '2017-10-13 05:10:33', 1, NULL, NULL, 1),
	(30134, 126, 4362, NULL, 'REGULAR', '2017-10-13 05:10:33', 1, NULL, NULL, 1),
	(30135, 133, 4362, NULL, 'REGULAR', '2017-10-13 05:10:33', 1, NULL, NULL, 1),
	(30136, 134, 4362, NULL, 'REGULAR', '2017-10-13 05:10:33', 1, NULL, NULL, 1),
	(30137, 135, 4362, NULL, 'REGULAR', '2017-10-13 05:10:33', 1, NULL, NULL, 1),
	(30138, 137, 4362, NULL, 'REGULAR', '2017-10-13 05:10:33', 1, NULL, NULL, 1),
	(30139, 130, 4363, NULL, 'REGULAR', '2017-10-13 05:10:33', 1, NULL, NULL, 1),
	(30140, 131, 4363, NULL, 'REGULAR', '2017-10-13 05:10:33', 1, NULL, NULL, 1),
	(30141, 172, 4363, NULL, 'REGULAR', '2017-10-13 05:10:33', 1, NULL, NULL, 1),
	(30142, 126, 4363, NULL, 'REGULAR', '2017-10-13 05:10:33', 1, NULL, NULL, 1),
	(30143, 133, 4363, NULL, 'REGULAR', '2017-10-13 05:10:33', 1, NULL, NULL, 1),
	(30144, 134, 4363, NULL, 'REGULAR', '2017-10-13 05:10:33', 1, NULL, NULL, 1),
	(30145, 135, 4363, NULL, 'REGULAR', '2017-10-13 05:10:33', 1, NULL, NULL, 1),
	(30146, 137, 4363, NULL, 'REGULAR', '2017-10-13 05:10:33', 1, NULL, NULL, 1),
	(30147, 130, 4364, NULL, 'REGULAR', '2017-10-13 05:10:33', 1, NULL, NULL, 1),
	(30148, 131, 4364, NULL, 'REGULAR', '2017-10-13 05:10:33', 1, NULL, NULL, 1),
	(30149, 172, 4364, NULL, 'REGULAR', '2017-10-13 05:10:33', 1, NULL, NULL, 1),
	(30150, 126, 4364, NULL, 'REGULAR', '2017-10-13 05:10:33', 1, NULL, NULL, 1),
	(30151, 133, 4364, NULL, 'REGULAR', '2017-10-13 05:10:33', 1, NULL, NULL, 1),
	(30152, 134, 4364, NULL, 'REGULAR', '2017-10-13 05:10:33', 1, NULL, NULL, 1),
	(30153, 135, 4364, NULL, 'REGULAR', '2017-10-13 05:10:33', 1, NULL, NULL, 1),
	(30154, 137, 4364, NULL, 'REGULAR', '2017-10-13 05:10:33', 1, NULL, NULL, 1),
	(30155, 130, 4365, NULL, 'REGULAR', '2017-10-13 05:10:33', 1, NULL, NULL, 1),
	(30156, 131, 4365, NULL, 'REGULAR', '2017-10-13 05:10:33', 1, NULL, NULL, 1),
	(30157, 172, 4365, NULL, 'REGULAR', '2017-10-13 05:10:33', 1, NULL, NULL, 1),
	(30158, 126, 4365, NULL, 'REGULAR', '2017-10-13 05:10:33', 1, NULL, NULL, 1),
	(30159, 133, 4365, NULL, 'REGULAR', '2017-10-13 05:10:33', 1, NULL, NULL, 1),
	(30160, 134, 4365, NULL, 'REGULAR', '2017-10-13 05:10:33', 1, NULL, NULL, 1),
	(30161, 135, 4365, NULL, 'REGULAR', '2017-10-13 05:10:33', 1, NULL, NULL, 1),
	(30162, 137, 4365, NULL, 'REGULAR', '2017-10-13 05:10:33', 1, NULL, NULL, 1),
	(30163, 130, 4366, NULL, 'REGULAR', '2017-10-13 05:10:33', 1, NULL, NULL, 1),
	(30164, 131, 4366, NULL, 'REGULAR', '2017-10-13 05:10:33', 1, NULL, NULL, 1),
	(30165, 172, 4366, NULL, 'REGULAR', '2017-10-13 05:10:33', 1, NULL, NULL, 1),
	(30166, 126, 4366, NULL, 'REGULAR', '2017-10-13 05:10:33', 1, NULL, NULL, 1),
	(30167, 133, 4366, NULL, 'REGULAR', '2017-10-13 05:10:33', 1, NULL, NULL, 1),
	(30168, 134, 4366, NULL, 'REGULAR', '2017-10-13 05:10:33', 1, NULL, NULL, 1),
	(30169, 135, 4366, NULL, 'REGULAR', '2017-10-13 05:10:33', 1, NULL, NULL, 1),
	(30170, 137, 4366, NULL, 'REGULAR', '2017-10-13 05:10:33', 1, NULL, NULL, 1),
	(30171, 130, 4367, NULL, 'REGULAR', '2017-10-13 05:10:33', 1, NULL, NULL, 1),
	(30172, 131, 4367, NULL, 'REGULAR', '2017-10-13 05:10:33', 1, NULL, NULL, 1),
	(30173, 172, 4367, NULL, 'REGULAR', '2017-10-13 05:10:33', 1, NULL, NULL, 1),
	(30174, 126, 4367, NULL, 'REGULAR', '2017-10-13 05:10:33', 1, NULL, NULL, 1),
	(30175, 133, 4367, NULL, 'REGULAR', '2017-10-13 05:10:33', 1, NULL, NULL, 1),
	(30176, 134, 4367, NULL, 'REGULAR', '2017-10-13 05:10:33', 1, NULL, NULL, 1),
	(30177, 135, 4367, NULL, 'REGULAR', '2017-10-13 05:10:33', 1, NULL, NULL, 1),
	(30178, 137, 4367, NULL, 'REGULAR', '2017-10-13 05:10:33', 1, NULL, NULL, 1),
	(30179, 130, 4368, NULL, 'REGULAR', '2017-10-13 05:10:33', 1, NULL, NULL, 1),
	(30180, 131, 4368, NULL, 'REGULAR', '2017-10-13 05:10:33', 1, NULL, NULL, 1),
	(30181, 172, 4368, NULL, 'REGULAR', '2017-10-13 05:10:33', 1, NULL, NULL, 1),
	(30182, 126, 4368, NULL, 'REGULAR', '2017-10-13 05:10:33', 1, NULL, NULL, 1),
	(30183, 133, 4368, NULL, 'REGULAR', '2017-10-13 05:10:33', 1, NULL, NULL, 1),
	(30184, 134, 4368, NULL, 'REGULAR', '2017-10-13 05:10:33', 1, NULL, NULL, 1),
	(30185, 135, 4368, NULL, 'REGULAR', '2017-10-13 05:10:33', 1, NULL, NULL, 1),
	(30186, 137, 4368, NULL, 'REGULAR', '2017-10-13 05:10:33', 1, NULL, NULL, 1),
	(30187, 130, 4369, NULL, 'REGULAR', '2017-10-13 05:10:33', 1, NULL, NULL, 1),
	(30188, 131, 4369, NULL, 'REGULAR', '2017-10-13 05:10:33', 1, NULL, NULL, 1),
	(30189, 172, 4369, NULL, 'REGULAR', '2017-10-13 05:10:33', 1, NULL, NULL, 1),
	(30190, 126, 4369, NULL, 'REGULAR', '2017-10-13 05:10:33', 1, NULL, NULL, 1),
	(30191, 133, 4369, NULL, 'REGULAR', '2017-10-13 05:10:33', 1, NULL, NULL, 1),
	(30192, 134, 4369, NULL, 'REGULAR', '2017-10-13 05:10:33', 1, NULL, NULL, 1),
	(30193, 135, 4369, NULL, 'REGULAR', '2017-10-13 05:10:33', 1, NULL, NULL, 1),
	(30194, 137, 4369, NULL, 'REGULAR', '2017-10-13 05:10:33', 1, NULL, NULL, 1),
	(30195, 130, 4370, NULL, 'REGULAR', '2017-10-13 05:10:33', 1, NULL, NULL, 1),
	(30196, 131, 4370, NULL, 'REGULAR', '2017-10-13 05:10:33', 1, NULL, NULL, 1),
	(30197, 172, 4370, NULL, 'REGULAR', '2017-10-13 05:10:33', 1, NULL, NULL, 1),
	(30198, 126, 4370, NULL, 'REGULAR', '2017-10-13 05:10:33', 1, NULL, NULL, 1),
	(30199, 133, 4370, NULL, 'REGULAR', '2017-10-13 05:10:33', 1, NULL, NULL, 1),
	(30200, 134, 4370, NULL, 'REGULAR', '2017-10-13 05:10:33', 1, NULL, NULL, 1),
	(30201, 135, 4370, NULL, 'REGULAR', '2017-10-13 05:10:33', 1, NULL, NULL, 1),
	(30202, 137, 4370, NULL, 'REGULAR', '2017-10-13 05:10:33', 1, NULL, NULL, 1),
	(30203, 130, 4371, NULL, 'REGULAR', '2017-10-13 05:10:33', 1, NULL, NULL, 1),
	(30204, 131, 4371, NULL, 'REGULAR', '2017-10-13 05:10:33', 1, NULL, NULL, 1),
	(30205, 172, 4371, NULL, 'REGULAR', '2017-10-13 05:10:33', 1, NULL, NULL, 1),
	(30206, 126, 4371, NULL, 'REGULAR', '2017-10-13 05:10:33', 1, NULL, NULL, 1),
	(30207, 133, 4371, NULL, 'REGULAR', '2017-10-13 05:10:33', 1, NULL, NULL, 1),
	(30208, 134, 4371, NULL, 'REGULAR', '2017-10-13 05:10:33', 1, NULL, NULL, 1),
	(30209, 135, 4371, NULL, 'REGULAR', '2017-10-13 05:10:33', 1, NULL, NULL, 1),
	(30210, 137, 4371, NULL, 'REGULAR', '2017-10-13 05:10:33', 1, NULL, NULL, 1),
	(30211, 130, 4372, NULL, 'REGULAR', '2017-10-13 05:10:33', 1, NULL, NULL, 1),
	(30212, 131, 4372, NULL, 'REGULAR', '2017-10-13 05:10:33', 1, NULL, NULL, 1),
	(30213, 172, 4372, NULL, 'REGULAR', '2017-10-13 05:10:33', 1, NULL, NULL, 1),
	(30214, 126, 4372, NULL, 'REGULAR', '2017-10-13 05:10:33', 1, NULL, NULL, 1),
	(30215, 133, 4372, NULL, 'REGULAR', '2017-10-13 05:10:33', 1, NULL, NULL, 1),
	(30216, 134, 4372, NULL, 'REGULAR', '2017-10-13 05:10:33', 1, NULL, NULL, 1),
	(30217, 135, 4372, NULL, 'REGULAR', '2017-10-13 05:10:33', 1, NULL, NULL, 1),
	(30218, 137, 4372, NULL, 'REGULAR', '2017-10-13 05:10:33', 1, NULL, NULL, 1),
	(30219, 130, 4373, NULL, 'REGULAR', '2017-10-13 05:10:33', 1, NULL, NULL, 1),
	(30220, 131, 4373, NULL, 'REGULAR', '2017-10-13 05:10:33', 1, NULL, NULL, 1),
	(30221, 172, 4373, NULL, 'REGULAR', '2017-10-13 05:10:33', 1, NULL, NULL, 1),
	(30222, 126, 4373, NULL, 'REGULAR', '2017-10-13 05:10:33', 1, NULL, NULL, 1),
	(30223, 133, 4373, NULL, 'REGULAR', '2017-10-13 05:10:33', 1, NULL, NULL, 1),
	(30224, 134, 4373, NULL, 'REGULAR', '2017-10-13 05:10:33', 1, NULL, NULL, 1),
	(30225, 135, 4373, NULL, 'REGULAR', '2017-10-13 05:10:33', 1, NULL, NULL, 1),
	(30226, 137, 4373, NULL, 'REGULAR', '2017-10-13 05:10:33', 1, NULL, NULL, 1),
	(30227, 130, 4374, NULL, 'REGULAR', '2017-10-13 05:10:33', 1, NULL, NULL, 1),
	(30228, 131, 4374, NULL, 'REGULAR', '2017-10-13 05:10:33', 1, NULL, NULL, 1),
	(30229, 172, 4374, NULL, 'REGULAR', '2017-10-13 05:10:33', 1, NULL, NULL, 1),
	(30230, 126, 4374, NULL, 'REGULAR', '2017-10-13 05:10:33', 1, NULL, NULL, 1),
	(30231, 133, 4374, NULL, 'REGULAR', '2017-10-13 05:10:33', 1, NULL, NULL, 1),
	(30232, 134, 4374, NULL, 'REGULAR', '2017-10-13 05:10:33', 1, NULL, NULL, 1),
	(30233, 135, 4374, NULL, 'REGULAR', '2017-10-13 05:10:33', 1, NULL, NULL, 1),
	(30234, 137, 4374, NULL, 'REGULAR', '2017-10-13 05:10:33', 1, NULL, NULL, 1),
	(30235, 130, 4375, NULL, 'REGULAR', '2017-10-13 05:10:33', 1, NULL, NULL, 1),
	(30236, 131, 4375, NULL, 'REGULAR', '2017-10-13 05:10:33', 1, NULL, NULL, 1),
	(30237, 172, 4375, NULL, 'REGULAR', '2017-10-13 05:10:33', 1, NULL, NULL, 1),
	(30238, 126, 4375, NULL, 'REGULAR', '2017-10-13 05:10:33', 1, NULL, NULL, 1),
	(30239, 133, 4375, NULL, 'REGULAR', '2017-10-13 05:10:33', 1, NULL, NULL, 1),
	(30240, 134, 4375, NULL, 'REGULAR', '2017-10-13 05:10:33', 1, NULL, NULL, 1),
	(30241, 135, 4375, NULL, 'REGULAR', '2017-10-13 05:10:33', 1, NULL, NULL, 1),
	(30242, 137, 4375, NULL, 'REGULAR', '2017-10-13 05:10:33', 1, NULL, NULL, 1),
	(30243, 130, 4376, NULL, 'REGULAR', '2017-10-13 05:10:33', 1, NULL, NULL, 1),
	(30244, 131, 4376, NULL, 'REGULAR', '2017-10-13 05:10:33', 1, NULL, NULL, 1),
	(30245, 172, 4376, NULL, 'REGULAR', '2017-10-13 05:10:33', 1, NULL, NULL, 1),
	(30246, 126, 4376, NULL, 'REGULAR', '2017-10-13 05:10:33', 1, NULL, NULL, 1),
	(30247, 133, 4376, NULL, 'REGULAR', '2017-10-13 05:10:33', 1, NULL, NULL, 1),
	(30248, 134, 4376, NULL, 'REGULAR', '2017-10-13 05:10:33', 1, NULL, NULL, 1),
	(30249, 135, 4376, NULL, 'REGULAR', '2017-10-13 05:10:33', 1, NULL, NULL, 1),
	(30250, 137, 4376, NULL, 'REGULAR', '2017-10-13 05:10:33', 1, NULL, NULL, 1),
	(30251, 130, 4377, NULL, 'REGULAR', '2017-10-13 05:10:33', 1, '2017-10-13 20:48:36', 1, 0),
	(30252, 131, 4377, NULL, 'REGULAR', '2017-10-13 05:10:33', 1, '2017-10-13 20:48:36', 1, 0),
	(30253, 172, 4377, NULL, 'REGULAR', '2017-10-13 05:10:33', 1, '2017-10-13 20:48:36', 1, 0),
	(30254, 126, 4377, NULL, 'REGULAR', '2017-10-13 05:10:33', 1, '2017-10-13 20:48:36', 1, 0),
	(30255, 133, 4377, NULL, 'REGULAR', '2017-10-13 05:10:33', 1, '2017-10-13 20:48:36', 1, 0),
	(30256, 134, 4377, NULL, 'REGULAR', '2017-10-13 05:10:33', 1, '2017-10-13 20:48:36', 1, 0),
	(30257, 135, 4377, NULL, 'REGULAR', '2017-10-13 05:10:33', 1, '2017-10-13 20:48:36', 1, 0),
	(30258, 137, 4377, NULL, 'REGULAR', '2017-10-13 05:10:33', 1, '2017-10-13 20:48:36', 1, 0),
	(30259, 130, 4378, NULL, 'REGULAR', '2017-10-13 05:10:33', 1, '2017-10-13 20:40:35', 1, 0),
	(30260, 131, 4378, NULL, 'REGULAR', '2017-10-13 05:10:33', 1, '2017-10-13 20:40:35', 1, 0),
	(30261, 172, 4378, NULL, 'REGULAR', '2017-10-13 05:10:33', 1, '2017-10-13 20:40:35', 1, 0),
	(30262, 126, 4378, NULL, 'REGULAR', '2017-10-13 05:10:33', 1, '2017-10-13 20:40:35', 1, 0),
	(30263, 133, 4378, NULL, 'REGULAR', '2017-10-13 05:10:33', 1, '2017-10-13 20:40:35', 1, 0),
	(30264, 134, 4378, NULL, 'REGULAR', '2017-10-13 05:10:33', 1, '2017-10-13 20:40:35', 1, 0),
	(30265, 135, 4378, NULL, 'REGULAR', '2017-10-13 05:10:33', 1, '2017-10-13 20:40:35', 1, 0),
	(30266, 137, 4378, NULL, 'REGULAR', '2017-10-13 05:10:33', 1, '2017-10-13 20:40:35', 1, 0),
	(30267, 174, 4379, NULL, 'REGULAR', '2017-10-13 05:10:33', 1, NULL, NULL, 1),
	(30268, 152, 4379, NULL, 'REGULAR', '2017-10-13 05:10:33', 1, NULL, NULL, 1),
	(30269, 176, 4379, NULL, 'REGULAR', '2017-10-13 05:10:33', 1, NULL, NULL, 1),
	(30270, 154, 4379, NULL, 'REGULAR', '2017-10-13 05:10:33', 1, NULL, NULL, 1),
	(30271, 177, 4379, NULL, 'REGULAR', '2017-10-13 05:10:33', 1, NULL, NULL, 1),
	(30272, 156, 4379, NULL, 'REGULAR', '2017-10-13 05:10:33', 1, NULL, NULL, 1),
	(30273, 157, 4379, NULL, 'REGULAR', '2017-10-13 05:10:33', 1, NULL, NULL, 1),
	(30274, 179, 4379, NULL, 'REGULAR', '2017-10-13 05:10:33', 1, NULL, NULL, 1),
	(30275, 175, 4379, NULL, 'REGULAR', '2017-10-13 05:10:33', 1, NULL, NULL, 1),
	(30276, 174, 4380, NULL, 'REGULAR', '2017-10-13 05:10:33', 1, NULL, NULL, 1),
	(30277, 152, 4380, NULL, 'REGULAR', '2017-10-13 05:10:33', 1, NULL, NULL, 1),
	(30278, 176, 4380, NULL, 'REGULAR', '2017-10-13 05:10:33', 1, NULL, NULL, 1),
	(30279, 154, 4380, NULL, 'REGULAR', '2017-10-13 05:10:33', 1, NULL, NULL, 1),
	(30280, 177, 4380, NULL, 'REGULAR', '2017-10-13 05:10:33', 1, NULL, NULL, 1),
	(30281, 156, 4380, NULL, 'REGULAR', '2017-10-13 05:10:33', 1, NULL, NULL, 1),
	(30282, 157, 4380, NULL, 'REGULAR', '2017-10-13 05:10:33', 1, NULL, NULL, 1),
	(30283, 179, 4380, NULL, 'REGULAR', '2017-10-13 05:10:33', 1, NULL, NULL, 1),
	(30284, 175, 4380, NULL, 'REGULAR', '2017-10-13 05:10:33', 1, NULL, NULL, 1),
	(30285, 174, 4381, NULL, 'REGULAR', '2017-10-13 05:10:33', 1, NULL, NULL, 1),
	(30286, 152, 4381, NULL, 'REGULAR', '2017-10-13 05:10:33', 1, NULL, NULL, 1),
	(30287, 176, 4381, NULL, 'REGULAR', '2017-10-13 05:10:33', 1, NULL, NULL, 1),
	(30288, 154, 4381, NULL, 'REGULAR', '2017-10-13 05:10:33', 1, NULL, NULL, 1),
	(30289, 177, 4381, NULL, 'REGULAR', '2017-10-13 05:10:33', 1, NULL, NULL, 1),
	(30290, 156, 4381, NULL, 'REGULAR', '2017-10-13 05:10:33', 1, NULL, NULL, 1),
	(30291, 157, 4381, NULL, 'REGULAR', '2017-10-13 05:10:33', 1, NULL, NULL, 1),
	(30292, 179, 4381, NULL, 'REGULAR', '2017-10-13 05:10:33', 1, NULL, NULL, 1),
	(30293, 175, 4381, NULL, 'REGULAR', '2017-10-13 05:10:33', 1, NULL, NULL, 1),
	(30294, 174, 4382, NULL, 'REGULAR', '2017-10-13 05:10:33', 1, NULL, NULL, 1),
	(30295, 152, 4382, NULL, 'REGULAR', '2017-10-13 05:10:33', 1, NULL, NULL, 1),
	(30296, 176, 4382, NULL, 'REGULAR', '2017-10-13 05:10:33', 1, NULL, NULL, 1),
	(30297, 154, 4382, NULL, 'REGULAR', '2017-10-13 05:10:33', 1, NULL, NULL, 1),
	(30298, 177, 4382, NULL, 'REGULAR', '2017-10-13 05:10:33', 1, NULL, NULL, 1),
	(30299, 156, 4382, NULL, 'REGULAR', '2017-10-13 05:10:33', 1, NULL, NULL, 1),
	(30300, 157, 4382, NULL, 'REGULAR', '2017-10-13 05:10:33', 1, NULL, NULL, 1),
	(30301, 179, 4382, NULL, 'REGULAR', '2017-10-13 05:10:33', 1, NULL, NULL, 1),
	(30302, 175, 4382, NULL, 'REGULAR', '2017-10-13 05:10:33', 1, NULL, NULL, 1),
	(30303, 174, 4383, NULL, 'REGULAR', '2017-10-13 05:10:33', 1, NULL, NULL, 1),
	(30304, 152, 4383, NULL, 'REGULAR', '2017-10-13 05:10:33', 1, NULL, NULL, 1),
	(30305, 176, 4383, NULL, 'REGULAR', '2017-10-13 05:10:33', 1, NULL, NULL, 1),
	(30306, 154, 4383, NULL, 'REGULAR', '2017-10-13 05:10:33', 1, NULL, NULL, 1),
	(30307, 177, 4383, NULL, 'REGULAR', '2017-10-13 05:10:33', 1, NULL, NULL, 1),
	(30308, 156, 4383, NULL, 'REGULAR', '2017-10-13 05:10:33', 1, NULL, NULL, 1),
	(30309, 157, 4383, NULL, 'REGULAR', '2017-10-13 05:10:34', 1, NULL, NULL, 1),
	(30310, 179, 4383, NULL, 'REGULAR', '2017-10-13 05:10:34', 1, NULL, NULL, 1),
	(30311, 175, 4383, NULL, 'REGULAR', '2017-10-13 05:10:34', 1, NULL, NULL, 1),
	(30312, 174, 4384, NULL, 'REGULAR', '2017-10-13 05:10:34', 1, NULL, NULL, 1),
	(30313, 152, 4384, NULL, 'REGULAR', '2017-10-13 05:10:34', 1, NULL, NULL, 1),
	(30314, 176, 4384, NULL, 'REGULAR', '2017-10-13 05:10:34', 1, NULL, NULL, 1),
	(30315, 154, 4384, NULL, 'REGULAR', '2017-10-13 05:10:34', 1, NULL, NULL, 1),
	(30316, 177, 4384, NULL, 'REGULAR', '2017-10-13 05:10:34', 1, NULL, NULL, 1),
	(30317, 156, 4384, NULL, 'REGULAR', '2017-10-13 05:10:34', 1, NULL, NULL, 1),
	(30318, 157, 4384, NULL, 'REGULAR', '2017-10-13 05:10:34', 1, NULL, NULL, 1),
	(30319, 179, 4384, NULL, 'REGULAR', '2017-10-13 05:10:34', 1, NULL, NULL, 1),
	(30320, 175, 4384, NULL, 'REGULAR', '2017-10-13 05:10:34', 1, NULL, NULL, 1),
	(30321, 174, 4385, NULL, 'REGULAR', '2017-10-13 05:10:34', 1, NULL, NULL, 1),
	(30322, 152, 4385, NULL, 'REGULAR', '2017-10-13 05:10:34', 1, NULL, NULL, 1),
	(30323, 176, 4385, NULL, 'REGULAR', '2017-10-13 05:10:34', 1, NULL, NULL, 1),
	(30324, 154, 4385, NULL, 'REGULAR', '2017-10-13 05:10:34', 1, NULL, NULL, 1),
	(30325, 177, 4385, NULL, 'REGULAR', '2017-10-13 05:10:34', 1, NULL, NULL, 1),
	(30326, 156, 4385, NULL, 'REGULAR', '2017-10-13 05:10:34', 1, NULL, NULL, 1),
	(30327, 157, 4385, NULL, 'REGULAR', '2017-10-13 05:10:34', 1, NULL, NULL, 1),
	(30328, 179, 4385, NULL, 'REGULAR', '2017-10-13 05:10:34', 1, NULL, NULL, 1),
	(30329, 175, 4385, NULL, 'REGULAR', '2017-10-13 05:10:34', 1, NULL, NULL, 1),
	(30330, 174, 4386, NULL, 'REGULAR', '2017-10-13 05:10:34', 1, NULL, NULL, 1),
	(30331, 152, 4386, NULL, 'REGULAR', '2017-10-13 05:10:34', 1, NULL, NULL, 1),
	(30332, 176, 4386, NULL, 'REGULAR', '2017-10-13 05:10:34', 1, NULL, NULL, 1),
	(30333, 154, 4386, NULL, 'REGULAR', '2017-10-13 05:10:34', 1, NULL, NULL, 1),
	(30334, 177, 4386, NULL, 'REGULAR', '2017-10-13 05:10:34', 1, NULL, NULL, 1),
	(30335, 156, 4386, NULL, 'REGULAR', '2017-10-13 05:10:34', 1, NULL, NULL, 1),
	(30336, 157, 4386, NULL, 'REGULAR', '2017-10-13 05:10:34', 1, NULL, NULL, 1),
	(30337, 179, 4386, NULL, 'REGULAR', '2017-10-13 05:10:34', 1, NULL, NULL, 1),
	(30338, 175, 4386, NULL, 'REGULAR', '2017-10-13 05:10:34', 1, NULL, NULL, 1),
	(30339, 174, 4387, NULL, 'REGULAR', '2017-10-13 05:10:34', 1, NULL, NULL, 1),
	(30340, 152, 4387, NULL, 'REGULAR', '2017-10-13 05:10:34', 1, NULL, NULL, 1),
	(30341, 176, 4387, NULL, 'REGULAR', '2017-10-13 05:10:34', 1, NULL, NULL, 1),
	(30342, 154, 4387, NULL, 'REGULAR', '2017-10-13 05:10:34', 1, NULL, NULL, 1),
	(30343, 177, 4387, NULL, 'REGULAR', '2017-10-13 05:10:34', 1, NULL, NULL, 1),
	(30344, 156, 4387, NULL, 'REGULAR', '2017-10-13 05:10:34', 1, NULL, NULL, 1),
	(30345, 157, 4387, NULL, 'REGULAR', '2017-10-13 05:10:34', 1, NULL, NULL, 1),
	(30346, 179, 4387, NULL, 'REGULAR', '2017-10-13 05:10:34', 1, NULL, NULL, 1),
	(30347, 175, 4387, NULL, 'REGULAR', '2017-10-13 05:10:34', 1, NULL, NULL, 1),
	(30348, 174, 4388, NULL, 'REGULAR', '2017-10-13 05:10:34', 1, NULL, NULL, 1),
	(30349, 152, 4388, NULL, 'REGULAR', '2017-10-13 05:10:34', 1, NULL, NULL, 1),
	(30350, 176, 4388, NULL, 'REGULAR', '2017-10-13 05:10:34', 1, NULL, NULL, 1),
	(30351, 154, 4388, NULL, 'REGULAR', '2017-10-13 05:10:34', 1, NULL, NULL, 1),
	(30352, 177, 4388, NULL, 'REGULAR', '2017-10-13 05:10:34', 1, NULL, NULL, 1),
	(30353, 156, 4388, NULL, 'REGULAR', '2017-10-13 05:10:34', 1, NULL, NULL, 1),
	(30354, 157, 4388, NULL, 'REGULAR', '2017-10-13 05:10:34', 1, NULL, NULL, 1),
	(30355, 179, 4388, NULL, 'REGULAR', '2017-10-13 05:10:34', 1, NULL, NULL, 1),
	(30356, 175, 4388, NULL, 'REGULAR', '2017-10-13 05:10:34', 1, NULL, NULL, 1),
	(30357, 174, 4389, NULL, 'REGULAR', '2017-10-13 05:10:34', 1, NULL, NULL, 1),
	(30358, 152, 4389, NULL, 'REGULAR', '2017-10-13 05:10:34', 1, NULL, NULL, 1),
	(30359, 176, 4389, NULL, 'REGULAR', '2017-10-13 05:10:34', 1, NULL, NULL, 1),
	(30360, 154, 4389, NULL, 'REGULAR', '2017-10-13 05:10:34', 1, NULL, NULL, 1),
	(30361, 177, 4389, NULL, 'REGULAR', '2017-10-13 05:10:34', 1, NULL, NULL, 1),
	(30362, 156, 4389, NULL, 'REGULAR', '2017-10-13 05:10:34', 1, NULL, NULL, 1),
	(30363, 157, 4389, NULL, 'REGULAR', '2017-10-13 05:10:34', 1, NULL, NULL, 1),
	(30364, 179, 4389, NULL, 'REGULAR', '2017-10-13 05:10:34', 1, NULL, NULL, 1),
	(30365, 175, 4389, NULL, 'REGULAR', '2017-10-13 05:10:34', 1, NULL, NULL, 1),
	(30366, 174, 4390, NULL, 'REGULAR', '2017-10-13 05:10:34', 1, NULL, NULL, 1),
	(30367, 152, 4390, NULL, 'REGULAR', '2017-10-13 05:10:34', 1, NULL, NULL, 1),
	(30368, 176, 4390, NULL, 'REGULAR', '2017-10-13 05:10:34', 1, NULL, NULL, 1),
	(30369, 154, 4390, NULL, 'REGULAR', '2017-10-13 05:10:34', 1, NULL, NULL, 1),
	(30370, 177, 4390, NULL, 'REGULAR', '2017-10-13 05:10:34', 1, NULL, NULL, 1),
	(30371, 156, 4390, NULL, 'REGULAR', '2017-10-13 05:10:34', 1, NULL, NULL, 1),
	(30372, 157, 4390, NULL, 'REGULAR', '2017-10-13 05:10:34', 1, NULL, NULL, 1),
	(30373, 179, 4390, NULL, 'REGULAR', '2017-10-13 05:10:34', 1, NULL, NULL, 1),
	(30374, 175, 4390, NULL, 'REGULAR', '2017-10-13 05:10:34', 1, NULL, NULL, 1),
	(30375, 174, 4391, NULL, 'REGULAR', '2017-10-13 05:10:34', 1, NULL, NULL, 1),
	(30376, 152, 4391, NULL, 'REGULAR', '2017-10-13 05:10:34', 1, NULL, NULL, 1),
	(30377, 176, 4391, NULL, 'REGULAR', '2017-10-13 05:10:34', 1, NULL, NULL, 1),
	(30378, 154, 4391, NULL, 'REGULAR', '2017-10-13 05:10:34', 1, NULL, NULL, 1),
	(30379, 177, 4391, NULL, 'REGULAR', '2017-10-13 05:10:34', 1, NULL, NULL, 1),
	(30380, 156, 4391, NULL, 'REGULAR', '2017-10-13 05:10:34', 1, NULL, NULL, 1),
	(30381, 157, 4391, NULL, 'REGULAR', '2017-10-13 05:10:34', 1, NULL, NULL, 1),
	(30382, 179, 4391, NULL, 'REGULAR', '2017-10-13 05:10:34', 1, NULL, NULL, 1),
	(30383, 175, 4391, NULL, 'REGULAR', '2017-10-13 05:10:34', 1, NULL, NULL, 1),
	(30384, 174, 4392, NULL, 'REGULAR', '2017-10-13 05:10:34', 1, NULL, NULL, 1),
	(30385, 152, 4392, NULL, 'REGULAR', '2017-10-13 05:10:34', 1, NULL, NULL, 1),
	(30386, 176, 4392, NULL, 'REGULAR', '2017-10-13 05:10:34', 1, NULL, NULL, 1),
	(30387, 154, 4392, NULL, 'REGULAR', '2017-10-13 05:10:34', 1, NULL, NULL, 1),
	(30388, 177, 4392, NULL, 'REGULAR', '2017-10-13 05:10:34', 1, NULL, NULL, 1),
	(30389, 156, 4392, NULL, 'REGULAR', '2017-10-13 05:10:34', 1, NULL, NULL, 1),
	(30390, 157, 4392, NULL, 'REGULAR', '2017-10-13 05:10:34', 1, NULL, NULL, 1),
	(30391, 179, 4392, NULL, 'REGULAR', '2017-10-13 05:10:34', 1, NULL, NULL, 1),
	(30392, 175, 4392, NULL, 'REGULAR', '2017-10-13 05:10:34', 1, NULL, NULL, 1),
	(30393, 174, 4393, NULL, 'REGULAR', '2017-10-13 05:10:34', 1, NULL, NULL, 1),
	(30394, 152, 4393, NULL, 'REGULAR', '2017-10-13 05:10:34', 1, NULL, NULL, 1),
	(30395, 176, 4393, NULL, 'REGULAR', '2017-10-13 05:10:34', 1, NULL, NULL, 1),
	(30396, 154, 4393, NULL, 'REGULAR', '2017-10-13 05:10:34', 1, NULL, NULL, 1),
	(30397, 177, 4393, NULL, 'REGULAR', '2017-10-13 05:10:34', 1, NULL, NULL, 1),
	(30398, 156, 4393, NULL, 'REGULAR', '2017-10-13 05:10:34', 1, NULL, NULL, 1),
	(30399, 157, 4393, NULL, 'REGULAR', '2017-10-13 05:10:34', 1, NULL, NULL, 1),
	(30400, 179, 4393, NULL, 'REGULAR', '2017-10-13 05:10:34', 1, NULL, NULL, 1),
	(30401, 175, 4393, NULL, 'REGULAR', '2017-10-13 05:10:34', 1, NULL, NULL, 1),
	(30402, 174, 4394, NULL, 'REGULAR', '2017-10-13 05:10:34', 1, NULL, NULL, 1),
	(30403, 152, 4394, NULL, 'REGULAR', '2017-10-13 05:10:34', 1, NULL, NULL, 1),
	(30404, 176, 4394, NULL, 'REGULAR', '2017-10-13 05:10:34', 1, NULL, NULL, 1),
	(30405, 154, 4394, NULL, 'REGULAR', '2017-10-13 05:10:34', 1, NULL, NULL, 1),
	(30406, 177, 4394, NULL, 'REGULAR', '2017-10-13 05:10:34', 1, NULL, NULL, 1),
	(30407, 156, 4394, NULL, 'REGULAR', '2017-10-13 05:10:34', 1, NULL, NULL, 1),
	(30408, 157, 4394, NULL, 'REGULAR', '2017-10-13 05:10:34', 1, NULL, NULL, 1),
	(30409, 179, 4394, NULL, 'REGULAR', '2017-10-13 05:10:34', 1, NULL, NULL, 1),
	(30410, 175, 4394, NULL, 'REGULAR', '2017-10-13 05:10:34', 1, NULL, NULL, 1),
	(30411, 174, 4395, NULL, 'REGULAR', '2017-10-13 05:10:34', 1, NULL, NULL, 1),
	(30412, 152, 4395, NULL, 'REGULAR', '2017-10-13 05:10:34', 1, NULL, NULL, 1),
	(30413, 176, 4395, NULL, 'REGULAR', '2017-10-13 05:10:34', 1, NULL, NULL, 1),
	(30414, 154, 4395, NULL, 'REGULAR', '2017-10-13 05:10:34', 1, NULL, NULL, 1),
	(30415, 177, 4395, NULL, 'REGULAR', '2017-10-13 05:10:34', 1, NULL, NULL, 1),
	(30416, 156, 4395, NULL, 'REGULAR', '2017-10-13 05:10:34', 1, NULL, NULL, 1),
	(30417, 157, 4395, NULL, 'REGULAR', '2017-10-13 05:10:34', 1, NULL, NULL, 1),
	(30418, 179, 4395, NULL, 'REGULAR', '2017-10-13 05:10:34', 1, NULL, NULL, 1),
	(30419, 175, 4395, NULL, 'REGULAR', '2017-10-13 05:10:34', 1, NULL, NULL, 1),
	(30420, 174, 4396, NULL, 'REGULAR', '2017-10-13 05:10:34', 1, NULL, NULL, 1),
	(30421, 152, 4396, NULL, 'REGULAR', '2017-10-13 05:10:34', 1, NULL, NULL, 1),
	(30422, 176, 4396, NULL, 'REGULAR', '2017-10-13 05:10:34', 1, NULL, NULL, 1),
	(30423, 154, 4396, NULL, 'REGULAR', '2017-10-13 05:10:34', 1, NULL, NULL, 1),
	(30424, 177, 4396, NULL, 'REGULAR', '2017-10-13 05:10:34', 1, NULL, NULL, 1),
	(30425, 156, 4396, NULL, 'REGULAR', '2017-10-13 05:10:34', 1, NULL, NULL, 1),
	(30426, 157, 4396, NULL, 'REGULAR', '2017-10-13 05:10:34', 1, NULL, NULL, 1),
	(30427, 179, 4396, NULL, 'REGULAR', '2017-10-13 05:10:34', 1, NULL, NULL, 1),
	(30428, 175, 4396, NULL, 'REGULAR', '2017-10-13 05:10:34', 1, NULL, NULL, 1),
	(30429, 174, 4397, NULL, 'REGULAR', '2017-10-13 05:10:34', 1, NULL, NULL, 1),
	(30430, 152, 4397, NULL, 'REGULAR', '2017-10-13 05:10:34', 1, NULL, NULL, 1),
	(30431, 176, 4397, NULL, 'REGULAR', '2017-10-13 05:10:34', 1, NULL, NULL, 1),
	(30432, 154, 4397, NULL, 'REGULAR', '2017-10-13 05:10:34', 1, NULL, NULL, 1),
	(30433, 177, 4397, NULL, 'REGULAR', '2017-10-13 05:10:34', 1, NULL, NULL, 1),
	(30434, 156, 4397, NULL, 'REGULAR', '2017-10-13 05:10:34', 1, NULL, NULL, 1),
	(30435, 157, 4397, NULL, 'REGULAR', '2017-10-13 05:10:34', 1, NULL, NULL, 1),
	(30436, 179, 4397, NULL, 'REGULAR', '2017-10-13 05:10:34', 1, NULL, NULL, 1),
	(30437, 175, 4397, NULL, 'REGULAR', '2017-10-13 05:10:34', 1, NULL, NULL, 1),
	(30438, 174, 4398, NULL, 'REGULAR', '2017-10-13 05:10:34', 1, NULL, NULL, 1),
	(30439, 152, 4398, NULL, 'REGULAR', '2017-10-13 05:10:34', 1, NULL, NULL, 1),
	(30440, 176, 4398, NULL, 'REGULAR', '2017-10-13 05:10:34', 1, NULL, NULL, 1),
	(30441, 154, 4398, NULL, 'REGULAR', '2017-10-13 05:10:34', 1, NULL, NULL, 1),
	(30442, 177, 4398, NULL, 'REGULAR', '2017-10-13 05:10:34', 1, NULL, NULL, 1),
	(30443, 156, 4398, NULL, 'REGULAR', '2017-10-13 05:10:34', 1, NULL, NULL, 1),
	(30444, 157, 4398, NULL, 'REGULAR', '2017-10-13 05:10:34', 1, NULL, NULL, 1),
	(30445, 179, 4398, NULL, 'REGULAR', '2017-10-13 05:10:34', 1, NULL, NULL, 1),
	(30446, 175, 4398, NULL, 'REGULAR', '2017-10-13 05:10:34', 1, NULL, NULL, 1),
	(30447, 174, 4399, NULL, 'REGULAR', '2017-10-13 05:10:34', 1, NULL, NULL, 1),
	(30448, 152, 4399, NULL, 'REGULAR', '2017-10-13 05:10:34', 1, NULL, NULL, 1),
	(30449, 176, 4399, NULL, 'REGULAR', '2017-10-13 05:10:34', 1, NULL, NULL, 1),
	(30450, 154, 4399, NULL, 'REGULAR', '2017-10-13 05:10:34', 1, NULL, NULL, 1),
	(30451, 177, 4399, NULL, 'REGULAR', '2017-10-13 05:10:34', 1, NULL, NULL, 1),
	(30452, 156, 4399, NULL, 'REGULAR', '2017-10-13 05:10:34', 1, NULL, NULL, 1),
	(30453, 157, 4399, NULL, 'REGULAR', '2017-10-13 05:10:34', 1, NULL, NULL, 1),
	(30454, 179, 4399, NULL, 'REGULAR', '2017-10-13 05:10:34', 1, NULL, NULL, 1),
	(30455, 175, 4399, NULL, 'REGULAR', '2017-10-13 05:10:34', 1, NULL, NULL, 1),
	(30456, 174, 4400, NULL, 'REGULAR', '2017-10-13 05:10:34', 1, NULL, NULL, 1),
	(30457, 152, 4400, NULL, 'REGULAR', '2017-10-13 05:10:34', 1, NULL, NULL, 1),
	(30458, 176, 4400, NULL, 'REGULAR', '2017-10-13 05:10:34', 1, NULL, NULL, 1),
	(30459, 154, 4400, NULL, 'REGULAR', '2017-10-13 05:10:34', 1, NULL, NULL, 1),
	(30460, 177, 4400, NULL, 'REGULAR', '2017-10-13 05:10:34', 1, NULL, NULL, 1),
	(30461, 156, 4400, NULL, 'REGULAR', '2017-10-13 05:10:34', 1, NULL, NULL, 1),
	(30462, 157, 4400, NULL, 'REGULAR', '2017-10-13 05:10:34', 1, NULL, NULL, 1),
	(30463, 179, 4400, NULL, 'REGULAR', '2017-10-13 05:10:34', 1, NULL, NULL, 1),
	(30464, 175, 4400, NULL, 'REGULAR', '2017-10-13 05:10:34', 1, NULL, NULL, 1),
	(30465, 174, 4401, NULL, 'REGULAR', '2017-10-13 05:10:34', 1, NULL, NULL, 1),
	(30466, 152, 4401, NULL, 'REGULAR', '2017-10-13 05:10:34', 1, NULL, NULL, 1),
	(30467, 176, 4401, NULL, 'REGULAR', '2017-10-13 05:10:34', 1, NULL, NULL, 1),
	(30468, 154, 4401, NULL, 'REGULAR', '2017-10-13 05:10:34', 1, NULL, NULL, 1),
	(30469, 177, 4401, NULL, 'REGULAR', '2017-10-13 05:10:34', 1, NULL, NULL, 1),
	(30470, 156, 4401, NULL, 'REGULAR', '2017-10-13 05:10:34', 1, NULL, NULL, 1),
	(30471, 157, 4401, NULL, 'REGULAR', '2017-10-13 05:10:34', 1, NULL, NULL, 1),
	(30472, 179, 4401, NULL, 'REGULAR', '2017-10-13 05:10:34', 1, NULL, NULL, 1),
	(30473, 175, 4401, NULL, 'REGULAR', '2017-10-13 05:10:34', 1, NULL, NULL, 1),
	(30474, 174, 4402, NULL, 'REGULAR', '2017-10-13 05:10:34', 1, NULL, NULL, 1),
	(30475, 152, 4402, NULL, 'REGULAR', '2017-10-13 05:10:34', 1, NULL, NULL, 1),
	(30476, 176, 4402, NULL, 'REGULAR', '2017-10-13 05:10:34', 1, NULL, NULL, 1),
	(30477, 154, 4402, NULL, 'REGULAR', '2017-10-13 05:10:34', 1, NULL, NULL, 1),
	(30478, 177, 4402, NULL, 'REGULAR', '2017-10-13 05:10:34', 1, NULL, NULL, 1),
	(30479, 156, 4402, NULL, 'REGULAR', '2017-10-13 05:10:34', 1, NULL, NULL, 1),
	(30480, 157, 4402, NULL, 'REGULAR', '2017-10-13 05:10:34', 1, NULL, NULL, 1),
	(30481, 179, 4402, NULL, 'REGULAR', '2017-10-13 05:10:34', 1, NULL, NULL, 1),
	(30482, 175, 4402, NULL, 'REGULAR', '2017-10-13 05:10:34', 1, NULL, NULL, 1),
	(30483, 174, 4403, NULL, 'REGULAR', '2017-10-13 05:10:34', 1, NULL, NULL, 1),
	(30484, 152, 4403, NULL, 'REGULAR', '2017-10-13 05:10:34', 1, NULL, NULL, 1),
	(30485, 176, 4403, NULL, 'REGULAR', '2017-10-13 05:10:34', 1, NULL, NULL, 1),
	(30486, 154, 4403, NULL, 'REGULAR', '2017-10-13 05:10:34', 1, NULL, NULL, 1),
	(30487, 177, 4403, NULL, 'REGULAR', '2017-10-13 05:10:34', 1, NULL, NULL, 1),
	(30488, 156, 4403, NULL, 'REGULAR', '2017-10-13 05:10:34', 1, NULL, NULL, 1),
	(30489, 157, 4403, NULL, 'REGULAR', '2017-10-13 05:10:34', 1, NULL, NULL, 1),
	(30490, 179, 4403, NULL, 'REGULAR', '2017-10-13 05:10:34', 1, NULL, NULL, 1),
	(30491, 175, 4403, NULL, 'REGULAR', '2017-10-13 05:10:34', 1, NULL, NULL, 1),
	(30492, 174, 4404, NULL, 'REGULAR', '2017-10-13 05:10:34', 1, NULL, NULL, 1),
	(30493, 152, 4404, NULL, 'REGULAR', '2017-10-13 05:10:34', 1, NULL, NULL, 1),
	(30494, 176, 4404, NULL, 'REGULAR', '2017-10-13 05:10:34', 1, NULL, NULL, 1),
	(30495, 154, 4404, NULL, 'REGULAR', '2017-10-13 05:10:34', 1, NULL, NULL, 1),
	(30496, 177, 4404, NULL, 'REGULAR', '2017-10-13 05:10:34', 1, NULL, NULL, 1),
	(30497, 156, 4404, NULL, 'REGULAR', '2017-10-13 05:10:34', 1, NULL, NULL, 1),
	(30498, 157, 4404, NULL, 'REGULAR', '2017-10-13 05:10:34', 1, NULL, NULL, 1),
	(30499, 179, 4404, NULL, 'REGULAR', '2017-10-13 05:10:34', 1, NULL, NULL, 1),
	(30500, 175, 4404, NULL, 'REGULAR', '2017-10-13 05:10:34', 1, NULL, NULL, 1),
	(30501, 174, 4405, NULL, 'REGULAR', '2017-10-13 05:10:34', 1, NULL, NULL, 1),
	(30502, 152, 4405, NULL, 'REGULAR', '2017-10-13 05:10:34', 1, NULL, NULL, 1),
	(30503, 176, 4405, NULL, 'REGULAR', '2017-10-13 05:10:34', 1, NULL, NULL, 1),
	(30504, 154, 4405, NULL, 'REGULAR', '2017-10-13 05:10:34', 1, NULL, NULL, 1),
	(30505, 177, 4405, NULL, 'REGULAR', '2017-10-13 05:10:34', 1, NULL, NULL, 1),
	(30506, 156, 4405, NULL, 'REGULAR', '2017-10-13 05:10:34', 1, NULL, NULL, 1),
	(30507, 157, 4405, NULL, 'REGULAR', '2017-10-13 05:10:34', 1, NULL, NULL, 1),
	(30508, 179, 4405, NULL, 'REGULAR', '2017-10-13 05:10:34', 1, NULL, NULL, 1),
	(30509, 175, 4405, NULL, 'REGULAR', '2017-10-13 05:10:34', 1, NULL, NULL, 1),
	(30510, 174, 4406, NULL, 'REGULAR', '2017-10-13 05:10:34', 1, NULL, NULL, 1),
	(30511, 152, 4406, NULL, 'REGULAR', '2017-10-13 05:10:34', 1, NULL, NULL, 1),
	(30512, 176, 4406, NULL, 'REGULAR', '2017-10-13 05:10:34', 1, NULL, NULL, 1),
	(30513, 154, 4406, NULL, 'REGULAR', '2017-10-13 05:10:34', 1, NULL, NULL, 1),
	(30514, 177, 4406, NULL, 'REGULAR', '2017-10-13 05:10:34', 1, NULL, NULL, 1),
	(30515, 156, 4406, NULL, 'REGULAR', '2017-10-13 05:10:34', 1, NULL, NULL, 1),
	(30516, 157, 4406, NULL, 'REGULAR', '2017-10-13 05:10:34', 1, NULL, NULL, 1),
	(30517, 179, 4406, NULL, 'REGULAR', '2017-10-13 05:10:34', 1, NULL, NULL, 1),
	(30518, 175, 4406, NULL, 'REGULAR', '2017-10-13 05:10:34', 1, NULL, NULL, 1),
	(30519, 174, 4407, NULL, 'REGULAR', '2017-10-13 05:10:34', 1, NULL, NULL, 1),
	(30520, 152, 4407, NULL, 'REGULAR', '2017-10-13 05:10:34', 1, NULL, NULL, 1),
	(30521, 176, 4407, NULL, 'REGULAR', '2017-10-13 05:10:34', 1, NULL, NULL, 1),
	(30522, 154, 4407, NULL, 'REGULAR', '2017-10-13 05:10:34', 1, NULL, NULL, 1),
	(30523, 177, 4407, NULL, 'REGULAR', '2017-10-13 05:10:34', 1, NULL, NULL, 1),
	(30524, 156, 4407, NULL, 'REGULAR', '2017-10-13 05:10:34', 1, NULL, NULL, 1),
	(30525, 157, 4407, NULL, 'REGULAR', '2017-10-13 05:10:34', 1, NULL, NULL, 1),
	(30526, 179, 4407, NULL, 'REGULAR', '2017-10-13 05:10:34', 1, NULL, NULL, 1),
	(30527, 175, 4407, NULL, 'REGULAR', '2017-10-13 05:10:34', 1, NULL, NULL, 1),
	(30528, 174, 4408, NULL, 'REGULAR', '2017-10-13 05:10:34', 1, NULL, NULL, 1),
	(30529, 152, 4408, NULL, 'REGULAR', '2017-10-13 05:10:34', 1, NULL, NULL, 1),
	(30530, 176, 4408, NULL, 'REGULAR', '2017-10-13 05:10:34', 1, NULL, NULL, 1),
	(30531, 154, 4408, NULL, 'REGULAR', '2017-10-13 05:10:34', 1, NULL, NULL, 1),
	(30532, 177, 4408, NULL, 'REGULAR', '2017-10-13 05:10:34', 1, NULL, NULL, 1),
	(30533, 156, 4408, NULL, 'REGULAR', '2017-10-13 05:10:34', 1, NULL, NULL, 1),
	(30534, 157, 4408, NULL, 'REGULAR', '2017-10-13 05:10:34', 1, NULL, NULL, 1),
	(30535, 179, 4408, NULL, 'REGULAR', '2017-10-13 05:10:34', 1, NULL, NULL, 1),
	(30536, 175, 4408, NULL, 'REGULAR', '2017-10-13 05:10:34', 1, NULL, NULL, 1),
	(30537, 174, 4409, NULL, 'REGULAR', '2017-10-13 05:10:34', 1, NULL, NULL, 1),
	(30538, 152, 4409, NULL, 'REGULAR', '2017-10-13 05:10:34', 1, NULL, NULL, 1),
	(30539, 176, 4409, NULL, 'REGULAR', '2017-10-13 05:10:34', 1, NULL, NULL, 1),
	(30540, 154, 4409, NULL, 'REGULAR', '2017-10-13 05:10:34', 1, NULL, NULL, 1),
	(30541, 177, 4409, NULL, 'REGULAR', '2017-10-13 05:10:34', 1, NULL, NULL, 1),
	(30542, 156, 4409, NULL, 'REGULAR', '2017-10-13 05:10:34', 1, NULL, NULL, 1),
	(30543, 157, 4409, NULL, 'REGULAR', '2017-10-13 05:10:34', 1, NULL, NULL, 1),
	(30544, 179, 4409, NULL, 'REGULAR', '2017-10-13 05:10:34', 1, NULL, NULL, 1),
	(30545, 175, 4409, NULL, 'REGULAR', '2017-10-13 05:10:34', 1, NULL, NULL, 1),
	(30546, 174, 4410, NULL, 'REGULAR', '2017-10-13 05:10:34', 1, NULL, NULL, 1),
	(30547, 152, 4410, NULL, 'REGULAR', '2017-10-13 05:10:34', 1, NULL, NULL, 1),
	(30548, 176, 4410, NULL, 'REGULAR', '2017-10-13 05:10:34', 1, NULL, NULL, 1),
	(30549, 154, 4410, NULL, 'REGULAR', '2017-10-13 05:10:34', 1, NULL, NULL, 1),
	(30550, 177, 4410, NULL, 'REGULAR', '2017-10-13 05:10:34', 1, NULL, NULL, 1),
	(30551, 156, 4410, NULL, 'REGULAR', '2017-10-13 05:10:34', 1, NULL, NULL, 1),
	(30552, 157, 4410, NULL, 'REGULAR', '2017-10-13 05:10:34', 1, NULL, NULL, 1),
	(30553, 179, 4410, NULL, 'REGULAR', '2017-10-13 05:10:34', 1, NULL, NULL, 1),
	(30554, 175, 4410, NULL, 'REGULAR', '2017-10-13 05:10:34', 1, NULL, NULL, 1),
	(30555, 174, 4411, NULL, 'REGULAR', '2017-10-13 05:10:34', 1, NULL, NULL, 1),
	(30556, 152, 4411, NULL, 'REGULAR', '2017-10-13 05:10:34', 1, NULL, NULL, 1),
	(30557, 176, 4411, NULL, 'REGULAR', '2017-10-13 05:10:34', 1, NULL, NULL, 1),
	(30558, 154, 4411, NULL, 'REGULAR', '2017-10-13 05:10:34', 1, NULL, NULL, 1),
	(30559, 177, 4411, NULL, 'REGULAR', '2017-10-13 05:10:34', 1, NULL, NULL, 1),
	(30560, 156, 4411, NULL, 'REGULAR', '2017-10-13 05:10:34', 1, NULL, NULL, 1),
	(30561, 157, 4411, NULL, 'REGULAR', '2017-10-13 05:10:34', 1, NULL, NULL, 1),
	(30562, 179, 4411, NULL, 'REGULAR', '2017-10-13 05:10:34', 1, NULL, NULL, 1),
	(30563, 175, 4411, NULL, 'REGULAR', '2017-10-13 05:10:34', 1, NULL, NULL, 1),
	(30564, 174, 4412, NULL, 'REGULAR', '2017-10-13 05:10:34', 1, NULL, NULL, 1),
	(30565, 152, 4412, NULL, 'REGULAR', '2017-10-13 05:10:34', 1, NULL, NULL, 1),
	(30566, 176, 4412, NULL, 'REGULAR', '2017-10-13 05:10:34', 1, NULL, NULL, 1),
	(30567, 154, 4412, NULL, 'REGULAR', '2017-10-13 05:10:34', 1, NULL, NULL, 1),
	(30568, 177, 4412, NULL, 'REGULAR', '2017-10-13 05:10:34', 1, NULL, NULL, 1),
	(30569, 156, 4412, NULL, 'REGULAR', '2017-10-13 05:10:34', 1, NULL, NULL, 1),
	(30570, 157, 4412, NULL, 'REGULAR', '2017-10-13 05:10:34', 1, NULL, NULL, 1),
	(30571, 179, 4412, NULL, 'REGULAR', '2017-10-13 05:10:34', 1, NULL, NULL, 1),
	(30572, 175, 4412, NULL, 'REGULAR', '2017-10-13 05:10:34', 1, NULL, NULL, 1),
	(30573, 174, 4413, NULL, 'REGULAR', '2017-10-13 05:10:34', 1, NULL, NULL, 1),
	(30574, 152, 4413, NULL, 'REGULAR', '2017-10-13 05:10:34', 1, NULL, NULL, 1),
	(30575, 176, 4413, NULL, 'REGULAR', '2017-10-13 05:10:34', 1, NULL, NULL, 1),
	(30576, 154, 4413, NULL, 'REGULAR', '2017-10-13 05:10:34', 1, NULL, NULL, 1),
	(30577, 177, 4413, NULL, 'REGULAR', '2017-10-13 05:10:34', 1, NULL, NULL, 1),
	(30578, 156, 4413, NULL, 'REGULAR', '2017-10-13 05:10:34', 1, NULL, NULL, 1),
	(30579, 157, 4413, NULL, 'REGULAR', '2017-10-13 05:10:34', 1, NULL, NULL, 1),
	(30580, 179, 4413, NULL, 'REGULAR', '2017-10-13 05:10:34', 1, NULL, NULL, 1),
	(30581, 175, 4413, NULL, 'REGULAR', '2017-10-13 05:10:34', 1, NULL, NULL, 1),
	(30582, 174, 4414, NULL, 'REGULAR', '2017-10-13 05:10:34', 1, NULL, NULL, 1),
	(30583, 152, 4414, NULL, 'REGULAR', '2017-10-13 05:10:34', 1, NULL, NULL, 1),
	(30584, 176, 4414, NULL, 'REGULAR', '2017-10-13 05:10:34', 1, NULL, NULL, 1),
	(30585, 154, 4414, NULL, 'REGULAR', '2017-10-13 05:10:34', 1, NULL, NULL, 1),
	(30586, 177, 4414, NULL, 'REGULAR', '2017-10-13 05:10:34', 1, NULL, NULL, 1),
	(30587, 156, 4414, NULL, 'REGULAR', '2017-10-13 05:10:34', 1, NULL, NULL, 1),
	(30588, 157, 4414, NULL, 'REGULAR', '2017-10-13 05:10:34', 1, NULL, NULL, 1),
	(30589, 179, 4414, NULL, 'REGULAR', '2017-10-13 05:10:34', 1, NULL, NULL, 1),
	(30590, 175, 4414, NULL, 'REGULAR', '2017-10-13 05:10:34', 1, NULL, NULL, 1),
	(30591, 174, 4415, NULL, 'REGULAR', '2017-10-13 05:10:34', 1, NULL, NULL, 1),
	(30592, 152, 4415, NULL, 'REGULAR', '2017-10-13 05:10:34', 1, NULL, NULL, 1),
	(30593, 176, 4415, NULL, 'REGULAR', '2017-10-13 05:10:34', 1, NULL, NULL, 1),
	(30594, 154, 4415, NULL, 'REGULAR', '2017-10-13 05:10:34', 1, NULL, NULL, 1),
	(30595, 177, 4415, NULL, 'REGULAR', '2017-10-13 05:10:34', 1, NULL, NULL, 1),
	(30596, 156, 4415, NULL, 'REGULAR', '2017-10-13 05:10:34', 1, NULL, NULL, 1),
	(30597, 157, 4415, NULL, 'REGULAR', '2017-10-13 05:10:34', 1, NULL, NULL, 1),
	(30598, 179, 4415, NULL, 'REGULAR', '2017-10-13 05:10:34', 1, NULL, NULL, 1),
	(30599, 175, 4415, NULL, 'REGULAR', '2017-10-13 05:10:34', 1, NULL, NULL, 1),
	(30600, 174, 4416, NULL, 'REGULAR', '2017-10-13 05:10:34', 1, NULL, NULL, 1),
	(30601, 152, 4416, NULL, 'REGULAR', '2017-10-13 05:10:34', 1, NULL, NULL, 1),
	(30602, 176, 4416, NULL, 'REGULAR', '2017-10-13 05:10:34', 1, NULL, NULL, 1),
	(30603, 154, 4416, NULL, 'REGULAR', '2017-10-13 05:10:34', 1, NULL, NULL, 1),
	(30604, 177, 4416, NULL, 'REGULAR', '2017-10-13 05:10:34', 1, NULL, NULL, 1),
	(30605, 156, 4416, NULL, 'REGULAR', '2017-10-13 05:10:34', 1, NULL, NULL, 1),
	(30606, 157, 4416, NULL, 'REGULAR', '2017-10-13 05:10:34', 1, NULL, NULL, 1),
	(30607, 179, 4416, NULL, 'REGULAR', '2017-10-13 05:10:34', 1, NULL, NULL, 1),
	(30608, 175, 4416, NULL, 'REGULAR', '2017-10-13 05:10:34', 1, NULL, NULL, 1),
	(30609, 174, 4417, NULL, 'REGULAR', '2017-10-13 05:10:34', 1, NULL, NULL, 1),
	(30610, 152, 4417, NULL, 'REGULAR', '2017-10-13 05:10:34', 1, NULL, NULL, 1),
	(30611, 176, 4417, NULL, 'REGULAR', '2017-10-13 05:10:34', 1, NULL, NULL, 1),
	(30612, 154, 4417, NULL, 'REGULAR', '2017-10-13 05:10:34', 1, NULL, NULL, 1),
	(30613, 177, 4417, NULL, 'REGULAR', '2017-10-13 05:10:34', 1, NULL, NULL, 1),
	(30614, 156, 4417, NULL, 'REGULAR', '2017-10-13 05:10:34', 1, NULL, NULL, 1),
	(30615, 157, 4417, NULL, 'REGULAR', '2017-10-13 05:10:34', 1, NULL, NULL, 1),
	(30616, 179, 4417, NULL, 'REGULAR', '2017-10-13 05:10:34', 1, NULL, NULL, 1),
	(30617, 175, 4417, NULL, 'REGULAR', '2017-10-13 05:10:34', 1, NULL, NULL, 1),
	(30618, 174, 4418, NULL, 'REGULAR', '2017-10-13 05:10:34', 1, NULL, NULL, 1),
	(30619, 152, 4418, NULL, 'REGULAR', '2017-10-13 05:10:34', 1, NULL, NULL, 1),
	(30620, 176, 4418, NULL, 'REGULAR', '2017-10-13 05:10:34', 1, NULL, NULL, 1),
	(30621, 154, 4418, NULL, 'REGULAR', '2017-10-13 05:10:34', 1, NULL, NULL, 1),
	(30622, 177, 4418, NULL, 'REGULAR', '2017-10-13 05:10:34', 1, NULL, NULL, 1),
	(30623, 156, 4418, NULL, 'REGULAR', '2017-10-13 05:10:34', 1, NULL, NULL, 1),
	(30624, 157, 4418, NULL, 'REGULAR', '2017-10-13 05:10:34', 1, NULL, NULL, 1),
	(30625, 179, 4418, NULL, 'REGULAR', '2017-10-13 05:10:34', 1, NULL, NULL, 1),
	(30626, 175, 4418, NULL, 'REGULAR', '2017-10-13 05:10:34', 1, NULL, NULL, 1),
	(30627, 174, 4419, NULL, 'REGULAR', '2017-10-13 05:10:34', 1, NULL, NULL, 1),
	(30628, 152, 4419, NULL, 'REGULAR', '2017-10-13 05:10:34', 1, NULL, NULL, 1),
	(30629, 176, 4419, NULL, 'REGULAR', '2017-10-13 05:10:34', 1, NULL, NULL, 1),
	(30630, 154, 4419, NULL, 'REGULAR', '2017-10-13 05:10:34', 1, NULL, NULL, 1),
	(30631, 177, 4419, NULL, 'REGULAR', '2017-10-13 05:10:34', 1, NULL, NULL, 1),
	(30632, 156, 4419, NULL, 'REGULAR', '2017-10-13 05:10:34', 1, NULL, NULL, 1),
	(30633, 157, 4419, NULL, 'REGULAR', '2017-10-13 05:10:34', 1, NULL, NULL, 1),
	(30634, 179, 4419, NULL, 'REGULAR', '2017-10-13 05:10:34', 1, NULL, NULL, 1),
	(30635, 175, 4419, NULL, 'REGULAR', '2017-10-13 05:10:34', 1, NULL, NULL, 1),
	(30636, 174, 4420, NULL, 'REGULAR', '2017-10-13 05:10:34', 1, NULL, NULL, 1),
	(30637, 152, 4420, NULL, 'REGULAR', '2017-10-13 05:10:34', 1, NULL, NULL, 1),
	(30638, 176, 4420, NULL, 'REGULAR', '2017-10-13 05:10:34', 1, NULL, NULL, 1),
	(30639, 154, 4420, NULL, 'REGULAR', '2017-10-13 05:10:34', 1, NULL, NULL, 1),
	(30640, 177, 4420, NULL, 'REGULAR', '2017-10-13 05:10:34', 1, NULL, NULL, 1),
	(30641, 156, 4420, NULL, 'REGULAR', '2017-10-13 05:10:34', 1, NULL, NULL, 1),
	(30642, 157, 4420, NULL, 'REGULAR', '2017-10-13 05:10:34', 1, NULL, NULL, 1),
	(30643, 179, 4420, NULL, 'REGULAR', '2017-10-13 05:10:34', 1, NULL, NULL, 1),
	(30644, 175, 4420, NULL, 'REGULAR', '2017-10-13 05:10:34', 1, NULL, NULL, 1),
	(30645, 174, 4421, NULL, 'REGULAR', '2017-10-13 05:10:34', 1, NULL, NULL, 1),
	(30646, 152, 4421, NULL, 'REGULAR', '2017-10-13 05:10:34', 1, NULL, NULL, 1),
	(30647, 176, 4421, NULL, 'REGULAR', '2017-10-13 05:10:34', 1, NULL, NULL, 1),
	(30648, 154, 4421, NULL, 'REGULAR', '2017-10-13 05:10:34', 1, NULL, NULL, 1),
	(30649, 177, 4421, NULL, 'REGULAR', '2017-10-13 05:10:34', 1, NULL, NULL, 1),
	(30650, 156, 4421, NULL, 'REGULAR', '2017-10-13 05:10:34', 1, NULL, NULL, 1),
	(30651, 157, 4421, NULL, 'REGULAR', '2017-10-13 05:10:34', 1, NULL, NULL, 1),
	(30652, 179, 4421, NULL, 'REGULAR', '2017-10-13 05:10:34', 1, NULL, NULL, 1),
	(30653, 175, 4421, NULL, 'REGULAR', '2017-10-13 05:10:34', 1, NULL, NULL, 1),
	(30654, 174, 4422, NULL, 'REGULAR', '2017-10-13 05:10:34', 1, NULL, NULL, 1),
	(30655, 152, 4422, NULL, 'REGULAR', '2017-10-13 05:10:34', 1, NULL, NULL, 1),
	(30656, 176, 4422, NULL, 'REGULAR', '2017-10-13 05:10:34', 1, NULL, NULL, 1),
	(30657, 154, 4422, NULL, 'REGULAR', '2017-10-13 05:10:34', 1, NULL, NULL, 1),
	(30658, 177, 4422, NULL, 'REGULAR', '2017-10-13 05:10:34', 1, NULL, NULL, 1),
	(30659, 156, 4422, NULL, 'REGULAR', '2017-10-13 05:10:34', 1, NULL, NULL, 1),
	(30660, 157, 4422, NULL, 'REGULAR', '2017-10-13 05:10:34', 1, NULL, NULL, 1),
	(30661, 179, 4422, NULL, 'REGULAR', '2017-10-13 05:10:34', 1, NULL, NULL, 1),
	(30662, 175, 4422, NULL, 'REGULAR', '2017-10-13 05:10:34', 1, NULL, NULL, 1),
	(30663, 174, 4423, NULL, 'REGULAR', '2017-10-13 05:10:34', 1, NULL, NULL, 1),
	(30664, 152, 4423, NULL, 'REGULAR', '2017-10-13 05:10:34', 1, NULL, NULL, 1),
	(30665, 176, 4423, NULL, 'REGULAR', '2017-10-13 05:10:34', 1, NULL, NULL, 1),
	(30666, 154, 4423, NULL, 'REGULAR', '2017-10-13 05:10:34', 1, NULL, NULL, 1),
	(30667, 177, 4423, NULL, 'REGULAR', '2017-10-13 05:10:34', 1, NULL, NULL, 1),
	(30668, 156, 4423, NULL, 'REGULAR', '2017-10-13 05:10:34', 1, NULL, NULL, 1),
	(30669, 157, 4423, NULL, 'REGULAR', '2017-10-13 05:10:34', 1, NULL, NULL, 1),
	(30670, 179, 4423, NULL, 'REGULAR', '2017-10-13 05:10:34', 1, NULL, NULL, 1),
	(30671, 175, 4423, NULL, 'REGULAR', '2017-10-13 05:10:34', 1, NULL, NULL, 1),
	(30672, 174, 4424, NULL, 'REGULAR', '2017-10-13 05:10:34', 1, NULL, NULL, 1),
	(30673, 152, 4424, NULL, 'REGULAR', '2017-10-13 05:10:34', 1, NULL, NULL, 1),
	(30674, 176, 4424, NULL, 'REGULAR', '2017-10-13 05:10:34', 1, NULL, NULL, 1),
	(30675, 154, 4424, NULL, 'REGULAR', '2017-10-13 05:10:34', 1, NULL, NULL, 1),
	(30676, 177, 4424, NULL, 'REGULAR', '2017-10-13 05:10:34', 1, NULL, NULL, 1),
	(30677, 156, 4424, NULL, 'REGULAR', '2017-10-13 05:10:34', 1, NULL, NULL, 1),
	(30678, 157, 4424, NULL, 'REGULAR', '2017-10-13 05:10:34', 1, NULL, NULL, 1),
	(30679, 179, 4424, NULL, 'REGULAR', '2017-10-13 05:10:34', 1, NULL, NULL, 1),
	(30680, 175, 4424, NULL, 'REGULAR', '2017-10-13 05:10:34', 1, NULL, NULL, 1),
	(30681, 174, 4425, NULL, 'REGULAR', '2017-10-13 05:10:34', 1, NULL, NULL, 1),
	(30682, 152, 4425, NULL, 'REGULAR', '2017-10-13 05:10:34', 1, NULL, NULL, 1),
	(30683, 176, 4425, NULL, 'REGULAR', '2017-10-13 05:10:34', 1, NULL, NULL, 1),
	(30684, 154, 4425, NULL, 'REGULAR', '2017-10-13 05:10:34', 1, NULL, NULL, 1),
	(30685, 177, 4425, NULL, 'REGULAR', '2017-10-13 05:10:34', 1, NULL, NULL, 1),
	(30686, 156, 4425, NULL, 'REGULAR', '2017-10-13 05:10:34', 1, NULL, NULL, 1),
	(30687, 157, 4425, NULL, 'REGULAR', '2017-10-13 05:10:34', 1, NULL, NULL, 1),
	(30688, 179, 4425, NULL, 'REGULAR', '2017-10-13 05:10:34', 1, NULL, NULL, 1),
	(30689, 175, 4425, NULL, 'REGULAR', '2017-10-13 05:10:34', 1, NULL, NULL, 1),
	(30690, 174, 4426, NULL, 'REGULAR', '2017-10-13 05:10:34', 1, NULL, NULL, 1),
	(30691, 152, 4426, NULL, 'REGULAR', '2017-10-13 05:10:34', 1, NULL, NULL, 1),
	(30692, 176, 4426, NULL, 'REGULAR', '2017-10-13 05:10:34', 1, NULL, NULL, 1),
	(30693, 154, 4426, NULL, 'REGULAR', '2017-10-13 05:10:34', 1, NULL, NULL, 1),
	(30694, 177, 4426, NULL, 'REGULAR', '2017-10-13 05:10:34', 1, NULL, NULL, 1),
	(30695, 156, 4426, NULL, 'REGULAR', '2017-10-13 05:10:34', 1, NULL, NULL, 1),
	(30696, 157, 4426, NULL, 'REGULAR', '2017-10-13 05:10:34', 1, NULL, NULL, 1),
	(30697, 179, 4426, NULL, 'REGULAR', '2017-10-13 05:10:34', 1, NULL, NULL, 1),
	(30698, 175, 4426, NULL, 'REGULAR', '2017-10-13 05:10:34', 1, NULL, NULL, 1),
	(30699, 174, 4427, NULL, 'REGULAR', '2017-10-13 05:10:34', 1, NULL, NULL, 1),
	(30700, 152, 4427, NULL, 'REGULAR', '2017-10-13 05:10:34', 1, NULL, NULL, 1),
	(30701, 176, 4427, NULL, 'REGULAR', '2017-10-13 05:10:34', 1, NULL, NULL, 1),
	(30702, 154, 4427, NULL, 'REGULAR', '2017-10-13 05:10:34', 1, NULL, NULL, 1),
	(30703, 177, 4427, NULL, 'REGULAR', '2017-10-13 05:10:34', 1, NULL, NULL, 1),
	(30704, 156, 4427, NULL, 'REGULAR', '2017-10-13 05:10:34', 1, NULL, NULL, 1),
	(30705, 157, 4427, NULL, 'REGULAR', '2017-10-13 05:10:34', 1, NULL, NULL, 1),
	(30706, 179, 4427, NULL, 'REGULAR', '2017-10-13 05:10:34', 1, NULL, NULL, 1),
	(30707, 175, 4427, NULL, 'REGULAR', '2017-10-13 05:10:34', 1, NULL, NULL, 1),
	(30708, 174, 4428, NULL, 'REGULAR', '2017-10-13 05:10:34', 1, NULL, NULL, 1),
	(30709, 152, 4428, NULL, 'REGULAR', '2017-10-13 05:10:34', 1, NULL, NULL, 1),
	(30710, 176, 4428, NULL, 'REGULAR', '2017-10-13 05:10:34', 1, NULL, NULL, 1),
	(30711, 154, 4428, NULL, 'REGULAR', '2017-10-13 05:10:34', 1, NULL, NULL, 1),
	(30712, 177, 4428, NULL, 'REGULAR', '2017-10-13 05:10:34', 1, NULL, NULL, 1),
	(30713, 156, 4428, NULL, 'REGULAR', '2017-10-13 05:10:34', 1, NULL, NULL, 1),
	(30714, 157, 4428, NULL, 'REGULAR', '2017-10-13 05:10:34', 1, NULL, NULL, 1),
	(30715, 179, 4428, NULL, 'REGULAR', '2017-10-13 05:10:34', 1, NULL, NULL, 1),
	(30716, 175, 4428, NULL, 'REGULAR', '2017-10-13 05:10:34', 1, NULL, NULL, 1),
	(30717, 174, 4429, NULL, 'REGULAR', '2017-10-13 05:10:34', 1, '2017-10-13 20:35:54', 1, 0),
	(30718, 152, 4429, NULL, 'REGULAR', '2017-10-13 05:10:34', 1, '2017-10-13 20:35:54', 1, 0),
	(30719, 176, 4429, NULL, 'REGULAR', '2017-10-13 05:10:34', 1, '2017-10-13 20:35:54', 1, 0),
	(30720, 154, 4429, NULL, 'REGULAR', '2017-10-13 05:10:34', 1, '2017-10-13 20:35:54', 1, 0),
	(30721, 177, 4429, NULL, 'REGULAR', '2017-10-13 05:10:34', 1, '2017-10-13 20:35:54', 1, 0),
	(30722, 156, 4429, NULL, 'REGULAR', '2017-10-13 05:10:34', 1, '2017-10-13 20:35:54', 1, 0),
	(30723, 157, 4429, NULL, 'REGULAR', '2017-10-13 05:10:34', 1, '2017-10-13 20:35:54', 1, 0),
	(30724, 179, 4429, NULL, 'REGULAR', '2017-10-13 05:10:34', 1, '2017-10-13 20:35:54', 1, 0),
	(30725, 175, 4429, NULL, 'REGULAR', '2017-10-13 05:10:34', 1, '2017-10-13 20:35:54', 1, 0),
	(30726, 174, 4430, NULL, 'REGULAR', '2017-10-13 05:10:34', 1, '2017-10-13 20:38:18', 1, 0),
	(30727, 152, 4430, NULL, 'REGULAR', '2017-10-13 05:10:34', 1, '2017-10-13 20:38:18', 1, 0),
	(30728, 176, 4430, NULL, 'REGULAR', '2017-10-13 05:10:34', 1, '2017-10-13 20:38:18', 1, 0),
	(30729, 154, 4430, NULL, 'REGULAR', '2017-10-13 05:10:34', 1, '2017-10-13 20:38:18', 1, 0),
	(30730, 177, 4430, NULL, 'REGULAR', '2017-10-13 05:10:34', 1, '2017-10-13 20:38:18', 1, 0),
	(30731, 156, 4430, NULL, 'REGULAR', '2017-10-13 05:10:34', 1, '2017-10-13 20:38:18', 1, 0),
	(30732, 157, 4430, NULL, 'REGULAR', '2017-10-13 05:10:34', 1, '2017-10-13 20:38:18', 1, 0),
	(30733, 179, 4430, NULL, 'REGULAR', '2017-10-13 05:10:34', 1, '2017-10-13 20:38:18', 1, 0),
	(30734, 175, 4430, NULL, 'REGULAR', '2017-10-13 05:10:34', 1, '2017-10-13 20:38:18', 1, 0),
	(30735, 186, 4431, NULL, 'REGULAR', '2017-10-13 05:10:34', 1, NULL, NULL, 1),
	(30736, 169, 4431, NULL, 'REGULAR', '2017-10-13 05:10:34', 1, NULL, NULL, 1),
	(30737, 188, 4431, NULL, 'REGULAR', '2017-10-13 05:10:34', 1, NULL, NULL, 1),
	(30738, 186, 4432, NULL, 'REGULAR', '2017-10-13 05:10:34', 1, NULL, NULL, 1),
	(30739, 169, 4432, NULL, 'REGULAR', '2017-10-13 05:10:34', 1, NULL, NULL, 1),
	(30740, 188, 4432, NULL, 'REGULAR', '2017-10-13 05:10:34', 1, NULL, NULL, 1),
	(30741, 186, 4433, NULL, 'REGULAR', '2017-10-13 05:10:34', 1, NULL, NULL, 1),
	(30742, 169, 4433, NULL, 'REGULAR', '2017-10-13 05:10:34', 1, NULL, NULL, 1),
	(30743, 188, 4433, NULL, 'REGULAR', '2017-10-13 05:10:34', 1, NULL, NULL, 1),
	(30744, 186, 4434, NULL, 'REGULAR', '2017-10-13 05:10:34', 1, NULL, NULL, 1),
	(30745, 169, 4434, NULL, 'REGULAR', '2017-10-13 05:10:34', 1, NULL, NULL, 1),
	(30746, 188, 4434, NULL, 'REGULAR', '2017-10-13 05:10:34', 1, NULL, NULL, 1),
	(30747, 186, 4435, NULL, 'REGULAR', '2017-10-13 05:10:34', 1, NULL, NULL, 1),
	(30748, 169, 4435, NULL, 'REGULAR', '2017-10-13 05:10:34', 1, NULL, NULL, 1),
	(30749, 188, 4435, NULL, 'REGULAR', '2017-10-13 05:10:34', 1, NULL, NULL, 1),
	(30750, 186, 4436, NULL, 'REGULAR', '2017-10-13 05:10:34', 1, NULL, NULL, 1),
	(30751, 169, 4436, NULL, 'REGULAR', '2017-10-13 05:10:34', 1, NULL, NULL, 1),
	(30752, 188, 4436, NULL, 'REGULAR', '2017-10-13 05:10:34', 1, NULL, NULL, 1),
	(30753, 186, 4437, NULL, 'REGULAR', '2017-10-13 05:10:35', 1, NULL, NULL, 1),
	(30754, 169, 4437, NULL, 'REGULAR', '2017-10-13 05:10:35', 1, NULL, NULL, 1),
	(30755, 188, 4437, NULL, 'REGULAR', '2017-10-13 05:10:35', 1, NULL, NULL, 1),
	(30756, 186, 4438, NULL, 'REGULAR', '2017-10-13 05:10:35', 1, NULL, NULL, 1),
	(30757, 169, 4438, NULL, 'REGULAR', '2017-10-13 05:10:35', 1, NULL, NULL, 1),
	(30758, 188, 4438, NULL, 'REGULAR', '2017-10-13 05:10:35', 1, NULL, NULL, 1),
	(30759, 171, 4439, NULL, 'REGULAR', '2017-10-13 05:10:35', 1, NULL, NULL, 1),
	(30760, 171, 4440, NULL, 'REGULAR', '2017-10-13 05:10:35', 1, NULL, NULL, 1),
	(30761, 171, 4441, NULL, 'REGULAR', '2017-10-13 05:10:35', 1, NULL, NULL, 1),
	(30762, 171, 4442, NULL, 'REGULAR', '2017-10-13 05:10:35', 1, NULL, NULL, 1),
	(30763, 171, 4443, NULL, 'REGULAR', '2017-10-13 05:10:35', 1, NULL, NULL, 1),
	(30764, 171, 4444, NULL, 'REGULAR', '2017-10-13 05:10:35', 1, NULL, NULL, 1),
	(30765, 171, 4445, NULL, 'REGULAR', '2017-10-13 05:10:35', 1, NULL, NULL, 1),
	(30766, 171, 4446, NULL, 'REGULAR', '2017-10-13 05:10:35', 1, NULL, NULL, 1);
/*!40000 ALTER TABLE `load_group` ENABLE KEYS */;

-- Dumping structure for table cictems.load_group_schedule
CREATE TABLE IF NOT EXISTS `load_group_schedule` (
  `id` int(11) NOT NULL AUTO_INCREMENT,
  `load_group_id` int(11) DEFAULT NULL,
  `class_day` varchar(50) COLLATE utf8_unicode_ci DEFAULT NULL,
  `class_start` varchar(50) COLLATE utf8_unicode_ci DEFAULT NULL,
  `class_end` varchar(50) COLLATE utf8_unicode_ci DEFAULT NULL,
  `class_room` varchar(50) COLLATE utf8_unicode_ci DEFAULT NULL,
  `created_date` datetime NOT NULL DEFAULT CURRENT_TIMESTAMP,
  `created_by` int(11) DEFAULT NULL,
  `updated_date` datetime DEFAULT NULL,
  `updated_by` int(11) DEFAULT NULL,
  `active` int(11) NOT NULL DEFAULT '1',
  PRIMARY KEY (`id`),
  KEY `schedule_group_fk` (`load_group_id`),
  CONSTRAINT `schedule_group_fk` FOREIGN KEY (`load_group_id`) REFERENCES `load_group` (`id`)
) ENGINE=InnoDB AUTO_INCREMENT=12 DEFAULT CHARSET=utf8 COLLATE=utf8_unicode_ci;

-- Dumping data for table cictems.load_group_schedule: ~11 rows (approximately)
/*!40000 ALTER TABLE `load_group_schedule` DISABLE KEYS */;
INSERT INTO `load_group_schedule` (`id`, `load_group_id`, `class_day`, `class_start`, `class_end`, `class_room`, `created_date`, `created_by`, `updated_date`, `updated_by`, `active`) VALUES
	(1, 29194, 'MONDAY', '07:00', '10:00', 'IT 6', '2017-10-05 12:45:51', 1, '2017-10-14 17:32:03', 1, 0),
	(2, 29198, 'TUESDAY', '07:00', '08:00', '', '2017-10-05 14:16:31', 1, NULL, NULL, 1),
	(3, 29194, 'FRIDAY', '07:00', '09:00', 'IT 6', '2017-10-05 14:44:16', 1, '2017-10-14 17:31:58', 1, 0),
	(4, 29290, 'MONDAY', '07:00', '08:00', '', '2017-10-05 16:16:49', 1, NULL, NULL, 1),
	(5, 29836, 'MONDAY', '07:00', '08:00', '', '2017-10-13 22:18:34', 1, NULL, NULL, 1),
	(6, 29841, 'MONDAY', '07:00', '08:00', 'IT8', '2017-10-14 17:17:00', 1, '2017-10-14 17:17:10', 1, 1),
	(7, 29831, 'MONDAY', '08:00', '09:00', 'IT8', '2017-10-14 17:21:57', 1, NULL, NULL, 1),
	(8, 29831, 'MONDAY', '12:15', '15:30', '', '2017-10-14 17:22:06', 1, NULL, NULL, 1),
	(9, 29194, 'MONDAY', '07:00', '08:00', '', '2017-10-14 17:32:07', 1, '2017-10-14 17:32:11', 1, 0),
	(10, 29194, 'MONDAY', '07:00', '08:00', 'IT 8', '2017-10-14 17:33:18', 1, '2017-10-14 17:33:26', 1, 1),
	(11, 29194, 'MONDAY', '09:00', '10:00', 'IT 8', '2017-10-14 20:14:48', 1, '2017-10-15 02:31:04', 1, 1);
/*!40000 ALTER TABLE `load_group_schedule` ENABLE KEYS */;

-- Dumping structure for table cictems.load_section
CREATE TABLE IF NOT EXISTS `load_section` (
  `id` int(11) NOT NULL AUTO_INCREMENT,
  `ACADTERM_id` int(11) DEFAULT NULL,
  `ACADPROG_id` int(11) DEFAULT NULL,
  `CURRICULUM_id` int(11) DEFAULT NULL,
  `section_name` varchar(50) COLLATE utf8_unicode_ci DEFAULT NULL,
  `section_description` varchar(50) COLLATE utf8_unicode_ci DEFAULT NULL,
  `year_level` int(11) DEFAULT NULL,
  `_group` int(11) DEFAULT NULL,
  `type` varchar(50) COLLATE utf8_unicode_ci NOT NULL DEFAULT 'REGULAR' COMMENT 'REGULAR, SPECIAL, SUMMER, TUTORIAL, CONJUCTION',
  `college` varchar(50) COLLATE utf8_unicode_ci NOT NULL DEFAULT 'CICT',
  `created_date` datetime NOT NULL DEFAULT CURRENT_TIMESTAMP,
  `created_by` int(11) DEFAULT NULL,
  `updated_date` datetime DEFAULT NULL,
  `updated_by` int(11) DEFAULT NULL,
  `adviser` int(11) DEFAULT NULL,
  `active` int(11) NOT NULL DEFAULT '1',
  PRIMARY KEY (`id`),
  KEY `section_fk_from_academic_term_id` (`ACADTERM_id`),
  KEY `section_fk_from_academic_program_id` (`ACADPROG_id`),
  KEY `section_fk_created_by` (`created_by`),
  KEY `section_fk_advisert` (`adviser`),
  KEY `section_fk_updated_by` (`updated_by`),
  KEY `section_fk_cur` (`CURRICULUM_id`),
  CONSTRAINT `section_fk_advisert` FOREIGN KEY (`adviser`) REFERENCES `faculty` (`id`),
  CONSTRAINT `section_fk_created_by` FOREIGN KEY (`created_by`) REFERENCES `faculty` (`id`),
  CONSTRAINT `section_fk_cur` FOREIGN KEY (`CURRICULUM_id`) REFERENCES `curriculum` (`id`),
  CONSTRAINT `section_fk_from_academic_program_id` FOREIGN KEY (`ACADPROG_id`) REFERENCES `academic_program` (`id`),
  CONSTRAINT `section_fk_from_academic_term_id` FOREIGN KEY (`ACADTERM_id`) REFERENCES `academic_term` (`id`),
  CONSTRAINT `section_fk_updated_by` FOREIGN KEY (`updated_by`) REFERENCES `faculty` (`id`)
) ENGINE=InnoDB AUTO_INCREMENT=4447 DEFAULT CHARSET=utf8 COLLATE=utf8_unicode_ci COMMENT='all the sections';

-- Dumping data for table cictems.load_section: ~201 rows (approximately)
/*!40000 ALTER TABLE `load_section` DISABLE KEYS */;
INSERT INTO `load_section` (`id`, `ACADTERM_id`, `ACADPROG_id`, `CURRICULUM_id`, `section_name`, `section_description`, `year_level`, `_group`, `type`, `college`, `created_date`, `created_by`, `updated_date`, `updated_by`, `adviser`, `active`) VALUES
	(4246, 11, 5, 9, 'A', NULL, 1, 1, 'REGULAR', 'CICT', '2017-10-04 01:49:07', 1, NULL, NULL, NULL, 1),
	(4247, 11, 5, 9, 'A', NULL, 1, 2, 'REGULAR', 'CICT', '2017-10-04 01:49:07', 1, '2017-10-05 14:01:33', NULL, NULL, 0),
	(4248, 11, 5, 9, 'A', NULL, 2, 1, 'REGULAR', 'CICT', '2017-10-04 01:49:07', 1, '2017-10-05 14:26:57', 1, NULL, 0),
	(4249, 11, 5, 9, 'A', NULL, 2, 2, 'REGULAR', 'CICT', '2017-10-04 01:49:07', 1, NULL, NULL, NULL, 1),
	(4250, 11, 5, 9, 'A', NULL, 3, 1, 'REGULAR', 'CICT', '2017-10-04 01:49:07', 1, '2017-10-05 14:29:03', 1, NULL, 0),
	(4251, 11, 5, 9, 'A', NULL, 3, 2, 'REGULAR', 'CICT', '2017-10-04 01:49:07', 1, '2017-10-05 14:29:13', 1, NULL, 0),
	(4252, 11, 5, 9, 'A', NULL, 4, 1, 'REGULAR', 'CICT', '2017-10-04 01:49:07', 1, '2017-10-05 14:42:52', 1, NULL, 0),
	(4253, 11, 5, 9, 'A', NULL, 4, 2, 'REGULAR', 'CICT', '2017-10-04 01:49:07', 1, '2017-10-05 14:43:03', 1, NULL, 0),
	(4254, 11, 5, 9, 'B', NULL, 4, 1, 'REGULAR', 'CICT', '2017-10-04 01:49:07', 1, '2017-10-13 20:45:13', 1, NULL, 0),
	(4255, 11, 5, 9, 'B', NULL, 4, 2, 'REGULAR', 'CICT', '2017-10-04 01:49:07', 1, NULL, NULL, NULL, 1),
	(4256, 11, 5, 9, 'C', NULL, 4, 1, 'REGULAR', 'CICT', '2017-10-04 01:49:07', 1, NULL, NULL, NULL, 1),
	(4257, 11, 5, 9, 'C', NULL, 4, 2, 'REGULAR', 'CICT', '2017-10-04 01:49:07', 1, NULL, NULL, NULL, 1),
	(4258, 11, 5, 9, 'D', NULL, 4, 1, 'REGULAR', 'CICT', '2017-10-04 01:49:07', 1, NULL, NULL, NULL, 1),
	(4259, 11, 5, 9, 'D', NULL, 4, 2, 'REGULAR', 'CICT', '2017-10-04 01:49:07', 1, NULL, NULL, NULL, 1),
	(4260, 11, 5, 9, 'E', NULL, 4, 1, 'REGULAR', 'CICT', '2017-10-04 01:49:07', 1, NULL, NULL, NULL, 1),
	(4261, 11, 5, 9, 'E', NULL, 4, 2, 'REGULAR', 'CICT', '2017-10-04 01:49:07', 1, NULL, NULL, NULL, 1),
	(4262, 11, 5, 9, 'F', NULL, 4, 1, 'REGULAR', 'CICT', '2017-10-04 01:49:07', 1, NULL, NULL, NULL, 1),
	(4263, 11, 5, 9, 'F', NULL, 4, 2, 'REGULAR', 'CICT', '2017-10-04 01:49:07', 1, NULL, NULL, NULL, 1),
	(4264, 11, 5, 9, 'G', NULL, 4, 1, 'REGULAR', 'CICT', '2017-10-04 01:49:07', 1, NULL, NULL, NULL, 1),
	(4265, 11, 5, 9, 'G', NULL, 4, 2, 'REGULAR', 'CICT', '2017-10-04 01:49:07', 1, NULL, NULL, NULL, 1),
	(4266, 11, 5, 9, 'H', NULL, 4, 1, 'REGULAR', 'CICT', '2017-10-04 01:49:07', 1, NULL, NULL, NULL, 1),
	(4267, 11, 5, 9, 'H', NULL, 4, 2, 'REGULAR', 'CICT', '2017-10-04 01:49:07', 1, NULL, NULL, NULL, 1),
	(4268, 11, 4, 6, 'A', NULL, 1, 2, 'REGULAR', 'CICT', '2017-10-05 13:04:02', 1, NULL, NULL, NULL, 1),
	(4269, 11, 5, 9, 'A', NULL, 1, 2, 'REGULAR', 'CICT', '2017-10-05 14:43:22', 1, NULL, NULL, NULL, 1),
	(4270, 11, 5, 9, 'A', NULL, 2, 1, 'REGULAR', 'CICT', '2017-10-05 14:43:22', 1, NULL, NULL, NULL, 1),
	(4271, 11, 5, 9, 'A', NULL, 3, 1, 'REGULAR', 'CICT', '2017-10-05 14:43:22', 1, NULL, NULL, NULL, 1),
	(4272, 11, 5, 9, 'A', NULL, 3, 2, 'REGULAR', 'CICT', '2017-10-05 14:43:22', 1, NULL, NULL, NULL, 1),
	(4273, 11, 5, 9, 'A', NULL, 4, 1, 'REGULAR', 'CICT', '2017-10-05 14:43:22', 1, NULL, NULL, NULL, 1),
	(4274, 11, 5, 9, 'A', NULL, 4, 2, 'REGULAR', 'CICT', '2017-10-05 14:43:22', 1, NULL, NULL, NULL, 1),
	(4275, 11, 5, 7, 'A', NULL, 1, 1, 'REGULAR', 'CICT', '2017-10-13 05:10:30', 1, NULL, NULL, NULL, 1),
	(4276, 11, 5, 7, 'A', NULL, 1, 2, 'REGULAR', 'CICT', '2017-10-13 05:10:30', 1, NULL, NULL, NULL, 1),
	(4277, 11, 5, 7, 'B', NULL, 1, 1, 'REGULAR', 'CICT', '2017-10-13 05:10:30', 1, NULL, NULL, NULL, 1),
	(4278, 11, 5, 7, 'B', NULL, 1, 2, 'REGULAR', 'CICT', '2017-10-13 05:10:30', 1, NULL, NULL, NULL, 1),
	(4279, 11, 5, 7, 'C', NULL, 1, 1, 'REGULAR', 'CICT', '2017-10-13 05:10:31', 1, NULL, NULL, NULL, 1),
	(4280, 11, 5, 7, 'C', NULL, 1, 2, 'REGULAR', 'CICT', '2017-10-13 05:10:31', 1, NULL, NULL, NULL, 1),
	(4281, 11, 5, 7, 'D', NULL, 1, 1, 'REGULAR', 'CICT', '2017-10-13 05:10:31', 1, NULL, NULL, NULL, 1),
	(4282, 11, 5, 7, 'D', NULL, 1, 2, 'REGULAR', 'CICT', '2017-10-13 05:10:31', 1, NULL, NULL, NULL, 1),
	(4283, 11, 5, 7, 'E', NULL, 1, 1, 'REGULAR', 'CICT', '2017-10-13 05:10:31', 1, NULL, NULL, NULL, 1),
	(4284, 11, 5, 7, 'E', NULL, 1, 2, 'REGULAR', 'CICT', '2017-10-13 05:10:31', 1, NULL, NULL, NULL, 1),
	(4285, 11, 5, 7, 'F', NULL, 1, 1, 'REGULAR', 'CICT', '2017-10-13 05:10:31', 1, NULL, NULL, NULL, 1),
	(4286, 11, 5, 7, 'F', NULL, 1, 2, 'REGULAR', 'CICT', '2017-10-13 05:10:31', 1, NULL, NULL, NULL, 1),
	(4287, 11, 5, 7, 'G', NULL, 1, 1, 'REGULAR', 'CICT', '2017-10-13 05:10:31', 1, NULL, NULL, NULL, 1),
	(4288, 11, 5, 7, 'G', NULL, 1, 2, 'REGULAR', 'CICT', '2017-10-13 05:10:31', 1, NULL, NULL, NULL, 1),
	(4289, 11, 5, 7, 'H', NULL, 1, 1, 'REGULAR', 'CICT', '2017-10-13 05:10:31', 1, NULL, NULL, NULL, 1),
	(4290, 11, 5, 7, 'H', NULL, 1, 2, 'REGULAR', 'CICT', '2017-10-13 05:10:31', 1, NULL, NULL, NULL, 1),
	(4291, 11, 5, 7, 'I', NULL, 1, 1, 'REGULAR', 'CICT', '2017-10-13 05:10:31', 1, NULL, NULL, NULL, 1),
	(4292, 11, 5, 7, 'I', NULL, 1, 2, 'REGULAR', 'CICT', '2017-10-13 05:10:31', 1, NULL, NULL, NULL, 1),
	(4293, 11, 5, 7, 'J', NULL, 1, 1, 'REGULAR', 'CICT', '2017-10-13 05:10:31', 1, NULL, NULL, NULL, 1),
	(4294, 11, 5, 7, 'J', NULL, 1, 2, 'REGULAR', 'CICT', '2017-10-13 05:10:31', 1, NULL, NULL, NULL, 1),
	(4295, 11, 5, 7, 'K', NULL, 1, 1, 'REGULAR', 'CICT', '2017-10-13 05:10:31', 1, NULL, NULL, NULL, 1),
	(4296, 11, 5, 7, 'K', NULL, 1, 2, 'REGULAR', 'CICT', '2017-10-13 05:10:31', 1, NULL, NULL, NULL, 1),
	(4297, 11, 5, 7, 'L', NULL, 1, 1, 'REGULAR', 'CICT', '2017-10-13 05:10:31', 1, NULL, NULL, NULL, 1),
	(4298, 11, 5, 7, 'L', NULL, 1, 2, 'REGULAR', 'CICT', '2017-10-13 05:10:31', 1, NULL, NULL, NULL, 1),
	(4299, 11, 5, 7, 'M', NULL, 1, 1, 'REGULAR', 'CICT', '2017-10-13 05:10:31', 1, NULL, NULL, NULL, 1),
	(4300, 11, 5, 7, 'M', NULL, 1, 2, 'REGULAR', 'CICT', '2017-10-13 05:10:31', 1, NULL, NULL, NULL, 1),
	(4301, 11, 5, 7, 'N', NULL, 1, 1, 'REGULAR', 'CICT', '2017-10-13 05:10:31', 1, NULL, NULL, NULL, 1),
	(4302, 11, 5, 7, 'N', NULL, 1, 2, 'REGULAR', 'CICT', '2017-10-13 05:10:31', 1, NULL, NULL, NULL, 1),
	(4303, 11, 5, 7, 'O', NULL, 1, 1, 'REGULAR', 'CICT', '2017-10-13 05:10:31', 1, NULL, NULL, NULL, 1),
	(4304, 11, 5, 7, 'O', NULL, 1, 2, 'REGULAR', 'CICT', '2017-10-13 05:10:31', 1, NULL, NULL, NULL, 1),
	(4305, 11, 5, 7, 'P', NULL, 1, 1, 'REGULAR', 'CICT', '2017-10-13 05:10:31', 1, NULL, NULL, NULL, 1),
	(4306, 11, 5, 7, 'P', NULL, 1, 2, 'REGULAR', 'CICT', '2017-10-13 05:10:31', 1, NULL, NULL, NULL, 1),
	(4307, 11, 5, 7, 'Q', NULL, 1, 1, 'REGULAR', 'CICT', '2017-10-13 05:10:31', 1, NULL, NULL, NULL, 1),
	(4308, 11, 5, 7, 'Q', NULL, 1, 2, 'REGULAR', 'CICT', '2017-10-13 05:10:32', 1, NULL, NULL, NULL, 1),
	(4309, 11, 5, 7, 'R', NULL, 1, 1, 'REGULAR', 'CICT', '2017-10-13 05:10:32', 1, NULL, NULL, NULL, 1),
	(4310, 11, 5, 7, 'R', NULL, 1, 2, 'REGULAR', 'CICT', '2017-10-13 05:10:32', 1, NULL, NULL, NULL, 1),
	(4311, 11, 5, 7, 'S', NULL, 1, 1, 'REGULAR', 'CICT', '2017-10-13 05:10:32', 1, NULL, NULL, NULL, 1),
	(4312, 11, 5, 7, 'S', NULL, 1, 2, 'REGULAR', 'CICT', '2017-10-13 05:10:32', 1, NULL, NULL, NULL, 1),
	(4313, 11, 5, 7, 'T', NULL, 1, 1, 'REGULAR', 'CICT', '2017-10-13 05:10:32', 1, NULL, NULL, NULL, 1),
	(4314, 11, 5, 7, 'T', NULL, 1, 2, 'REGULAR', 'CICT', '2017-10-13 05:10:32', 1, NULL, NULL, NULL, 1),
	(4315, 11, 5, 7, 'U', NULL, 1, 1, 'REGULAR', 'CICT', '2017-10-13 05:10:32', 1, NULL, NULL, NULL, 1),
	(4316, 11, 5, 7, 'U', NULL, 1, 2, 'REGULAR', 'CICT', '2017-10-13 05:10:32', 1, NULL, NULL, NULL, 1),
	(4317, 11, 5, 7, 'V', NULL, 1, 1, 'REGULAR', 'CICT', '2017-10-13 05:10:32', 1, NULL, NULL, NULL, 1),
	(4318, 11, 5, 7, 'V', NULL, 1, 2, 'REGULAR', 'CICT', '2017-10-13 05:10:32', 1, NULL, NULL, NULL, 1),
	(4319, 11, 5, 7, 'W', NULL, 1, 1, 'REGULAR', 'CICT', '2017-10-13 05:10:32', 1, NULL, NULL, NULL, 1),
	(4320, 11, 5, 7, 'W', NULL, 1, 2, 'REGULAR', 'CICT', '2017-10-13 05:10:32', 1, NULL, NULL, NULL, 1),
	(4321, 11, 5, 7, 'X', NULL, 1, 1, 'REGULAR', 'CICT', '2017-10-13 05:10:32', 1, NULL, NULL, NULL, 1),
	(4322, 11, 5, 7, 'X', NULL, 1, 2, 'REGULAR', 'CICT', '2017-10-13 05:10:32', 1, NULL, NULL, NULL, 1),
	(4323, 11, 5, 7, 'Y', NULL, 1, 1, 'REGULAR', 'CICT', '2017-10-13 05:10:32', 1, NULL, NULL, NULL, 1),
	(4324, 11, 5, 7, 'Y', NULL, 1, 2, 'REGULAR', 'CICT', '2017-10-13 05:10:32', 1, NULL, NULL, NULL, 1),
	(4325, 11, NULL, NULL, 'Z', NULL, NULL, NULL, 'SPECIAL', 'CICT', '2017-10-13 05:10:32', 1, NULL, NULL, NULL, 1),
	(4326, 11, NULL, NULL, 'BSGE-A MATH 213', NULL, NULL, NULL, 'CONJUNCTION', 'COE', '2017-10-13 05:10:32', 1, NULL, NULL, NULL, 1),
	(4327, 11, 5, 7, 'A', NULL, 2, 1, 'REGULAR', 'CICT', '2017-10-13 05:10:32', 1, NULL, NULL, NULL, 1),
	(4328, 11, 5, 7, 'A', NULL, 2, 2, 'REGULAR', 'CICT', '2017-10-13 05:10:32', 1, NULL, NULL, NULL, 1),
	(4329, 11, 5, 7, 'B', NULL, 2, 1, 'REGULAR', 'CICT', '2017-10-13 05:10:32', 1, NULL, NULL, NULL, 1),
	(4330, 11, 5, 7, 'B', NULL, 2, 2, 'REGULAR', 'CICT', '2017-10-13 05:10:32', 1, NULL, NULL, NULL, 1),
	(4331, 11, 5, 7, 'C', NULL, 2, 1, 'REGULAR', 'CICT', '2017-10-13 05:10:32', 1, NULL, NULL, NULL, 1),
	(4332, 11, 5, 7, 'C', NULL, 2, 2, 'REGULAR', 'CICT', '2017-10-13 05:10:32', 1, NULL, NULL, NULL, 1),
	(4333, 11, 5, 7, 'D', NULL, 2, 1, 'REGULAR', 'CICT', '2017-10-13 05:10:32', 1, NULL, NULL, NULL, 1),
	(4334, 11, 5, 7, 'D', NULL, 2, 2, 'REGULAR', 'CICT', '2017-10-13 05:10:32', 1, NULL, NULL, NULL, 1),
	(4335, 11, 5, 7, 'E', NULL, 2, 1, 'REGULAR', 'CICT', '2017-10-13 05:10:32', 1, NULL, NULL, NULL, 1),
	(4336, 11, 5, 7, 'E', NULL, 2, 2, 'REGULAR', 'CICT', '2017-10-13 05:10:32', 1, NULL, NULL, NULL, 1),
	(4337, 11, 5, 7, 'F', NULL, 2, 1, 'REGULAR', 'CICT', '2017-10-13 05:10:32', 1, NULL, NULL, NULL, 1),
	(4338, 11, 5, 7, 'F', NULL, 2, 2, 'REGULAR', 'CICT', '2017-10-13 05:10:32', 1, NULL, NULL, NULL, 1),
	(4339, 11, 5, 7, 'G', NULL, 2, 1, 'REGULAR', 'CICT', '2017-10-13 05:10:32', 1, NULL, NULL, NULL, 1),
	(4340, 11, 5, 7, 'G', NULL, 2, 2, 'REGULAR', 'CICT', '2017-10-13 05:10:32', 1, NULL, NULL, NULL, 1),
	(4341, 11, 5, 7, 'H', NULL, 2, 1, 'REGULAR', 'CICT', '2017-10-13 05:10:32', 1, NULL, NULL, NULL, 1),
	(4342, 11, 5, 7, 'H', NULL, 2, 2, 'REGULAR', 'CICT', '2017-10-13 05:10:32', 1, NULL, NULL, NULL, 1),
	(4343, 11, 5, 7, 'I', NULL, 2, 1, 'REGULAR', 'CICT', '2017-10-13 05:10:32', 1, NULL, NULL, NULL, 1),
	(4344, 11, 5, 7, 'I', NULL, 2, 2, 'REGULAR', 'CICT', '2017-10-13 05:10:32', 1, NULL, NULL, NULL, 1),
	(4345, 11, 5, 7, 'J', NULL, 2, 1, 'REGULAR', 'CICT', '2017-10-13 05:10:32', 1, NULL, NULL, NULL, 1),
	(4346, 11, 5, 7, 'J', NULL, 2, 2, 'REGULAR', 'CICT', '2017-10-13 05:10:33', 1, NULL, NULL, NULL, 1),
	(4347, 11, 5, 7, 'K', NULL, 2, 1, 'REGULAR', 'CICT', '2017-10-13 05:10:33', 1, NULL, NULL, NULL, 1),
	(4348, 11, 5, 7, 'K', NULL, 2, 2, 'REGULAR', 'CICT', '2017-10-13 05:10:33', 1, NULL, NULL, NULL, 1),
	(4349, 11, 5, 7, 'L', NULL, 2, 1, 'REGULAR', 'CICT', '2017-10-13 05:10:33', 1, NULL, NULL, NULL, 1),
	(4350, 11, 5, 7, 'L', NULL, 2, 2, 'REGULAR', 'CICT', '2017-10-13 05:10:33', 1, NULL, NULL, NULL, 1),
	(4351, 11, 5, 7, 'M', NULL, 2, 1, 'REGULAR', 'CICT', '2017-10-13 05:10:33', 1, NULL, NULL, NULL, 1),
	(4352, 11, 5, 7, 'M', NULL, 2, 2, 'REGULAR', 'CICT', '2017-10-13 05:10:33', 1, NULL, NULL, NULL, 1),
	(4353, 11, 5, 7, 'N', NULL, 2, 1, 'REGULAR', 'CICT', '2017-10-13 05:10:33', 1, NULL, NULL, NULL, 1),
	(4354, 11, 5, 7, 'N', NULL, 2, 2, 'REGULAR', 'CICT', '2017-10-13 05:10:33', 1, NULL, NULL, NULL, 1),
	(4355, 11, 5, 7, 'O', NULL, 2, 1, 'REGULAR', 'CICT', '2017-10-13 05:10:33', 1, NULL, NULL, NULL, 1),
	(4356, 11, 5, 7, 'O', NULL, 2, 2, 'REGULAR', 'CICT', '2017-10-13 05:10:33', 1, NULL, NULL, NULL, 1),
	(4357, 11, 5, 7, 'P', NULL, 2, 1, 'REGULAR', 'CICT', '2017-10-13 05:10:33', 1, NULL, NULL, NULL, 1),
	(4358, 11, 5, 7, 'P', NULL, 2, 2, 'REGULAR', 'CICT', '2017-10-13 05:10:33', 1, NULL, NULL, NULL, 1),
	(4359, 11, 5, 7, 'Q', NULL, 2, 1, 'REGULAR', 'CICT', '2017-10-13 05:10:33', 1, NULL, NULL, NULL, 1),
	(4360, 11, 5, 7, 'Q', NULL, 2, 2, 'REGULAR', 'CICT', '2017-10-13 05:10:33', 1, NULL, NULL, NULL, 1),
	(4361, 11, 5, 7, 'R', NULL, 2, 1, 'REGULAR', 'CICT', '2017-10-13 05:10:33', 1, NULL, NULL, NULL, 1),
	(4362, 11, 5, 7, 'R', NULL, 2, 2, 'REGULAR', 'CICT', '2017-10-13 05:10:33', 1, NULL, NULL, NULL, 1),
	(4363, 11, 5, 7, 'S', NULL, 2, 1, 'REGULAR', 'CICT', '2017-10-13 05:10:33', 1, NULL, NULL, NULL, 1),
	(4364, 11, 5, 7, 'S', NULL, 2, 2, 'REGULAR', 'CICT', '2017-10-13 05:10:33', 1, NULL, NULL, NULL, 1),
	(4365, 11, 5, 7, 'T', NULL, 2, 1, 'REGULAR', 'CICT', '2017-10-13 05:10:33', 1, NULL, NULL, NULL, 1),
	(4366, 11, 5, 7, 'T', NULL, 2, 2, 'REGULAR', 'CICT', '2017-10-13 05:10:33', 1, NULL, NULL, NULL, 1),
	(4367, 11, 5, 7, 'U', NULL, 2, 1, 'REGULAR', 'CICT', '2017-10-13 05:10:33', 1, NULL, NULL, NULL, 1),
	(4368, 11, 5, 7, 'U', NULL, 2, 2, 'REGULAR', 'CICT', '2017-10-13 05:10:33', 1, NULL, NULL, NULL, 1),
	(4369, 11, 5, 7, 'V', NULL, 2, 1, 'REGULAR', 'CICT', '2017-10-13 05:10:33', 1, NULL, NULL, NULL, 1),
	(4370, 11, 5, 7, 'V', NULL, 2, 2, 'REGULAR', 'CICT', '2017-10-13 05:10:33', 1, NULL, NULL, NULL, 1),
	(4371, 11, 5, 7, 'W', NULL, 2, 1, 'REGULAR', 'CICT', '2017-10-13 05:10:33', 1, NULL, NULL, NULL, 1),
	(4372, 11, 5, 7, 'W', NULL, 2, 2, 'REGULAR', 'CICT', '2017-10-13 05:10:33', 1, NULL, NULL, NULL, 1),
	(4373, 11, 5, 7, 'X', NULL, 2, 1, 'REGULAR', 'CICT', '2017-10-13 05:10:33', 1, NULL, NULL, NULL, 1),
	(4374, 11, 5, 7, 'X', NULL, 2, 2, 'REGULAR', 'CICT', '2017-10-13 05:10:33', 1, NULL, NULL, NULL, 1),
	(4375, 11, 5, 7, 'Y', NULL, 2, 1, 'REGULAR', 'CICT', '2017-10-13 05:10:33', 1, NULL, NULL, NULL, 1),
	(4376, 11, 5, 7, 'Y', NULL, 2, 2, 'REGULAR', 'CICT', '2017-10-13 05:10:33', 1, NULL, NULL, NULL, 1),
	(4377, 11, NULL, NULL, 'Z', NULL, NULL, NULL, 'SPECIAL', 'CICT', '2017-10-13 05:10:33', 1, '2017-10-13 20:48:36', 1, NULL, 0),
	(4378, 11, NULL, NULL, 'Z', NULL, NULL, NULL, 'SPECIAL', 'CICT', '2017-10-13 05:10:33', 1, '2017-10-13 20:40:35', 1, NULL, 0),
	(4379, 11, 5, 7, 'A', NULL, 3, 1, 'REGULAR', 'CICT', '2017-10-13 05:10:33', 1, NULL, NULL, NULL, 1),
	(4380, 11, 5, 7, 'A', NULL, 3, 2, 'REGULAR', 'CICT', '2017-10-13 05:10:33', 1, NULL, NULL, NULL, 1),
	(4381, 11, 5, 7, 'B', NULL, 3, 1, 'REGULAR', 'CICT', '2017-10-13 05:10:33', 1, NULL, NULL, NULL, 1),
	(4382, 11, 5, 7, 'B', NULL, 3, 2, 'REGULAR', 'CICT', '2017-10-13 05:10:33', 1, NULL, NULL, NULL, 1),
	(4383, 11, 5, 7, 'C', NULL, 3, 1, 'REGULAR', 'CICT', '2017-10-13 05:10:33', 1, NULL, NULL, NULL, 1),
	(4384, 11, 5, 7, 'C', NULL, 3, 2, 'REGULAR', 'CICT', '2017-10-13 05:10:34', 1, NULL, NULL, NULL, 1),
	(4385, 11, 5, 7, 'D', NULL, 3, 1, 'REGULAR', 'CICT', '2017-10-13 05:10:34', 1, NULL, NULL, NULL, 1),
	(4386, 11, 5, 7, 'D', NULL, 3, 2, 'REGULAR', 'CICT', '2017-10-13 05:10:34', 1, NULL, NULL, NULL, 1),
	(4387, 11, 5, 7, 'E', NULL, 3, 1, 'REGULAR', 'CICT', '2017-10-13 05:10:34', 1, NULL, NULL, NULL, 1),
	(4388, 11, 5, 7, 'E', NULL, 3, 2, 'REGULAR', 'CICT', '2017-10-13 05:10:34', 1, NULL, NULL, NULL, 1),
	(4389, 11, 5, 7, 'F', NULL, 3, 1, 'REGULAR', 'CICT', '2017-10-13 05:10:34', 1, NULL, NULL, NULL, 1),
	(4390, 11, 5, 7, 'F', NULL, 3, 2, 'REGULAR', 'CICT', '2017-10-13 05:10:34', 1, NULL, NULL, NULL, 1),
	(4391, 11, 5, 7, 'G', NULL, 3, 1, 'REGULAR', 'CICT', '2017-10-13 05:10:34', 1, NULL, NULL, NULL, 1),
	(4392, 11, 5, 7, 'G', NULL, 3, 2, 'REGULAR', 'CICT', '2017-10-13 05:10:34', 1, NULL, NULL, NULL, 1),
	(4393, 11, 5, 7, 'H', NULL, 3, 1, 'REGULAR', 'CICT', '2017-10-13 05:10:34', 1, NULL, NULL, NULL, 1),
	(4394, 11, 5, 7, 'H', NULL, 3, 2, 'REGULAR', 'CICT', '2017-10-13 05:10:34', 1, NULL, NULL, NULL, 1),
	(4395, 11, 5, 7, 'I', NULL, 3, 1, 'REGULAR', 'CICT', '2017-10-13 05:10:34', 1, NULL, NULL, NULL, 1),
	(4396, 11, 5, 7, 'I', NULL, 3, 2, 'REGULAR', 'CICT', '2017-10-13 05:10:34', 1, NULL, NULL, NULL, 1),
	(4397, 11, 5, 7, 'J', NULL, 3, 1, 'REGULAR', 'CICT', '2017-10-13 05:10:34', 1, NULL, NULL, NULL, 1),
	(4398, 11, 5, 7, 'J', NULL, 3, 2, 'REGULAR', 'CICT', '2017-10-13 05:10:34', 1, NULL, NULL, NULL, 1),
	(4399, 11, 5, 7, 'K', NULL, 3, 1, 'REGULAR', 'CICT', '2017-10-13 05:10:34', 1, NULL, NULL, NULL, 1),
	(4400, 11, 5, 7, 'K', NULL, 3, 2, 'REGULAR', 'CICT', '2017-10-13 05:10:34', 1, NULL, NULL, NULL, 1),
	(4401, 11, 5, 7, 'L', NULL, 3, 1, 'REGULAR', 'CICT', '2017-10-13 05:10:34', 1, NULL, NULL, NULL, 1),
	(4402, 11, 5, 7, 'L', NULL, 3, 2, 'REGULAR', 'CICT', '2017-10-13 05:10:34', 1, NULL, NULL, NULL, 1),
	(4403, 11, 5, 7, 'M', NULL, 3, 1, 'REGULAR', 'CICT', '2017-10-13 05:10:34', 1, NULL, NULL, NULL, 1),
	(4404, 11, 5, 7, 'M', NULL, 3, 2, 'REGULAR', 'CICT', '2017-10-13 05:10:34', 1, NULL, NULL, NULL, 1),
	(4405, 11, 5, 7, 'N', NULL, 3, 1, 'REGULAR', 'CICT', '2017-10-13 05:10:34', 1, NULL, NULL, NULL, 1),
	(4406, 11, 5, 7, 'N', NULL, 3, 2, 'REGULAR', 'CICT', '2017-10-13 05:10:34', 1, NULL, NULL, NULL, 1),
	(4407, 11, 5, 7, 'O', NULL, 3, 1, 'REGULAR', 'CICT', '2017-10-13 05:10:34', 1, NULL, NULL, NULL, 1),
	(4408, 11, 5, 7, 'O', NULL, 3, 2, 'REGULAR', 'CICT', '2017-10-13 05:10:34', 1, NULL, NULL, NULL, 1),
	(4409, 11, 5, 7, 'P', NULL, 3, 1, 'REGULAR', 'CICT', '2017-10-13 05:10:34', 1, NULL, NULL, NULL, 1),
	(4410, 11, 5, 7, 'P', NULL, 3, 2, 'REGULAR', 'CICT', '2017-10-13 05:10:34', 1, NULL, NULL, NULL, 1),
	(4411, 11, 5, 7, 'Q', NULL, 3, 1, 'REGULAR', 'CICT', '2017-10-13 05:10:34', 1, NULL, NULL, NULL, 1),
	(4412, 11, 5, 7, 'Q', NULL, 3, 2, 'REGULAR', 'CICT', '2017-10-13 05:10:34', 1, NULL, NULL, NULL, 1),
	(4413, 11, 5, 7, 'R', NULL, 3, 1, 'REGULAR', 'CICT', '2017-10-13 05:10:34', 1, NULL, NULL, NULL, 1),
	(4414, 11, 5, 7, 'R', NULL, 3, 2, 'REGULAR', 'CICT', '2017-10-13 05:10:34', 1, NULL, NULL, NULL, 1),
	(4415, 11, 5, 7, 'S', NULL, 3, 1, 'REGULAR', 'CICT', '2017-10-13 05:10:34', 1, NULL, NULL, NULL, 1),
	(4416, 11, 5, 7, 'S', NULL, 3, 2, 'REGULAR', 'CICT', '2017-10-13 05:10:34', 1, NULL, NULL, NULL, 1),
	(4417, 11, 5, 7, 'T', NULL, 3, 1, 'REGULAR', 'CICT', '2017-10-13 05:10:34', 1, NULL, NULL, NULL, 1),
	(4418, 11, 5, 7, 'T', NULL, 3, 2, 'REGULAR', 'CICT', '2017-10-13 05:10:34', 1, NULL, NULL, NULL, 1),
	(4419, 11, 5, 7, 'U', NULL, 3, 1, 'REGULAR', 'CICT', '2017-10-13 05:10:34', 1, NULL, NULL, NULL, 1),
	(4420, 11, 5, 7, 'U', NULL, 3, 2, 'REGULAR', 'CICT', '2017-10-13 05:10:34', 1, NULL, NULL, NULL, 1),
	(4421, 11, 5, 7, 'V', NULL, 3, 1, 'REGULAR', 'CICT', '2017-10-13 05:10:34', 1, NULL, NULL, NULL, 1),
	(4422, 11, 5, 7, 'V', NULL, 3, 2, 'REGULAR', 'CICT', '2017-10-13 05:10:34', 1, NULL, NULL, NULL, 1),
	(4423, 11, 5, 7, 'W', NULL, 3, 1, 'REGULAR', 'CICT', '2017-10-13 05:10:34', 1, NULL, NULL, NULL, 1),
	(4424, 11, 5, 7, 'W', NULL, 3, 2, 'REGULAR', 'CICT', '2017-10-13 05:10:34', 1, NULL, NULL, NULL, 1),
	(4425, 11, 5, 7, 'X', NULL, 3, 1, 'REGULAR', 'CICT', '2017-10-13 05:10:34', 1, NULL, NULL, NULL, 1),
	(4426, 11, 5, 7, 'X', NULL, 3, 2, 'REGULAR', 'CICT', '2017-10-13 05:10:34', 1, NULL, NULL, NULL, 1),
	(4427, 11, 5, 7, 'Y', NULL, 3, 1, 'REGULAR', 'CICT', '2017-10-13 05:10:34', 1, NULL, NULL, NULL, 1),
	(4428, 11, 5, 7, 'Y', NULL, 3, 2, 'REGULAR', 'CICT', '2017-10-13 05:10:34', 1, NULL, NULL, NULL, 1),
	(4429, 11, NULL, NULL, 'Z', NULL, NULL, NULL, 'CONJUNCTION', 'CICT', '2017-10-13 05:10:34', 1, NULL, NULL, NULL, 0),
	(4430, 11, NULL, NULL, 'Z', NULL, NULL, NULL, 'CONJUNCTION', 'CICT', '2017-10-13 05:10:34', 1, '2017-10-13 20:38:18', 1, NULL, 0),
	(4431, 11, 5, 7, 'A', NULL, 4, 1, 'REGULAR', 'CICT', '2017-10-13 05:10:34', 1, NULL, NULL, NULL, 1),
	(4432, 11, 5, 7, 'A', NULL, 4, 2, 'REGULAR', 'CICT', '2017-10-13 05:10:34', 1, NULL, NULL, NULL, 1),
	(4433, 11, 5, 7, 'B', NULL, 4, 1, 'REGULAR', 'CICT', '2017-10-13 05:10:34', 1, NULL, NULL, NULL, 1),
	(4434, 11, 5, 7, 'B', NULL, 4, 2, 'REGULAR', 'CICT', '2017-10-13 05:10:34', 1, NULL, NULL, NULL, 1),
	(4435, 11, 5, 7, 'C', NULL, 4, 1, 'REGULAR', 'CICT', '2017-10-13 05:10:34', 1, NULL, NULL, NULL, 1),
	(4436, 11, 5, 7, 'C', NULL, 4, 2, 'REGULAR', 'CICT', '2017-10-13 05:10:34', 1, NULL, NULL, NULL, 1),
	(4437, 11, 5, 7, 'D', NULL, 4, 1, 'REGULAR', 'CICT', '2017-10-13 05:10:35', 1, NULL, NULL, NULL, 1),
	(4438, 11, 5, 7, 'D', NULL, 4, 2, 'REGULAR', 'CICT', '2017-10-13 05:10:35', 1, NULL, NULL, NULL, 1),
	(4439, 11, 5, 7, 'E', NULL, 4, 1, 'REGULAR', 'CICT', '2017-10-13 05:10:35', 1, NULL, NULL, NULL, 1),
	(4440, 11, 5, 7, 'E', NULL, 4, 2, 'REGULAR', 'CICT', '2017-10-13 05:10:35', 1, NULL, NULL, NULL, 1),
	(4441, 11, 5, 7, 'F', NULL, 4, 1, 'REGULAR', 'CICT', '2017-10-13 05:10:35', 1, NULL, NULL, NULL, 1),
	(4442, 11, 5, 7, 'F', NULL, 4, 2, 'REGULAR', 'CICT', '2017-10-13 05:10:35', 1, NULL, NULL, NULL, 1),
	(4443, 11, 5, 7, 'G', NULL, 4, 1, 'REGULAR', 'CICT', '2017-10-13 05:10:35', 1, NULL, NULL, NULL, 1),
	(4444, 11, 5, 7, 'G', NULL, 4, 2, 'REGULAR', 'CICT', '2017-10-13 05:10:35', 1, NULL, NULL, NULL, 1),
	(4445, 11, 5, 7, 'H', NULL, 4, 1, 'REGULAR', 'CICT', '2017-10-13 05:10:35', 1, NULL, NULL, NULL, 1),
	(4446, 11, 5, 7, 'H', NULL, 4, 2, 'REGULAR', 'CICT', '2017-10-13 05:10:35', 1, NULL, NULL, NULL, 1);
/*!40000 ALTER TABLE `load_section` ENABLE KEYS */;

-- Dumping structure for table cictems.load_subject
CREATE TABLE IF NOT EXISTS `load_subject` (
  `id` int(11) NOT NULL AUTO_INCREMENT,
  `SUBJECT_id` int(11) DEFAULT NULL,
  `LOADGRP_id` int(11) DEFAULT NULL,
  `STUDENT_id` int(11) DEFAULT NULL,
  `EVALUATION_id` int(11) DEFAULT NULL,
  `added_date` datetime DEFAULT CURRENT_TIMESTAMP,
  `added_by` int(11) DEFAULT NULL,
  `remarks` varchar(50) COLLATE utf8_unicode_ci DEFAULT 'ACCEPTED',
  `removed_date` datetime DEFAULT NULL,
  `removed_by` int(11) DEFAULT NULL,
  `changing_reference` int(11) DEFAULT NULL COMMENT 'load_group',
  `active` int(11) DEFAULT '1',
  PRIMARY KEY (`id`),
  KEY `load_subject_fk_from_load_group_id` (`LOADGRP_id`),
  KEY `load_subject_fk_from_student_id` (`STUDENT_id`),
  KEY `load_subject_fk_from_evaluation_id` (`EVALUATION_id`),
  KEY `load_subject_fk_from_faculty_id` (`added_by`),
  KEY `load_subject_fk_from_faculty_id_removed` (`removed_by`),
  KEY `load_subject_fk_from_subject_id` (`SUBJECT_id`),
  KEY `load_subject_fk_changing_reference` (`changing_reference`),
  CONSTRAINT `load_subject_fk_changing_reference` FOREIGN KEY (`changing_reference`) REFERENCES `load_group` (`id`),
  CONSTRAINT `load_subject_fk_from_evaluation_id` FOREIGN KEY (`EVALUATION_id`) REFERENCES `evaluation` (`id`),
  CONSTRAINT `load_subject_fk_from_faculty_id` FOREIGN KEY (`added_by`) REFERENCES `faculty` (`id`),
  CONSTRAINT `load_subject_fk_from_faculty_id_removed` FOREIGN KEY (`removed_by`) REFERENCES `faculty` (`id`),
  CONSTRAINT `load_subject_fk_from_load_group_id` FOREIGN KEY (`LOADGRP_id`) REFERENCES `load_group` (`id`),
  CONSTRAINT `load_subject_fk_from_student_id` FOREIGN KEY (`STUDENT_id`) REFERENCES `student` (`cict_id`),
  CONSTRAINT `load_subject_fk_from_subject_id` FOREIGN KEY (`SUBJECT_id`) REFERENCES `subject` (`id`)
) ENGINE=InnoDB AUTO_INCREMENT=60 DEFAULT CHARSET=utf8 COLLATE=utf8_unicode_ci COMMENT='all students enrolled in that subject in a particular section';

-- Dumping data for table cictems.load_subject: ~49 rows (approximately)
/*!40000 ALTER TABLE `load_subject` DISABLE KEYS */;
INSERT INTO `load_subject` (`id`, `SUBJECT_id`, `LOADGRP_id`, `STUDENT_id`, `EVALUATION_id`, `added_date`, `added_by`, `remarks`, `removed_date`, `removed_by`, `changing_reference`, `active`) VALUES
	(11, 190, 29194, 57, 3, '2017-10-04 19:47:49', 1, 'REVOKED_EVALUATION', '2017-10-04 19:48:00', 2, NULL, 0),
	(12, 191, 29195, 57, 3, '2017-10-04 19:47:49', 1, 'REVOKED_EVALUATION', '2017-10-04 19:48:00', 2, NULL, 0),
	(13, 192, 29196, 57, 3, '2017-10-04 19:47:49', 1, 'REVOKED_EVALUATION', '2017-10-04 19:48:00', 2, NULL, 0),
	(14, 113, 29197, 57, 3, '2017-10-04 19:47:49', 1, 'REVOKED_EVALUATION', '2017-10-04 19:48:00', 2, NULL, 0),
	(15, 194, 29198, 57, 3, '2017-10-04 19:47:49', 1, 'REVOKED_EVALUATION', '2017-10-04 19:48:00', 2, NULL, 0),
	(16, 193, 29199, 57, 3, '2017-10-04 19:47:49', 1, 'REVOKED_EVALUATION', '2017-10-04 19:48:00', 2, NULL, 0),
	(17, 203, 29200, 57, 3, '2017-10-04 19:47:49', 1, 'REVOKED_EVALUATION', '2017-10-04 19:48:00', 2, NULL, 0),
	(18, 114, 29201, 57, 3, '2017-10-04 19:47:49', 1, 'REVOKED_EVALUATION', '2017-10-04 19:48:00', 2, NULL, 0),
	(19, 196, 29202, 57, 3, '2017-10-04 19:47:49', 1, 'REVOKED_EVALUATION', '2017-10-04 19:48:00', 2, NULL, 0),
	(20, 119, 29203, 57, 3, '2017-10-04 19:47:49', 1, 'REVOKED_EVALUATION', '2017-10-04 19:48:00', 2, NULL, 0),
	(21, 190, 29194, 57, 4, '2017-10-04 20:20:01', 1, 'REVOKED_EVALUATION', '2017-10-04 20:20:26', 2, NULL, 0),
	(22, 191, 29195, 57, 4, '2017-10-04 20:20:01', 1, 'REVOKED_EVALUATION', '2017-10-04 20:20:26', 2, NULL, 0),
	(23, 192, 29196, 57, 4, '2017-10-04 20:20:01', 1, 'REVOKED_EVALUATION', '2017-10-04 20:20:26', 2, NULL, 0),
	(24, 113, 29197, 57, 4, '2017-10-04 20:20:02', 1, 'REVOKED_EVALUATION', '2017-10-04 20:20:26', 2, NULL, 0),
	(25, 194, 29198, 57, 4, '2017-10-04 20:20:02', 1, 'REVOKED_EVALUATION', '2017-10-04 20:20:26', 2, NULL, 0),
	(26, 193, 29199, 57, 4, '2017-10-04 20:20:02', 1, 'REVOKED_EVALUATION', '2017-10-04 20:20:26', 2, NULL, 0),
	(27, 203, 29200, 57, 4, '2017-10-04 20:20:02', 1, 'REVOKED_EVALUATION', '2017-10-04 20:20:26', 2, NULL, 0),
	(28, 114, 29201, 57, 4, '2017-10-04 20:20:02', 1, 'REVOKED_EVALUATION', '2017-10-04 20:20:26', 2, NULL, 0),
	(29, 196, 29202, 57, 4, '2017-10-04 20:20:02', 1, 'REVOKED_EVALUATION', '2017-10-04 20:20:26', 2, NULL, 0),
	(30, 119, 29203, 57, 4, '2017-10-04 20:20:02', 1, 'REVOKED_EVALUATION', '2017-10-04 20:20:26', 2, NULL, 0),
	(31, 190, 29194, 57, 5, '2017-10-04 20:21:02', 2, 'REVOKED_EVALUATION', '2017-10-04 20:21:12', 2, NULL, 0),
	(32, 191, 29195, 57, 5, '2017-10-04 20:21:02', 2, 'REVOKED_EVALUATION', '2017-10-04 20:21:12', 2, NULL, 0),
	(33, 192, 29196, 57, 5, '2017-10-04 20:21:02', 2, 'REVOKED_EVALUATION', '2017-10-04 20:21:12', 2, NULL, 0),
	(34, 113, 29197, 57, 5, '2017-10-04 20:21:02', 2, 'REVOKED_EVALUATION', '2017-10-04 20:21:12', 2, NULL, 0),
	(35, 194, 29198, 57, 5, '2017-10-04 20:21:02', 2, 'REVOKED_EVALUATION', '2017-10-04 20:21:12', 2, NULL, 0),
	(36, 193, 29199, 57, 5, '2017-10-04 20:21:02', 2, 'REVOKED_EVALUATION', '2017-10-04 20:21:12', 2, NULL, 0),
	(37, 203, 29200, 57, 5, '2017-10-04 20:21:02', 2, 'REVOKED_EVALUATION', '2017-10-04 20:21:12', 2, NULL, 0),
	(38, 114, 29201, 57, 5, '2017-10-04 20:21:02', 2, 'REVOKED_EVALUATION', '2017-10-04 20:21:12', 2, NULL, 0),
	(39, 196, 29202, 57, 5, '2017-10-04 20:21:02', 2, 'REVOKED_EVALUATION', '2017-10-04 20:21:12', 2, NULL, 0),
	(40, 119, 29203, 57, 5, '2017-10-04 20:21:02', 2, 'REVOKED_EVALUATION', '2017-10-04 20:21:12', 2, NULL, 0),
	(41, 190, 29194, 57, 6, '2017-10-04 20:41:19', 1, 'REVOKED_EVALUATION', '2017-10-15 02:41:38', 2, NULL, 0),
	(42, 191, 29195, 57, 6, '2017-10-04 20:41:19', 1, 'REVOKED_EVALUATION', '2017-10-15 02:41:38', 2, NULL, 0),
	(43, 192, 29196, 57, 6, '2017-10-04 20:41:19', 1, 'REVOKED_EVALUATION', '2017-10-15 02:41:38', 2, NULL, 0),
	(44, 113, 29197, 57, 6, '2017-10-04 20:41:19', 1, 'REVOKED_EVALUATION', '2017-10-15 02:41:38', 2, NULL, 0),
	(45, 194, 29198, 57, 6, '2017-10-04 20:41:19', 1, 'REVOKED_EVALUATION', '2017-10-15 02:41:38', 2, NULL, 0),
	(46, 193, 29199, 57, 6, '2017-10-04 20:41:19', 1, 'REVOKED_EVALUATION', '2017-10-15 02:41:38', 2, NULL, 0),
	(47, 203, 29200, 57, 6, '2017-10-04 20:41:19', 1, 'REVOKED_EVALUATION', '2017-10-15 02:41:38', 2, NULL, 0),
	(48, 114, 29201, 57, 6, '2017-10-04 20:41:19', 1, 'REVOKED_EVALUATION', '2017-10-15 02:41:38', 2, NULL, 0),
	(49, 196, 29202, 57, 6, '2017-10-04 20:41:19', 1, 'REVOKED_EVALUATION', '2017-10-15 02:41:38', 2, NULL, 0),
	(50, 119, 29203, 57, 6, '2017-10-04 20:41:19', 1, 'REVOKED_EVALUATION', '2017-10-15 02:41:38', 2, NULL, 0),
	(51, 190, 29194, 57, 7, '2017-10-04 20:41:39', 1, 'REVOKED_ADD_CHANGE', '2017-10-04 20:41:44', 1, NULL, 0),
	(52, 191, 29195, 57, 7, '2017-10-04 20:41:39', 1, 'REVOKED_ADD_CHANGE', '2017-10-04 20:41:44', 1, NULL, 0),
	(53, 192, 29196, 57, 7, '2017-10-04 20:41:39', 1, 'REVOKED_ADD_CHANGE', '2017-10-04 20:41:44', 1, NULL, 0),
	(54, 113, 29197, 57, 7, '2017-10-04 20:41:39', 1, 'REVOKED_ADD_CHANGE', '2017-10-04 20:41:44', 1, NULL, 0),
	(55, 193, 29199, 57, 7, '2017-10-04 20:41:39', 1, 'REVOKED_ADD_CHANGE', '2017-10-04 20:41:44', 1, NULL, 0),
	(56, 203, 29200, 57, 7, '2017-10-04 20:41:39', 1, 'REVOKED_ADD_CHANGE', '2017-10-04 20:41:44', 1, NULL, 0),
	(57, 114, 29201, 57, 7, '2017-10-04 20:41:39', 1, 'REVOKED_ADD_CHANGE', '2017-10-04 20:41:44', 1, NULL, 0),
	(58, 196, 29202, 57, 7, '2017-10-04 20:41:39', 1, 'REVOKED_ADD_CHANGE', '2017-10-04 20:41:44', 1, NULL, 0),
	(59, 119, 29203, 57, 7, '2017-10-04 20:41:39', 1, 'REVOKED_ADD_CHANGE', '2017-10-04 20:41:44', 1, NULL, 0);
/*!40000 ALTER TABLE `load_subject` ENABLE KEYS */;

-- Dumping structure for table cictems.student
CREATE TABLE IF NOT EXISTS `student` (
  `cict_id` int(30) NOT NULL AUTO_INCREMENT,
  `id` varchar(50) COLLATE utf8_unicode_ci DEFAULT NULL COMMENT 'bulsu_id from the registrar',
  `CURRICULUM_id` int(11) DEFAULT NULL,
  `PREP_id` int(11) DEFAULT NULL,
  `last_name` varchar(100) CHARACTER SET utf8 DEFAULT NULL,
  `first_name` varchar(100) CHARACTER SET utf8 DEFAULT NULL,
  `middle_name` varchar(100) CHARACTER SET utf8 DEFAULT NULL,
  `gender` varchar(100) COLLATE utf8_unicode_ci DEFAULT NULL,
  `year_level` int(11) DEFAULT NULL,
  `section` varchar(100) CHARACTER SET utf8 DEFAULT NULL,
  `_group` int(11) DEFAULT NULL,
  `has_profile` int(1) DEFAULT '0',
  `enrollment_type` varchar(50) COLLATE utf8_unicode_ci DEFAULT 'REGULAR' COMMENT 'REGULAR, SHIFTER, TRANSFEREE, CROSS-ENROLLEE',
  `admission_year` varchar(50) COLLATE utf8_unicode_ci DEFAULT 'NOT_SET' COMMENT 'DO NOT USE',
  `college` varchar(50) COLLATE utf8_unicode_ci DEFAULT 'CICT',
  `campus` varchar(50) COLLATE utf8_unicode_ci DEFAULT 'MAIN' COMMENT 'CAMPUS BRANCH, CEU, PUP',
  `residency` varchar(50) COLLATE utf8_unicode_ci DEFAULT 'REGULAR' COMMENT 'REGULAR,CROSS_ENROLLEE',
  `university` varchar(50) COLLATE utf8_unicode_ci DEFAULT 'HOME',
  `created_by` varchar(100) COLLATE utf8_unicode_ci DEFAULT 'FACULTY',
  `created_date` datetime DEFAULT CURRENT_TIMESTAMP,
  `verified` int(11) DEFAULT '0',
  `verification_date` datetime DEFAULT NULL,
  `verfied_by` int(11) DEFAULT NULL,
  `last_evaluation_term` int(11) DEFAULT NULL,
  `active` int(1) DEFAULT '1',
  PRIMARY KEY (`cict_id`),
  UNIQUE KEY `id` (`id`),
  KEY `student_fk_from_curriculum_id` (`CURRICULUM_id`),
  KEY `student_fk_from_curriculum_id_prep` (`PREP_id`),
  KEY `student_fk_verified_by` (`verfied_by`),
  CONSTRAINT `student_fk_from_curriculum_id` FOREIGN KEY (`CURRICULUM_id`) REFERENCES `curriculum` (`id`),
  CONSTRAINT `student_fk_from_curriculum_id_prep` FOREIGN KEY (`PREP_id`) REFERENCES `curriculum` (`id`),
  CONSTRAINT `student_fk_verified_by` FOREIGN KEY (`verfied_by`) REFERENCES `faculty` (`id`)
) ENGINE=InnoDB AUTO_INCREMENT=63 DEFAULT CHARSET=utf8 COLLATE=utf8_unicode_ci;

-- Dumping data for table cictems.student: ~4 rows (approximately)
/*!40000 ALTER TABLE `student` DISABLE KEYS */;
INSERT INTO `student` (`cict_id`, `id`, `CURRICULUM_id`, `PREP_id`, `last_name`, `first_name`, `middle_name`, `gender`, `year_level`, `section`, `_group`, `has_profile`, `enrollment_type`, `admission_year`, `college`, `campus`, `residency`, `university`, `created_by`, `created_date`, `verified`, `verification_date`, `verfied_by`, `last_evaluation_term`, `active`) VALUES
	(57, '2014113844', 9, NULL, 'PERELLO', 'JHON MELVIN', 'NIETO', 'MALE', 1, 'A', 1, 1, 'REGULAR', 'NOT_SET', 'CICT', 'MAIN', 'REGULAR', 'HOME', 'FACULTY', '2017-09-09 17:53:54', 0, NULL, NULL, 11, 1),
	(58, '2014123456', 7, NULL, 'DAZO', 'ARLEALYN', NULL, 'FEMALE', 1, 'A', 1, 1, 'REGULAR', 'NOT_SET', 'CICT', 'MAIN', 'REGULAR', 'HOME', 'FACULTY', '2017-09-09 18:41:14', 0, NULL, NULL, 11, 1),
	(59, '2014112470', 6, NULL, 'MERCADO', 'JELYN', 'CARLOS', 'FEMALE', 1, 'A', 1, 1, 'REGULAR', 'NOT_SET', 'CICT', 'MAIN', 'REGULAR', 'HOME', 'FACULTY', '2017-09-10 06:57:02', 0, NULL, NULL, 11, 1),
	(60, '2015123456', 9, NULL, 'SAMPLE', 'SAMPLE', 'SAMPLE', NULL, 1, 'A', 1, 1, 'NOT_SET', 'NOT_SET', 'CICT', 'MAIN', 'REGULAR', 'HOME', 'LINKED_ACC_24_USER_2014112470_MERCADO', '2017-09-10 12:07:01', 0, NULL, NULL, 11, 1),
	(61, '2014112233', NULL, NULL, 'EWAN', 'EWAN', 'EWAN', 'FEMALE', NULL, NULL, NULL, 1, 'REGULAR', 'NOT_SET', 'CICT', 'MAIN', 'REGULAR', 'HOME', 'FACULTY', '2017-09-13 07:37:52', 0, NULL, NULL, 11, 1),
	(62, '2014123123', NULL, NULL, 'DELA CRUZ', 'JUAN', 'MENDOZA', NULL, NULL, NULL, NULL, 0, 'REGULAR', 'NOT_SET', 'CICT', 'MAIN', 'CROSS_ENROLLEE', 'HOME', 'FACULTY', '2017-10-15 02:45:13', 0, NULL, NULL, 11, 1);
/*!40000 ALTER TABLE `student` ENABLE KEYS */;

-- Dumping structure for table cictems.student_profile
CREATE TABLE IF NOT EXISTS `student_profile` (
  `id` int(30) NOT NULL AUTO_INCREMENT,
  `STUDENT_id` int(11) DEFAULT NULL,
  `floor_assignment` int(11) DEFAULT NULL,
  `profile_picture` varchar(60) COLLATE utf8_unicode_ci DEFAULT 'NONE',
  `active` int(11) DEFAULT '1',
  `mobile` varchar(50) CHARACTER SET utf8 DEFAULT NULL,
  `zipcode` varchar(100) CHARACTER SET utf8 DEFAULT NULL,
  `city` varchar(100) CHARACTER SET utf8 DEFAULT NULL,
  `brgy` varchar(100) CHARACTER SET utf8 DEFAULT NULL,
  `street` varchar(100) CHARACTER SET utf8 DEFAULT NULL,
  `house_no` varchar(100) CHARACTER SET utf8 DEFAULT NULL,
  `province` varchar(50) COLLATE utf8_unicode_ci DEFAULT NULL,
  `email` varchar(100) CHARACTER SET utf8 DEFAULT NULL,
  `ice_name` varchar(100) CHARACTER SET utf8 DEFAULT NULL,
  `ice_address` varchar(150) CHARACTER SET utf8 DEFAULT NULL,
  `ice_contact` varchar(50) COLLATE utf8_unicode_ci DEFAULT NULL,
  `created_date` datetime DEFAULT CURRENT_TIMESTAMP,
  PRIMARY KEY (`id`),
  KEY `profile_fk_from_student_cict_id` (`STUDENT_id`),
  CONSTRAINT `profile_fk_from_student_cict_id` FOREIGN KEY (`STUDENT_id`) REFERENCES `student` (`cict_id`)
) ENGINE=InnoDB AUTO_INCREMENT=29 DEFAULT CHARSET=utf8 COLLATE=utf8_unicode_ci;

-- Dumping data for table cictems.student_profile: ~14 rows (approximately)
/*!40000 ALTER TABLE `student_profile` DISABLE KEYS */;
INSERT INTO `student_profile` (`id`, `STUDENT_id`, `floor_assignment`, `profile_picture`, `active`, `mobile`, `zipcode`, `city`, `brgy`, `street`, `house_no`, `province`, `email`, `ice_name`, `ice_address`, `ice_contact`, `created_date`) VALUES
	(14, 57, 3, 'profile_2014113844jpg', 0, '09368955866', '3018', 'BOCAUE', 'BUNDUCAN', 'LGONZALES', '489', 'BULACAN', 'jhmvinperello@gmail.com', 'SAMPLE SAMPLE', 'SAMPLE SAMPLE', '09368955866', '2017-09-09 18:37:16'),
	(15, 58, 3, 'profile_58_1505267256.jpg', 0, '09368955866', '3018', 'BOCAUE', 'ASDASDASDASD', 'ASDASDASDA', 'ASDASDASD', 'BULACAN', 'jhmvinperello@gmail.com', 'EWAN KO BA', 'COMPLETE', '09368955866', '2017-09-10 06:45:40'),
	(16, 59, 3, 'NONE', 1, '09368955866', '3018', 'ASDASDASD', 'ASDASDASD', 'ASDASDASDASD', '123', 'ASDASDASDASD', 'jhmvinperello@gmail.com', 'ASDASDASDASD', 'ADDREESS', '09368955866', '2017-09-10 06:58:21'),
	(17, 57, 3, 'profile_2014113844jpg', 0, '09368955866', '3018', 'BOCAUE', 'BUNDUCAN', 'LGONZALES', '489', 'BULACAN', 'jhmvinperello@gmail.com', 'SAMPLE SAMPLE', 'SAMPLE SAMPLEDDDD', '09368955866', '2017-09-13 07:36:52'),
	(18, 57, 3, 'profile_2014113844jpg', 0, '09368955866', '3018', 'BOCAUE', 'BUNDUCAN', 'LGONZALES', '489', 'BULACAN', 'jhmvinperello@gmail.com', 'SAMPLE SAMPLE', 'SAMPLE SAMPLEDDDD', '09368955866', '2017-09-13 07:36:53'),
	(19, 61, 3, 'NONE', 0, NULL, NULL, NULL, NULL, NULL, NULL, NULL, NULL, NULL, NULL, NULL, '2017-09-13 07:38:35'),
	(20, 61, 3, 'NONE', 1, '09368955866', '3018', '123', '13', '123', '123', 'ASDASDASDASD', 'jhmvinperello@gmail.com', 'ASDASDASD', 'ASDASDAS ASDAS', '09368955866', '2017-09-13 07:40:27'),
	(21, 58, 3, 'profile_58_1505267256.jpg', 0, '09368955866', '3018', 'BOCAUE', 'ASDASDASDASD', 'ASDASDASDADDD', 'ASDASDASD', 'BULACAN', 'jhmvinperello@gmail.com', 'EWAN KO BA', 'COMPLETE', '09368955866', '2017-09-13 09:34:54'),
	(22, 58, 3, 'profile_58_1505267256.jpg', 1, '09368955866', '3018', 'BOCAUE', 'ASDASDASDASD', 'ASDASDASDADDDSWAMPLE', 'ASDASDASD', 'BULACAN', 'jhmvinperello@gmail.com', 'EWAN KO BA', 'COMPLETE', '09368955866', '2017-09-13 09:41:16'),
	(23, 57, 3, 'profile_2014113844jpg', 0, '09368955866', '3018', 'BOCAUE', 'BUNDUCAN', 'LGONZALES', '489', 'BULACAN', 'jhmvinperello@gmail.com', 'SAMPLE SAMPLE', 'SAMPLE SAMPLEDDDD', '09368955866', '2017-09-13 15:45:34'),
	(24, 57, 3, 'profile_57_1505725202.jpg', 0, '09368955866', '3018', 'BOCAUE', 'BUNDUCAN', 'LGONZALES', '489', 'BULACAN', 'jhmvinperello@gmail.com', 'ELYSSA JELYN C MERCADO', 'SAMPLE SAMPLEDDDD', '09368955866', '2017-09-13 15:45:46'),
	(25, 57, 3, 'profile_57_1505725202.jpg', 0, '09368955866', '3018', 'BOCAUE', 'BUNDUCAN', 'LGONZALES', '489', 'BULACAN', 'jhmvinperello@gmail.com', 'ELYSSA JELYN C MERCADOD', 'SAMPLE SAMPLEDDDD', '09368955866', '2017-09-18 18:26:49'),
	(26, 57, 3, 'profile_57_1505725202.jpg', 0, '09368955866', '3018', 'BOCAUE', 'BUNDUCAN', 'LGONZALES', '489', 'BULACAN', 'jhmvinperello@gmail.com', 'ELYSSA JELYN C MERCADOD', 'SAMPLE SAMPLEDDDD', '09368955866', '2017-09-18 18:26:55'),
	(27, 57, 3, 'profile_57_1505725202.jpg', 1, '09368955866', '3018', 'BOCAUE', 'BUNDUCAN', 'LGONZALES', '489', 'BULACAN', 'jhmvinperello@gmail.com', 'ELYSSA JELYN C MERCADOD', 'SAMPLE SAMPLEDDDD', '09368955866', '2017-09-18 18:27:09'),
	(28, 58, 3, 'NONE', 1, NULL, NULL, NULL, NULL, NULL, NULL, NULL, NULL, NULL, NULL, NULL, '2017-10-15 19:31:22');
/*!40000 ALTER TABLE `student_profile` ENABLE KEYS */;

-- Dumping structure for table cictems.subject
CREATE TABLE IF NOT EXISTS `subject` (
  `id` int(30) NOT NULL AUTO_INCREMENT,
  `code` varchar(100) COLLATE utf8_unicode_ci DEFAULT NULL,
  `descriptive_title` varchar(100) COLLATE utf8_unicode_ci DEFAULT NULL,
  `lec_units` double DEFAULT '0',
  `lab_units` double DEFAULT '0',
  `type` varchar(50) COLLATE utf8_unicode_ci DEFAULT '1' COMMENT 'MINOR, MAJOR, ELECTIVE, PE, INTERNSHIP, NSTP',
  `subtype` varchar(50) COLLATE utf8_unicode_ci DEFAULT 'NONE' COMMENT 'GRAPHICS, PROGRAMMING, HARDWARE',
  `added_by` int(11) DEFAULT NULL,
  `added_date` datetime DEFAULT CURRENT_TIMESTAMP,
  `updated_by` int(11) DEFAULT NULL,
  `updated_date` datetime DEFAULT NULL,
  `active` int(1) DEFAULT '1',
  PRIMARY KEY (`id`),
  KEY `subject_fk_added_by` (`added_by`),
  KEY `subject_fk_updated_by` (`updated_by`),
  CONSTRAINT `subject_fk_added_by` FOREIGN KEY (`added_by`) REFERENCES `faculty` (`id`),
  CONSTRAINT `subject_fk_updated_by` FOREIGN KEY (`updated_by`) REFERENCES `faculty` (`id`)
) ENGINE=InnoDB AUTO_INCREMENT=294 DEFAULT CHARSET=utf8 COLLATE=utf8_unicode_ci COMMENT='this is the subjects pre requisite are arranged with no order the pre requisite can be assign besides it subject of requisite in the same time\r\n';

-- Dumping data for table cictems.subject: ~163 rows (approximately)
/*!40000 ALTER TABLE `subject` DISABLE KEYS */;
INSERT INTO `subject` (`id`, `code`, `descriptive_title`, `lec_units`, `lab_units`, `type`, `subtype`, `added_by`, `added_date`, `updated_by`, `updated_date`, `active`) VALUES
	(110, 'PSYCH 113', 'GENERAL PSYCHOLOGY', 3, 0, 'MINOR', 'NONE', NULL, '2017-09-09 11:43:45', NULL, NULL, 1),
	(111, 'ENG 113', 'STUDY AND THINKING SKILLS', 3, 0, 'MINOR', 'NONE', NULL, '2017-09-09 11:43:45', NULL, NULL, 1),
	(112, 'FIL 113', 'SINING NG KOMUNIKASYONG PANG-AKADEMIKO', 3, 0, 'MINOR', 'NONE', NULL, '2017-09-09 11:43:45', NULL, NULL, 1),
	(113, 'MATH 113', 'COLLEGE ALGEBRA', 3, 0, 'MINOR', 'NONE', NULL, '2017-09-09 11:43:45', NULL, NULL, 1),
	(114, 'SOCSCI 113', 'PHILIPPINE HISTORY AND GOVERNMENT', 3, 0, 'MINOR', 'NONE', NULL, '2017-09-09 11:43:45', NULL, NULL, 1),
	(115, 'ACT 113', 'ICT FUNDAMENTALS', 3, 0, 'MAJOR', 'NONE', NULL, '2017-09-09 11:43:45', NULL, NULL, 1),
	(116, 'ACT 133', 'FUNDAMENTALS OF PROGRAMMING LANGUAGE', 2, 1, 'MAJOR', 'PROGRAMMING', NULL, '2017-09-09 11:43:45', NULL, NULL, 1),
	(117, 'ACT 153', 'DIGITAL AND LOGIC CIRCUITS', 2, 1, 'MAJOR', 'HARDWARE', NULL, '2017-09-09 11:43:45', NULL, NULL, 1),
	(118, 'PE 112', 'PHYSICAL EDUCATION 1', 2, 0, 'PE', 'NONE', NULL, '2017-09-09 11:43:45', NULL, NULL, 1),
	(119, 'NSTP 1', 'ROTC/LTS/CWTS', 0, 0, 'NSTP', 'NONE', NULL, '2017-09-09 11:43:45', NULL, NULL, 1),
	(120, 'ENG 123', 'ORAL COMMUNICATION', 3, 0, 'MINOR', 'NONE', NULL, '2017-09-09 11:43:45', NULL, NULL, 1),
	(121, 'MATH 123', 'PLANE TRIGONOMETRY', 3, 0, 'MINOR', 'NONE', NULL, '2017-09-09 11:43:45', NULL, NULL, 1),
	(122, 'HUM 123', 'ART APPRECIATION', 3, 0, 'MINOR', 'NONE', NULL, '2017-09-09 11:43:45', NULL, NULL, 1),
	(123, 'FIL 123', 'PAGBASA AT PAGSULAT TUNGO SA PANANALIKSIK', 3, 0, 'MINOR', 'NONE', NULL, '2017-09-09 11:43:45', NULL, NULL, 1),
	(124, 'ACT 103', 'DISCRETE STRUCTURE', 3, 0, 'MINOR', 'NONE', NULL, '2017-09-09 11:43:45', NULL, NULL, 1),
	(126, 'ACT 143', 'DATA STRUCTURE AND ALGORITHM', 2, 1, 'MAJOR', 'NONE', NULL, '2017-09-09 11:43:45', NULL, NULL, 1),
	(127, 'ACT 163', 'COMPUTER HARDWARE FUNDAMENTALS', 1, 2, 'MAJOR', 'HARDWARE', NULL, '2017-09-09 11:43:45', NULL, NULL, 1),
	(128, 'PE 122', 'PHYSICAL EDUCATION II', 2, 0, 'PE', 'NONE', NULL, '2017-09-09 11:43:45', NULL, NULL, 1),
	(129, 'NSTP 2', 'ROTC/LTS/CWTS', 0, 0, 'NSTP', 'NONE', NULL, '2017-09-09 11:43:45', NULL, NULL, 1),
	(130, 'PHILO 213', 'PHILOSOPHY OF MAN', 3, 0, 'MINOR', 'NONE', NULL, '2017-09-09 11:43:45', NULL, NULL, 1),
	(131, 'ENG 213', 'TECHNICAL WRITING FOR ICT', 3, 0, 'MINOR', 'NONE', NULL, '2017-09-09 11:43:45', NULL, NULL, 1),
	(133, 'ACT 233', 'OBJECT ORIENTED PROGRAMMING', 2, 1, 'MAJOR', 'PROGRAMMING', NULL, '2017-09-09 11:43:45', NULL, NULL, 1),
	(134, 'ACT 253', 'MULTIMEDIA AND WEB DESIGN', 2, 1, 'MAJOR', 'GRAPHICS', NULL, '2017-09-09 11:43:45', NULL, NULL, 1),
	(135, 'ACT 273', 'COMPUTER SYSTEM ORGANIZATION', 2, 1, 'MAJOR', 'HARDWARE', NULL, '2017-09-09 11:43:45', NULL, NULL, 1),
	(136, 'ACT 293', 'NETWORK AND COMMUNICATION', 2, 1, 'MAJOR', 'HARDWARE', NULL, '2017-09-09 11:43:45', NULL, NULL, 1),
	(137, 'PE 212', 'PHYSICAL EDUCATION III', 2, 0, 'PE', 'NONE', NULL, '2017-09-09 11:43:45', NULL, NULL, 1),
	(138, 'SOCSCI 223', 'LIFE AND WORKS OF RIZAL', 3, 0, 'MINOR', 'NONE', NULL, '2017-09-09 11:43:45', NULL, NULL, 1),
	(139, 'ACT 203', 'HUMAN COMPUTER INTERACTION', 2, 1, 'MAJOR', 'HARDWARE', NULL, '2017-09-09 11:43:45', NULL, NULL, 1),
	(140, 'ACT 223', 'SYSTEM ANALYSIS, DESIGN AND INTERACTION', 2, 1, 'MAJOR', 'PROGRAMMING', NULL, '2017-09-09 11:43:45', NULL, NULL, 1),
	(141, 'ACT 243', 'CODE OF ETHICS OF THE ITE PROFESSIONALS', 3, 0, 'MAJOR', 'NONE', NULL, '2017-09-09 11:43:45', NULL, NULL, 1),
	(142, 'ACT 263', 'OPERATING SYSTEM PRINCIPLES AND APPLICATIONS', 2, 1, 'MAJOR', 'HARDWARE', NULL, '2017-09-09 11:43:45', NULL, NULL, 1),
	(143, 'ACT 283A', 'WEB APPLICATION DEVELOPMENT', 2, 1, 'MAJOR', 'PROGRAMMING', NULL, '2017-09-09 11:43:45', NULL, NULL, 1),
	(144, 'ACT 283B', 'ELECTIVE 1', 3, 0, 'ELECTIVE', 'NONE', NULL, '2017-09-09 11:43:45', NULL, NULL, 1),
	(145, 'PE 222', 'PHYSICAL EDUCATION IV', 2, 0, 'PE', 'NONE', NULL, '2017-09-09 11:43:45', NULL, NULL, 1),
	(147, 'ACT 123', 'ADVANCED PROGRAMMING LANGUAGE', 2, 1, 'MAJOR', 'PROGRAMMING', NULL, '2017-09-09 11:43:45', NULL, NULL, 1),
	(148, 'ACT 283B', 'ELECTIVE I (PSIT)', 3, 0, 'ELECTIVE', 'NONE', NULL, '2017-09-09 11:43:45', NULL, NULL, 1),
	(149, 'ACT 163', 'COMPUTER HARDWARE FUNDAMENTALS', 2, 1, 'MAJOR', 'HARDWARE', NULL, '2017-09-09 11:43:45', NULL, NULL, 1),
	(150, 'SCI 213', 'ENVIROMENTAL SCIENCE', 3, 0, 'MINOR', 'NONE', NULL, '2017-09-09 11:43:45', NULL, NULL, 1),
	(152, 'ACC 323', 'ACCOUNTING PRINCIPLES', 3, 0, 'MINOR', 'NONE', NULL, '2017-09-09 11:43:45', NULL, NULL, 1),
	(154, 'IT 313', 'COMPUTER PROGRAMMING IV (OBJECT-ORIENTED PROGRAMMING)', 2, 1, 'MAJOR', 'PROGRAMMING', NULL, '2017-09-09 11:43:45', NULL, NULL, 1),
	(156, 'IT 353', 'STRATEGIC MANAGEMENT IN IT', 3, 0, 'MAJOR', 'NONE', NULL, '2017-09-09 11:43:45', NULL, NULL, 1),
	(157, 'IT 373', 'IT ELECTIVE II (ADVANCED WEB APPLICATIONS)', 2, 1, 'MAJOR', 'PROGRAMMING', NULL, '2017-09-09 11:43:45', NULL, NULL, 1),
	(159, 'SCI 323', 'PHYSICAL SCIENCE', 3, 0, 'MINOR', 'NONE', NULL, '2017-09-09 11:43:45', NULL, NULL, 1),
	(160, 'MATH 313', 'PROBABILITY AND STATISTICS', 3, 0, 'MINOR', 'NONE', NULL, '2017-09-09 11:43:45', NULL, NULL, 1),
	(162, 'IT 323', 'COMPUTER PROGRAMMING V (VB.NET)', 2, 1, 'MAJOR', 'PROGRAMMING', NULL, '2017-09-09 11:43:45', NULL, NULL, 1),
	(163, 'IT 343', 'SOFTWARE ENGINEERING', 2, 1, 'MAJOR', 'PROGRAMMING', NULL, '2017-09-09 11:43:45', NULL, NULL, 1),
	(164, 'IT 363', 'NETWORK ADMINISTRATION AND MAINTENANCE', 2, 1, 'MAJOR', 'HARDWARE', NULL, '2017-09-09 11:43:45', NULL, NULL, 1),
	(165, 'IT 383', 'IT ELECTIVE III (NETWORK PROGRAMMING)', 2, 1, 'ELECTIVE', 'PROGRAMMING', NULL, '2017-09-09 11:43:45', NULL, NULL, 1),
	(166, 'CAPS 01', 'CAPSTONE I', 3, 0, 'MAJOR', 'NONE', NULL, '2017-09-09 11:43:45', NULL, NULL, 1),
	(167, 'FREL 02', 'FREE ELECTIVE II (FOREIGN LANGUAGE I)', 3, 0, 'ELECTIVE', 'NONE', NULL, '2017-09-09 11:43:45', NULL, NULL, 1),
	(169, 'CAPS 02', 'CAPSTONE II', 3, 0, 'MAJOR', 'NONE', NULL, '2017-09-09 11:43:45', NULL, NULL, 1),
	(171, 'IT 423', 'INTERNSHIP', 9, 0, 'INTERNSHIP', 'NONE', NULL, '2017-09-09 11:43:45', NULL, NULL, 1),
	(172, 'ACT 213', 'DATABASE MANAGEMENT SYSTEM', 2, 1, 'MAJOR', 'NONE', NULL, '2017-09-09 11:43:45', NULL, NULL, 1),
	(174, 'SCI 313', 'ENVIROMENTAL SVIENCE', 3, 0, 'MINOR', 'NONE', NULL, '2017-09-09 11:43:45', NULL, NULL, 1),
	(175, 'SOCSCI 313', 'POLITICS AND GOVERNANCE WITH PHILIPPINE CONSTITUTIONS', 3, 0, 'MINOR', 'NONE', NULL, '2017-09-09 11:43:45', NULL, NULL, 1),
	(176, 'LIT 313', 'PHILIPPINE LITERATURE', 3, 0, 'MINOR', 'NONE', NULL, '2017-09-09 11:43:45', NULL, NULL, 1),
	(177, 'IT 333', 'ADVANCED DATABASE MANAGEMENT SYSTEM', 2, 1, 'MAJOR', 'NONE', NULL, '2017-09-09 11:43:45', NULL, NULL, 1),
	(179, 'FREL 01', 'FREE ELECTIVE I (INSPECTION TRIPS AND SEMINARS)', 3, 0, 'ELECTIVE', 'NONE', NULL, '2017-09-09 11:43:45', NULL, NULL, 1),
	(180, 'SOCSCI 323', 'ECONOMICS (WITH TAXATION AND AGRARIAN REFORM)', 3, 0, 'MINOR', 'NONE', NULL, '2017-09-09 11:43:45', NULL, NULL, 1),
	(186, 'IT 413', 'IT ELECTIVE IV (WIRELESS AND MOBILE COMPUTING)', 2, 1, 'ELECTIVE', 'PROGRAMMING', NULL, '2017-09-09 11:43:45', NULL, NULL, 1),
	(188, 'FREL 03', 'FREE ELECTIVE III (FOREIGN LANGUAGE II)', 3, 0, 'ELECTIVE', 'NONE', NULL, '2017-09-09 11:43:45', NULL, NULL, 1),
	(190, 'COMP 113', 'FUNDAMENTALS OF INFORMATION TECHNOLOGY', 2, 1, 'MAJOR', 'NONE', NULL, '2017-09-09 11:43:45', NULL, NULL, 1),
	(191, 'IT 113', 'COMPUTER PROGRAMMING 1', 2, 1, 'MAJOR', 'PROGRAMMING', NULL, '2017-09-09 11:43:45', NULL, NULL, 1),
	(192, 'IT 133', 'DIGITAL ELECTRONICS AND LOGIC DESIGN', 2, 1, 'MAJOR', 'HARDWARE', NULL, '2017-09-09 11:43:45', NULL, NULL, 1),
	(193, 'SCI 113', 'ENVIROMENTAL SCIENCE', 3, 0, 'MINOR', 'NONE', NULL, '2017-09-09 11:43:45', NULL, NULL, 1),
	(194, 'ENG 113', 'COMMUNICATION SKILLS 1', 3, 0, 'MINOR', 'NONE', NULL, '2017-09-09 11:43:45', NULL, NULL, 1),
	(196, 'PE 112', 'SELF-TESTING ACTIVITIES', 2, 0, 'PE', 'NONE', NULL, '2017-09-09 11:43:45', NULL, NULL, 1),
	(197, 'COMP 123', 'INTEGRATED APPLICATION SOFTWARE', 2, 1, 'MAJOR', 'GRAPHICS', NULL, '2017-09-09 11:43:45', NULL, NULL, 1),
	(198, 'IT 123', 'COMPUTER PROGRAMMING 2', 2, 1, 'MAJOR', 'PROGRAMMING', NULL, '2017-09-09 11:43:45', NULL, NULL, 1),
	(199, 'IT 143', 'COMPUTER ORGANIZATION & MICROCOMPUTER TECHNOLOGY', 2, 1, 'MAJOR', 'PROGRAMMING', NULL, '2017-09-09 11:43:45', NULL, NULL, 1),
	(200, 'SCI 124', 'PHYSICAL SCIENVE', 3, 0, 'MINOR', 'NONE', NULL, '2017-09-09 11:43:45', NULL, NULL, 1),
	(201, 'FIL 123', 'PANITIKANG FILIPINO', 3, 0, 'MINOR', 'NONE', NULL, '2017-09-09 11:43:45', NULL, NULL, 1),
	(202, 'ACT 223', 'SYSTEM ANALYSIS, DESIGN AND PROTOTYPING', 3, 0, 'MAJOR', 'NONE', NULL, '2017-09-23 11:03:02', NULL, NULL, 1),
	(203, 'FIL 113', 'SINING NG KOMUNIKASYON', 3, 0, 'MINOR', 'NONE', NULL, '2017-09-23 18:15:52', NULL, NULL, 1),
	(204, 'SCI 123', 'PHYSICAL SCIENCE', 3, 0, 'MINOR', 'NONE', NULL, '2017-09-23 18:20:49', NULL, NULL, 1),
	(205, 'PSYCHO 123', 'GENERAL PSYCHOLOGY', 3, 0, 'MINOR', 'NONE', NULL, '2017-09-23 18:25:23', NULL, NULL, 1),
	(206, 'PE 122', 'TEAM SPORTS', 2, 0, 'PE', 'NONE', NULL, '2017-09-23 18:26:20', NULL, NULL, 1),
	(207, 'IT 213', 'MULTIMEDIA 1', 2, 1, 'MAJOR', 'GRAPHICS', NULL, '2017-09-23 18:28:21', NULL, NULL, 1),
	(208, 'IT 233', 'COMPUTER PROGRAMMING 3 (JAVA)', 2, 1, 'MAJOR', 'PROGRAMMING', NULL, '2017-09-23 18:29:04', NULL, NULL, 1),
	(209, 'IT 253', 'COMPUTER PROGRAMMING 4 (VB.NET)', 2, 1, 'MAJOR', 'PROGRAMMING', NULL, '2017-09-23 18:30:04', NULL, NULL, 1),
	(210, 'IT 273', 'INTRODUCTION TO DBMS', 2, 1, 'MAJOR', 'NONE', NULL, '2017-09-23 18:30:40', NULL, NULL, 1),
	(211, 'IT 293', 'DISCRETE STRUCTURES', 3, 0, 'MAJOR', 'NONE', NULL, '2017-09-23 18:31:27', NULL, NULL, 1),
	(212, 'ENG 213', 'COMMUNICATIONS FOR INFORMATION TECHNOLOGY', 3, 0, 'MINOR', 'NONE', NULL, '2017-09-23 18:32:14', NULL, NULL, 1),
	(213, 'SOCSCI 213', 'POLITICS AND GOVERNANCE WITH PHILIPPINE CONSTITUTION', 3, 0, 'MINOR', 'NONE', NULL, '2017-09-23 18:33:17', NULL, NULL, 1),
	(214, 'LIT 213', 'PHILIPPINE LITERATURE', 3, 0, 'MINOR', 'NONE', NULL, '2017-09-23 18:33:49', NULL, NULL, 1),
	(215, 'PE 212', 'INDIVIDUAL SPORTS', 2, 0, 'PE', 'NONE', NULL, '2017-09-23 18:34:21', NULL, NULL, 1),
	(216, 'IT 223', 'COMPUTER PROGRAMMING 5', 2, 1, 'MAJOR', 'PROGRAMMING', NULL, '2017-09-23 18:35:11', NULL, NULL, 1),
	(217, 'IT 243', 'DATABASE MANAGEMENT SYSTEM 2', 2, 1, 'MAJOR', 'NONE', NULL, '2017-09-23 18:35:41', NULL, NULL, 1),
	(218, 'IT 263', 'NETWORKS AND COMMUNICATIONS', 2, 1, 'MAJOR', 'NONE', NULL, '2017-09-23 18:36:23', NULL, NULL, 1),
	(219, 'IT 283', 'STRATEGIC MANAGEMENT IN INFORMATION TECHNOLOGY', 3, 0, 'MAJOR', 'NONE', NULL, '2017-09-23 18:37:08', NULL, NULL, 1),
	(220, 'ACC 223', 'ACCOUNTING PRINCIPLES', 3, 0, 'MINOR', 'NONE', NULL, '2017-09-23 18:37:39', NULL, NULL, 1),
	(221, 'SOCSCI 223', 'ECONOMICS (WITH TAXATION AND & AGRARIAN REFORM)', 3, 0, 'MINOR', 'NONE', NULL, '2017-09-23 18:38:47', NULL, NULL, 1),
	(223, 'MATH 223', 'PROBABILITY AND STATISTICS', 3, 0, 'MINOR', 'NONE', NULL, '2017-09-23 18:44:44', NULL, NULL, 1),
	(224, 'PHILO 223', 'LOGIC', 3, 0, 'MINOR', 'NONE', NULL, '2017-09-23 18:45:09', NULL, NULL, 1),
	(225, 'PE 222', 'RECREATIONAL & OUTDOOR ACTIVITIES', 2, 0, 'PE', 'NONE', NULL, '2017-09-23 18:46:13', NULL, NULL, 1),
	(226, 'IT 313', 'SYSTEM ANALYSIS DESIGN', 2, 1, 'MAJOR', 'NONE', NULL, '2017-09-23 19:14:24', NULL, NULL, 1),
	(227, 'IT 333', 'OPERATING SYSTEM CONCEPT AND APPLICATION', 2, 1, 'MAJOR', 'NONE', NULL, '2017-09-23 19:15:06', NULL, NULL, 1),
	(228, 'IT 353', 'MULTIMEDIA 2', 2, 1, 'MAJOR', 'GRAPHICS', NULL, '2017-09-23 19:15:30', NULL, NULL, 1),
	(229, 'IT 373', 'ELECTIVE 1 (NETWORK ADMINISTRATION AND MAINTENANCE)', 2, 1, 'ELECTIVE', 'NONE', NULL, '2017-09-23 19:16:21', NULL, NULL, 1),
	(230, 'IT 393', 'WEB SYSTEMS AND TECHNOLOGIES', 2, 1, 'MAJOR', 'NONE', NULL, '2017-09-23 19:17:13', NULL, NULL, 1),
	(231, 'FREL 01', '(FREE ELECTIVE 1) BASIC PHOTOGRAPHY', 3, 0, 'ELECTIVE', 'NONE', NULL, '2017-09-23 19:18:04', NULL, NULL, 1),
	(232, 'HUM 313', 'ART APPRECIATION', 3, 0, 'MINOR', 'NONE', NULL, '2017-09-23 19:18:48', NULL, NULL, 1),
	(233, 'SOCSCI 313', 'RIZAL\'S LIFE, WORKS AND WRITING', 3, 0, 'MINOR', 'NONE', NULL, '2017-09-23 19:20:57', NULL, NULL, 1),
	(234, 'IT 323', 'SOFTWARE ENGINEERING', 2, 1, 'MAJOR', 'NONE', NULL, '2017-09-23 19:53:46', NULL, NULL, 1),
	(235, 'IT 343', 'ELECTIVE 2 (NETWORK PROGRAMMING', 2, 1, 'MAJOR', 'PROGRAMMING', NULL, '2017-09-23 19:54:41', NULL, NULL, 1),
	(236, 'IT 363', 'ELECTIVE 3 (WIRELESS AND MOBILE COMPUTING)', 2, 1, 'MAJOR', 'PROGRAMMING', NULL, '2017-09-23 19:55:21', NULL, NULL, 1),
	(237, 'IT 383', 'WEB APPLICATIONS DEVELOPMENT', 2, 1, 'MAJOR', 'PROGRAMMING', NULL, '2017-09-23 19:55:56', NULL, NULL, 1),
	(238, 'IT 303', 'PROFESSIONAL ETHICS', 2, 1, 'MAJOR', 'NONE', NULL, '2017-09-23 19:56:38', NULL, NULL, 1),
	(239, 'FREL 02', '(FREE ELECTIVE 2) SEMINARS AND FIELD TRIPS', 2, 1, 'ELECTIVE', 'NONE', NULL, '2017-09-23 19:57:21', NULL, NULL, 1),
	(240, 'RES 323', 'RESEARCH METHODOLOGIES', 2, 1, 'MAJOR', 'NONE', NULL, '2017-09-23 19:58:02', NULL, NULL, 1),
	(241, 'SOCSCI 323', 'SOCIETY AND CULTURE', 3, 0, 'MINOR', 'NONE', NULL, '2017-09-23 19:58:54', NULL, NULL, 1),
	(242, 'IT 413', 'TECHNOPRENEURSHIP (CAPSTONE PROJECT)', 3, 0, 'CAPSTONE', 'NONE', NULL, '2017-09-23 20:02:35', NULL, NULL, 1),
	(243, 'IT 443', 'ELECTIVE 4 (SOFTWARE ENGINEERING FOR EMBEDDED SYSTEMS)', 3, 0, 'ELECTIVE', 'NONE', NULL, '2017-09-23 20:03:29', NULL, NULL, 1),
	(244, 'FREL 03', 'FREE ELECTIVE 3 (FOREIGN LANGUAGE)', 3, 0, 'ELECTIVE', 'NONE', NULL, '2017-09-23 20:04:23', NULL, NULL, 1),
	(245, 'TECH 133', 'OPERATING SYSTEM CONCEPT AND FUNDAMENTALS', 3, 0, 'MAJOR', 'NONE', NULL, '2017-09-23 20:58:20', NULL, NULL, 1),
	(246, 'TECH 113', 'LOGIC CIRCUIT OPERATION AND ANALYSIS', 3, 0, 'MAJOR', 'NONE', NULL, '2017-09-23 20:58:54', NULL, NULL, 1),
	(247, 'COMP 113', 'COMPUTER CONCEPTS AND BASIC SOFTWARE APPLICATIONS', 3, 0, 'MAJOR', 'NONE', NULL, '2017-09-23 20:59:48', NULL, NULL, 1),
	(248, 'BSP 113', 'BASIC SHOP PRACTICE I (ELECTRONICS)', 2, 1, 'MAJOR', 'HARDWARE', NULL, '2017-09-23 21:00:42', NULL, NULL, 1),
	(249, 'DRAW 111', 'DRAWING I', 1, 0, 'MINOR', 'NONE', NULL, '2017-09-23 21:01:21', NULL, NULL, 1),
	(250, 'ENGL 113', 'COMMUNICATION SKILLS', 3, 0, 'MINOR', 'NONE', NULL, '2017-09-23 21:02:08', NULL, NULL, 1),
	(251, 'PSYCHO 113', 'GENERAL PSYCHOLOGY', 3, 0, 'MINOR', 'NONE', NULL, '2017-09-23 21:02:49', NULL, NULL, 1),
	(252, 'MATH 113', 'INDUSTRIAL MATH', 3, 0, 'MINOR', 'NONE', NULL, '2017-09-23 21:03:11', NULL, NULL, 1),
	(253, 'COMP 123', 'BASIC WEB PAGE DEVELOPMENT', 2, 1, 'MAJOR', 'NONE', NULL, '2017-09-23 21:05:24', NULL, NULL, 1),
	(254, 'TECH 143', 'COMPUTER PROGRAMMING I', 2, 1, 'MAJOR', 'PROGRAMMING', NULL, '2017-09-23 21:05:49', NULL, NULL, 1),
	(255, 'EC 123', 'ENTREPRENEURSHIP AND COOPERATIVE', 3, 0, 'MINOR', 'NONE', NULL, '2017-09-23 21:06:21', NULL, NULL, 1),
	(256, 'DRAW 121', 'DRAWING II', 1, 0, 'MINOR', 'NONE', NULL, '2017-09-23 21:09:54', NULL, NULL, 1),
	(257, 'ENGL 123', 'ORAL COMMUNICATION', 3, 0, 'MINOR', 'NONE', NULL, '2017-09-23 21:10:39', NULL, NULL, 1),
	(258, 'MATH 123', 'COLLEGE ALGEBRA', 3, 0, 'MINOR', 'NONE', NULL, '2017-09-23 21:11:14', NULL, NULL, 1),
	(259, 'SCIENCE 123', 'PHYSICAL SCIENCE I', 3, 0, 'MINOR', 'NONE', NULL, '2017-09-23 21:11:48', NULL, NULL, 1),
	(260, 'TECH 213', 'WIRELESS COMMUNICATION SYSTEMS AND DEVICES', 2, 1, 'MAJOR', 'HARDWARE', NULL, '2017-09-23 21:16:11', NULL, NULL, 1),
	(261, 'TECH 233', 'SYSTEM CONFIGURATION AND UTILITIES', 2, 1, 'MAJOR', 'HARDWARE', NULL, '2017-09-23 21:17:03', NULL, NULL, 1),
	(262, 'TECH 214', 'COMPUTER SERVICING AND MAINTENANCE & POWER SUPPLY', 1, 3, 'MAJOR', 'HARDWARE', NULL, '2017-09-23 21:17:57', NULL, NULL, 1),
	(263, 'TECH 273', 'COMPUTER MONITOR SERVICE AND REPAIR', 2, 1, 'MAJOR', 'HARDWARE', NULL, '2017-09-23 21:18:38', NULL, NULL, 1),
	(264, 'TECH 293', 'BASIC NETWORK ADMINISTRATION', 3, 0, 'MAJOR', 'NONE', NULL, '2017-09-23 21:19:27', NULL, NULL, 1),
	(265, 'TECH 253', 'MIS & DATABASE ORGANIZATION', 3, 0, 'MAJOR', 'NONE', NULL, '2017-09-23 21:20:13', NULL, NULL, 1),
	(266, 'TECH 22', 'IN-PLANT TRAINING', 6, 6, 'INTERNSHIP', 'NONE', NULL, '2017-09-23 21:25:31', NULL, NULL, 1),
	(267, 'TECH 333', 'COMPUTER PROGRAMMING II', 2, 1, 'MAJOR', 'PROGRAMMING', NULL, '2017-09-23 22:09:00', NULL, NULL, 1),
	(268, 'TECH 313', 'EMBEDDED SYSTEMS', 2, 1, 'MAJOR', 'HARDWARE', NULL, '2017-09-23 22:09:31', NULL, NULL, 1),
	(269, 'ENGL 313', 'TECHNICAL WRITING & REPORTING', 3, 0, 'MINOR', 'NONE', NULL, '2017-09-23 22:10:19', NULL, NULL, 1),
	(270, 'FIL 313', 'SINING NG PAKIKIPAGTALASTASAN', 3, 0, 'MINOR', 'NONE', NULL, '2017-09-23 22:11:40', NULL, NULL, 1),
	(271, 'MATH 313', 'STATISTICS', 3, 0, 'MINOR', 'NONE', NULL, '2017-09-23 22:13:03', NULL, NULL, 1),
	(272, 'SCIENCE 313', 'BIOLOGICAL SCIENCE', 3, 0, 'MINOR', 'NONE', NULL, '2017-09-23 22:13:31', NULL, NULL, 1),
	(273, 'HUM 313', 'HUMANITIES', 3, 0, 'MINOR', 'NONE', NULL, '2017-09-23 22:13:53', NULL, NULL, 1),
	(274, 'SOC SCI 333', 'POLITICS & GOV. W/ PHIL. CONSTITUTION', 3, 0, 'MINOR', 'NONE', NULL, '2017-09-23 22:14:51', NULL, NULL, 1),
	(275, 'PE 312', 'RECREATIONAL ACTIVITIES', 2, 0, 'PE', 'NONE', NULL, '2017-09-23 22:15:32', NULL, NULL, 1),
	(276, 'TECH 323', 'ADVANCED MULTIMEDIA', 2, 1, 'MAJOR', 'GRAPHICS', NULL, '2017-09-23 22:17:14', NULL, NULL, 1),
	(277, 'TECH 324', 'ADVANCED NETWORK ADMINISTRATION', 2, 2, 'MAJOR', 'NONE', NULL, '2017-09-23 22:18:02', NULL, NULL, 1),
	(278, 'TECH 423', 'ELECTIVE (ADVANCED HARDWARE TECHNOLOGY)', 3, 0, 'ELECTIVE', 'NONE', NULL, '2017-09-23 22:19:09', NULL, NULL, 1),
	(279, 'FIL 323', 'PANITIKANG PILIPINO', 3, 0, 'MINOR', 'NONE', NULL, '2017-09-23 22:19:36', NULL, NULL, 1),
	(280, 'SCIENCE 323', 'ENVIRONMENTAL SCIENCE', 3, 0, 'MINOR', 'NONE', NULL, '2017-09-23 22:20:04', NULL, NULL, 1),
	(281, 'SOC SCI 323', 'BASIC ECONOMICS W/ TAXATION & AGRARIAN REFORM', 3, 0, 'MINOR', 'NONE', NULL, '2017-09-23 22:20:50', NULL, NULL, 1),
	(282, 'ENGL 323', 'PHILIPPINE LITERATURE', 3, 0, 'MINOR', 'NONE', NULL, '2017-09-23 22:21:21', NULL, NULL, 1),
	(283, 'RES 313', 'FUNDAMENTALS OF RESEARCH', 3, 0, 'MAJOR', 'NONE', NULL, '2017-09-23 22:22:06', NULL, NULL, 1),
	(284, 'TECH 311', 'INSPECTION TRIPS AND SEMINAR', 1, 0, 'MAJOR', 'NONE', NULL, '2017-09-23 22:23:12', NULL, NULL, 1),
	(285, 'TECH 413', 'COMPUTER PROGRAMMING III', 2, 1, 'MAJOR', 'PROGRAMMING', NULL, '2017-09-23 22:26:26', NULL, NULL, 1),
	(286, 'TECH 433', 'PROJECT DESIGN', 3, 0, 'MAJOR', 'NONE', NULL, '2017-09-23 22:27:03', NULL, NULL, 1),
	(287, 'ENGL 413', 'WORLD LITERATURE', 3, 0, 'MINOR', 'NONE', NULL, '2017-09-23 22:27:35', NULL, NULL, 1),
	(288, 'SOC SCI 433', 'PHILIPPINE HISTORY', 3, 0, 'MINOR', 'NONE', NULL, '2017-09-23 22:28:17', NULL, NULL, 1),
	(289, 'MGT 413', 'PERSONNEL MANAGEMENT', 3, 0, 'MINOR', 'NONE', NULL, '2017-09-23 22:28:52', NULL, NULL, 1),
	(290, 'RIZAL 413', 'LIFE AND WORKS OF RIZAL', 3, 0, 'MINOR', 'NONE', NULL, '2017-09-23 22:29:28', NULL, NULL, 1),
	(291, 'PHILO 323', 'PHILOSOPHY OF MAN', 3, 0, 'MINOR', 'NONE', NULL, '2017-09-23 22:29:55', NULL, NULL, 1),
	(292, 'SOC SCI 413', 'SOCIETY AND CULTURE', 3, 0, 'MINOR', 'NONE', NULL, '2017-09-23 22:31:03', NULL, NULL, 1),
	(293, 'TECH 42', 'IN-PLANT TRAINING', 6, 6, 'INTERNSHIP', 'NONE', NULL, '2017-09-23 22:31:49', NULL, NULL, 1);
/*!40000 ALTER TABLE `subject` ENABLE KEYS */;

-- Dumping structure for table cictems.system_override_logs
CREATE TABLE IF NOT EXISTS `system_override_logs` (
  `id` int(11) NOT NULL AUTO_INCREMENT,
  `category` varchar(50) COLLATE utf8_unicode_ci DEFAULT NULL,
  `description` varchar(50) COLLATE utf8_unicode_ci DEFAULT NULL,
  `executed_by` int(11) DEFAULT NULL,
  `executed_date` datetime DEFAULT CURRENT_TIMESTAMP,
  `academic_term` int(11) DEFAULT NULL,
  `conforme` varchar(50) COLLATE utf8_unicode_ci DEFAULT NULL,
  `conforme_type` varchar(50) COLLATE utf8_unicode_ci DEFAULT NULL,
  `conforme_id` int(11) DEFAULT NULL,
  `active` int(11) DEFAULT '1',
  PRIMARY KEY (`id`)
) ENGINE=InnoDB AUTO_INCREMENT=8 DEFAULT CHARSET=utf8 COLLATE=utf8_unicode_ci;

-- Dumping data for table cictems.system_override_logs: ~3 rows (approximately)
/*!40000 ALTER TABLE `system_override_logs` DISABLE KEYS */;
INSERT INTO `system_override_logs` (`id`, `category`, `description`, `executed_by`, `executed_date`, `academic_term`, `conforme`, `conforme_type`, `conforme_id`, `active`) VALUES
	(4, 'EVALUATION', 'INTERNSHIP_WITH_OTHERS', 2, '2017-10-04 20:21:42', 11, 'PERELLO, JHON MELVIN NIETO', 'STUDENT', 57, 1),
	(5, 'EVALUATION', 'BYPASSED_PRE_REQUISITES', 2, '2017-10-04 20:22:03', 11, 'PERELLO, JHON MELVIN NIETO', 'STUDENT', 57, 1),
	(6, 'EVALUATION', 'EXCEED_MAX_UNITS', 2, '2017-10-04 20:22:17', 11, 'PERELLO, JHON MELVIN NIETO', 'STUDENT', 57, 1),
	(7, 'EVALUATION', 'INTERN_GRADE_REQUIREMENT', 2, '2017-10-04 20:22:52', 11, 'PERELLO, JHON MELVIN NIETO', 'STUDENT', 57, 1);
/*!40000 ALTER TABLE `system_override_logs` ENABLE KEYS */;

-- Dumping structure for table cictems.system_variables
CREATE TABLE IF NOT EXISTS `system_variables` (
  `id` int(11) NOT NULL AUTO_INCREMENT,
  `name` varchar(50) COLLATE utf8_unicode_ci NOT NULL DEFAULT 'NONE',
  `value` varchar(300) COLLATE utf8_unicode_ci NOT NULL DEFAULT 'NONE',
  `created_by` int(11) DEFAULT NULL,
  `created_date` datetime NOT NULL DEFAULT CURRENT_TIMESTAMP,
  `updated_by` int(11) DEFAULT NULL,
  `updated_date` datetime DEFAULT NULL,
  `active` int(11) NOT NULL DEFAULT '1',
  PRIMARY KEY (`id`),
  UNIQUE KEY `name` (`name`)
) ENGINE=InnoDB AUTO_INCREMENT=3 DEFAULT CHARSET=utf8 COLLATE=utf8_unicode_ci;

-- Dumping data for table cictems.system_variables: ~1 rows (approximately)
/*!40000 ALTER TABLE `system_variables` DISABLE KEYS */;
INSERT INTO `system_variables` (`id`, `name`, `value`, `created_by`, `created_date`, `updated_by`, `updated_date`, `active`) VALUES
	(1, 'REGISTRAR', 'LEILANIE M. LIZARDO', NULL, '2017-10-03 17:33:32', NULL, NULL, 1),
	(2, 'RECOMMENDING_APPROVAL', 'ENGR. NOEMI P. REYES', NULL, '2017-10-03 17:33:51', NULL, NULL, 1);
/*!40000 ALTER TABLE `system_variables` ENABLE KEYS */;

/*!40101 SET SQL_MODE=IFNULL(@OLD_SQL_MODE, '') */;
/*!40014 SET FOREIGN_KEY_CHECKS=IF(@OLD_FOREIGN_KEY_CHECKS IS NULL, 1, @OLD_FOREIGN_KEY_CHECKS) */;
/*!40101 SET CHARACTER_SET_CLIENT=@OLD_CHARACTER_SET_CLIENT */;
