-- --------------------------------------------------------
-- Host:                         127.0.0.1
-- Server version:               10.1.21-MariaDB - mariadb.org binary distribution
-- Server OS:                    Win32
-- HeidiSQL Version:             9.4.0.5125
-- --------------------------------------------------------

/*!40101 SET @OLD_CHARACTER_SET_CLIENT=@@CHARACTER_SET_CLIENT */;
/*!40101 SET NAMES utf8 */;
/*!50503 SET NAMES utf8mb4 */;
/*!40014 SET @OLD_FOREIGN_KEY_CHECKS=@@FOREIGN_KEY_CHECKS, FOREIGN_KEY_CHECKS=0 */;
/*!40101 SET @OLD_SQL_MODE=@@SQL_MODE, SQL_MODE='NO_AUTO_VALUE_ON_ZERO' */;


-- Dumping database structure for cictems
CREATE DATABASE IF NOT EXISTS `cictems` /*!40100 DEFAULT CHARACTER SET utf8 COLLATE utf8_unicode_ci */;
USE `cictems`;

-- Dumping structure for table cictems.academic_program
CREATE TABLE IF NOT EXISTS `academic_program` (
  `id` int(30) NOT NULL AUTO_INCREMENT,
  `code` varchar(50) COLLATE utf8_unicode_ci DEFAULT NULL,
  `name` varchar(50) COLLATE utf8_unicode_ci DEFAULT NULL,
  `floor_assignment` int(11) DEFAULT NULL,
  `created_date` datetime DEFAULT CURRENT_TIMESTAMP,
  `created_by` int(11) DEFAULT NULL,
  `removed_date` datetime DEFAULT NULL,
  `removed_by` int(11) DEFAULT NULL,
  `implemented` tinyint(4) DEFAULT '0',
  `implementation_date` datetime DEFAULT NULL,
  `implemented_by` int(11) DEFAULT NULL,
  `active` int(11) DEFAULT '1',
  PRIMARY KEY (`id`),
  KEY `created_by` (`created_by`),
  KEY `implemented_by` (`implemented_by`),
  KEY `removed` (`removed_by`),
  CONSTRAINT `created_by` FOREIGN KEY (`created_by`) REFERENCES `faculty` (`id`),
  CONSTRAINT `implemented_by` FOREIGN KEY (`implemented_by`) REFERENCES `faculty` (`id`),
  CONSTRAINT `removed` FOREIGN KEY (`removed_by`) REFERENCES `faculty` (`id`)
) ENGINE=InnoDB AUTO_INCREMENT=8 DEFAULT CHARSET=utf8 COLLATE=utf8_unicode_ci;

-- Dumping data for table cictems.academic_program: ~3 rows (approximately)
/*!40000 ALTER TABLE `academic_program` DISABLE KEYS */;
INSERT INTO `academic_program` (`id`, `code`, `name`, `floor_assignment`, `created_date`, `created_by`, `removed_date`, `removed_by`, `implemented`, `implementation_date`, `implemented_by`, `active`) VALUES
	(4, 'ACT', 'ASSOCIATE IN COMPUTER TECHNOLOGY', NULL, '2017-09-06 10:26:29', 4, NULL, NULL, 0, NULL, NULL, 1),
	(5, 'BSIT', 'BACHELOR OF SCIENCE IN INFORMATION TECHNOLOGY', NULL, '2017-09-06 12:14:05', 4, NULL, NULL, 0, NULL, NULL, 1),
	(7, 'BITCT', 'BACHELOR IN INDUSTRIAL TECHNOLOGY', NULL, '2017-09-23 20:53:13', 3, NULL, NULL, 0, NULL, NULL, 1);
/*!40000 ALTER TABLE `academic_program` ENABLE KEYS */;

-- Dumping structure for table cictems.academic_term
CREATE TABLE IF NOT EXISTS `academic_term` (
  `id` int(11) NOT NULL AUTO_INCREMENT,
  `school_year` varchar(50) COLLATE utf8_unicode_ci DEFAULT NULL,
  `semester` varchar(50) COLLATE utf8_unicode_ci DEFAULT NULL,
  `semester_regular` int(11) DEFAULT NULL,
  `current` int(11) DEFAULT '0',
  `evaluation_service` int(11) DEFAULT '0',
  `adding_service` int(11) DEFAULT '0',
  `encoding_service` int(11) DEFAULT '0',
  `type` varchar(50) COLLATE utf8_unicode_ci DEFAULT 'REGULAR',
  `approval_state` varchar(50) COLLATE utf8_unicode_ci DEFAULT 'PENDING',
  `active` int(11) DEFAULT '1',
  PRIMARY KEY (`id`)
) ENGINE=InnoDB AUTO_INCREMENT=14 DEFAULT CHARSET=utf8 COLLATE=utf8_unicode_ci;

-- Dumping data for table cictems.academic_term: ~13 rows (approximately)
/*!40000 ALTER TABLE `academic_term` DISABLE KEYS */;
INSERT INTO `academic_term` (`id`, `school_year`, `semester`, `semester_regular`, `current`, `evaluation_service`, `adding_service`, `encoding_service`, `type`, `approval_state`, `active`) VALUES
	(1, '2014-2015', 'FIRST SEMESTER', 1, 0, 0, 0, 0, 'REGULAR', 'ACCEPTED', 1),
	(2, '2014-2015', 'SECOND SEMESTER', 2, 0, 0, 0, 0, 'REGULAR', 'ACCEPTED', 1),
	(3, '2014-2015', 'SUMMER', 0, 0, 0, 0, 0, 'SUMMER', 'ACCEPTED', 1),
	(4, '2015-2016', 'FIRST SEMESTER', 1, 0, 0, 0, 0, 'REGULAR', 'ACCEPTED', 1),
	(5, '2015-2016', 'SECOND SEMESTER', 2, 0, 0, 0, 0, 'REGULAR', 'ACCEPTED', 1),
	(6, '2015-2016', 'FIRST SUMMER', 0, 0, 0, 0, 0, 'SUMMER', 'ACCEPTED', 1),
	(7, '2015-2016', 'SECOND SUMMER', 0, 0, 0, 0, 0, 'SUMMER', 'ACCEPTED', 1),
	(8, '2016-2017', 'FIRST SEMESTER', 1, 0, 0, 0, 0, 'REGULAR', 'ACCEPTED', 1),
	(9, '2016-2017', 'SECOND SEMESTER', 2, 0, 0, 0, 0, 'REGULAR', 'ACCEPTED', 1),
	(10, '2016-2017', 'MIDYEAR', 0, 0, 0, 0, 0, 'MIDYEAR', 'ACCEPTED', 1),
	(11, '2017-2018', 'FIRST SEMESTER', 1, 1, 1, 1, 1, 'REGULAR', 'ACCEPTED', 1),
	(12, '2017-2018', 'SECOND SEMESTER', 2, 0, 0, 0, 0, 'REGULAR', 'ACCEPTED', 1),
	(13, '2018-2019', 'FIRST SEMESTER', 1, 0, 0, 0, 0, 'REGULAR', 'PENDING', 1);
/*!40000 ALTER TABLE `academic_term` ENABLE KEYS */;

-- Dumping structure for table cictems.account_faculty
CREATE TABLE IF NOT EXISTS `account_faculty` (
  `id` int(11) NOT NULL AUTO_INCREMENT,
  `FACULTY_id` int(11) DEFAULT NULL,
  `username` varchar(50) COLLATE utf8_unicode_ci DEFAULT NULL,
  `password` varchar(150) COLLATE utf8_unicode_ci DEFAULT NULL,
  `transaction_pin` varchar(150) COLLATE utf8_unicode_ci DEFAULT NULL,
  `recovery_question` varchar(50) COLLATE utf8_unicode_ci DEFAULT NULL,
  `recovery_answer` varchar(150) COLLATE utf8_unicode_ci DEFAULT NULL,
  `access_level` varchar(200) COLLATE utf8_unicode_ci DEFAULT NULL,
  `blocked_count` int(11) DEFAULT '0',
  `disabled_since` datetime DEFAULT NULL,
  `wrong_count` int(11) DEFAULT '0',
  `blocked_until` datetime DEFAULT NULL,
  `active` int(11) DEFAULT '1',
  PRIMARY KEY (`id`),
  KEY `account_faculty_fk_from_faculty_id` (`FACULTY_id`),
  CONSTRAINT `account_faculty_fk_from_faculty_id` FOREIGN KEY (`FACULTY_id`) REFERENCES `faculty` (`id`)
) ENGINE=InnoDB AUTO_INCREMENT=16 DEFAULT CHARSET=utf8 COLLATE=utf8_unicode_ci;

-- Dumping data for table cictems.account_faculty: ~4 rows (approximately)
/*!40000 ALTER TABLE `account_faculty` DISABLE KEYS */;
INSERT INTO `account_faculty` (`id`, `FACULTY_id`, `username`, `password`, `transaction_pin`, `recovery_question`, `recovery_answer`, `access_level`, `blocked_count`, `disabled_since`, `wrong_count`, `blocked_until`, `active`) VALUES
	(1, 1, 'jhmvin', 'ba3253876aed6bc22d4a6ff53d8406c6ad864195ed144ab5c87621b6c233b548baeae6956df346ec8c17f5ea10f35ee3cbc514797ed7ddd3145464e2a0bab413', '263fec58861449aacc1c328a4aff64aff4c62df4a2d50b3f207fa89b6e242c9aa778e7a8baeffef85b6ca6d2e7dc16ff0a760d59c13c238f6bcdc32f8ce9cc62', 'What Is your favorite book?', '12fbe8ac39c5d5060777290378e424d778d4b18fb3ddc2254bf14c91a912e810b8c8d5d85c9ad4540b0b7ded25b27224571043350a9f69538f587a2fff10c2a0', 'ADMINISTRATOR', 0, NULL, 0, NULL, 1),
	(2, 2, 'evelyn', 'ba3253876aed6bc22d4a6ff53d8406c6ad864195ed144ab5c87621b6c233b548baeae6956df346ec8c17f5ea10f35ee3cbc514797ed7ddd3145464e2a0bab413', 'ba3253876aed6bc22d4a6ff53d8406c6ad864195ed144ab5c87621b6c233b548baeae6956df346ec8c17f5ea10f35ee3cbc514797ed7ddd3145464e2a0bab413', NULL, NULL, 'LOCAL_REGISTRAR', 0, NULL, 0, NULL, 1),
	(13, 3, 'JOEMARDC', 'b0412597dcea813655574dc54a5b74967cf85317f0332a2591be7953a016f8de56200eb37d5ba593b1e4aa27cea5ca27100f94dccd5b04bae5cadd4454dba67d', 'ba3253876aed6bc22d4a6ff53d8406c6ad864195ed144ab5c87621b6c233b548baeae6956df346ec8c17f5ea10f35ee3cbc514797ed7ddd3145464e2a0bab413', 'WHAT IS YOUR FAVORITE MOVIE?', '0159d8667999bcc9e752655a43359c1eaf8958c519faa57b859f91894f150ac40000311e027ab32440ef5a21c00174575b93040a901fb26f71aca4f521bf0c50', 'FACULTY', 0, NULL, 0, NULL, 1),
	(15, 4, 'JM', '3627909a29c31381a071ec27f7c9ca97726182aed29a7ddd2e54353322cfb30abb9e3a6df2ac2c20fe23436311d678564d0c8d305930575f60e2d3d048184d79', 'ba3253876aed6bc22d4a6ff53d8406c6ad864195ed144ab5c87621b6c233b548baeae6956df346ec8c17f5ea10f35ee3cbc514797ed7ddd3145464e2a0bab413', 'IN WHAT CITY WERE YOU BORN?', '9b8d967dcace7ad62f9b3dd14dceb10c3f420938efd75e9ecf4edcc2102ac0c8ca9dd1ec3519e8d02c71ea325c4b8d6f498a6c697da5f54c97b9f020a2f83408', 'FACULTY', 0, NULL, 0, NULL, 1);
/*!40000 ALTER TABLE `account_faculty` ENABLE KEYS */;

-- Dumping structure for table cictems.account_faculty_attempt
CREATE TABLE IF NOT EXISTS `account_faculty_attempt` (
  `try_id` int(11) NOT NULL AUTO_INCREMENT,
  `account_id` int(11) DEFAULT NULL,
  `time` datetime DEFAULT CURRENT_TIMESTAMP,
  `ip_address` varchar(200) COLLATE utf8_unicode_ci DEFAULT 'UNKNOWN',
  `pc_name` varchar(50) COLLATE utf8_unicode_ci DEFAULT 'UNKNOWN',
  `pc_username` varchar(50) COLLATE utf8_unicode_ci DEFAULT 'UNKNOWN',
  `os_version` varchar(50) COLLATE utf8_unicode_ci DEFAULT 'UNKNOWN',
  `platform` varchar(50) COLLATE utf8_unicode_ci DEFAULT 'UNKNOWN',
  `result` varchar(50) COLLATE utf8_unicode_ci DEFAULT 'UNKNOWN',
  `active` int(11) DEFAULT '1',
  PRIMARY KEY (`try_id`),
  KEY `attempt_fk_from_account_faculty_id` (`account_id`),
  CONSTRAINT `attempt_fk_from_account_faculty_id` FOREIGN KEY (`account_id`) REFERENCES `account_faculty` (`id`)
) ENGINE=InnoDB AUTO_INCREMENT=2039 DEFAULT CHARSET=utf8 COLLATE=utf8_unicode_ci;

-- Dumping data for table cictems.account_faculty_attempt: ~227 rows (approximately)
/*!40000 ALTER TABLE `account_faculty_attempt` DISABLE KEYS */;
INSERT INTO `account_faculty_attempt` (`try_id`, `account_id`, `time`, `ip_address`, `pc_name`, `pc_username`, `os_version`, `platform`, `result`, `active`) VALUES
	(1788, 1, '2017-10-12 00:07:10', '%192.168.254.151@40-2C-F4-04-E9-6E', 'Melvin', 'Jhon Melvin', 'Windows 10@amd64', 'EVALUATION_SYSTEM', 'SUCCESS', 1),
	(1789, 1, '2017-10-12 04:12:30', '%192.168.254.151@40-2C-F4-04-E9-6E', 'Melvin', 'Jhon Melvin', 'Windows 10@amd64', 'EVALUATION_SYSTEM', 'SUCCESS', 1),
	(1790, 1, '2017-10-12 04:14:47', '%192.168.254.151@40-2C-F4-04-E9-6E', 'Melvin', 'Jhon Melvin', 'Windows 10@amd64', 'EVALUATION_SYSTEM', 'SUCCESS', 1),
	(1791, 1, '2017-10-12 04:16:54', '%192.168.254.151@40-2C-F4-04-E9-6E', 'Melvin', 'Jhon Melvin', 'Windows 10@amd64', 'EVALUATION_SYSTEM', 'SUCCESS', 1),
	(1792, 1, '2017-10-12 04:23:44', '%192.168.254.151@40-2C-F4-04-E9-6E', 'Melvin', 'Jhon Melvin', 'Windows 10@amd64', 'EVALUATION_SYSTEM', 'SUCCESS', 1),
	(1793, 1, '2017-10-12 04:26:07', '%192.168.254.151@40-2C-F4-04-E9-6E', 'Melvin', 'Jhon Melvin', 'Windows 10@amd64', 'EVALUATION_SYSTEM', 'SUCCESS', 1),
	(1794, 1, '2017-10-12 04:28:25', '%192.168.254.151@40-2C-F4-04-E9-6E', 'Melvin', 'Jhon Melvin', 'Windows 10@amd64', 'EVALUATION_SYSTEM', 'SUCCESS', 1),
	(1795, 1, '2017-10-12 04:32:52', '%192.168.254.151@40-2C-F4-04-E9-6E', 'Melvin', 'Jhon Melvin', 'Windows 10@amd64', 'EVALUATION_SYSTEM', 'SUCCESS', 1),
	(1796, 1, '2017-10-12 04:43:12', '%192.168.254.151@40-2C-F4-04-E9-6E', 'Melvin', 'Jhon Melvin', 'Windows 10@amd64', 'EVALUATION_SYSTEM', 'SUCCESS', 1),
	(1797, 1, '2017-10-12 04:51:59', '%192.168.254.151@40-2C-F4-04-E9-6E', 'Melvin', 'Jhon Melvin', 'Windows 10@amd64', 'EVALUATION_SYSTEM', 'SUCCESS', 1),
	(1798, 1, '2017-10-12 05:03:28', '%192.168.254.151@40-2C-F4-04-E9-6E', 'Melvin', 'Jhon Melvin', 'Windows 10@amd64', 'EVALUATION_SYSTEM', 'SUCCESS', 1),
	(1799, 1, '2017-10-12 05:04:57', '%192.168.254.151@40-2C-F4-04-E9-6E', 'Melvin', 'Jhon Melvin', 'Windows 10@amd64', 'EVALUATION_SYSTEM', 'SUCCESS', 1),
	(1800, 1, '2017-10-12 05:39:14', '%192.168.254.151@40-2C-F4-04-E9-6E', 'Melvin', 'Jhon Melvin', 'Windows 10@amd64', 'EVALUATION_SYSTEM', 'SUCCESS', 1),
	(1801, 1, '2017-10-12 05:42:52', '%192.168.254.151@40-2C-F4-04-E9-6E', 'Melvin', 'Jhon Melvin', 'Windows 10@amd64', 'EVALUATION_SYSTEM', 'SUCCESS', 1),
	(1802, 1, '2017-10-12 05:45:39', '%192.168.254.151@40-2C-F4-04-E9-6E', 'Melvin', 'Jhon Melvin', 'Windows 10@amd64', 'EVALUATION_SYSTEM', 'SUCCESS', 1),
	(1803, 1, '2017-10-12 05:49:43', '%192.168.254.151@40-2C-F4-04-E9-6E', 'Melvin', 'Jhon Melvin', 'Windows 10@amd64', 'EVALUATION_SYSTEM', 'SUCCESS', 1),
	(1804, 1, '2017-10-12 05:51:27', '%192.168.254.151@40-2C-F4-04-E9-6E', 'Melvin', 'Jhon Melvin', 'Windows 10@amd64', 'EVALUATION_SYSTEM', 'SUCCESS', 1),
	(1805, 1, '2017-10-12 06:00:30', '%192.168.254.151@40-2C-F4-04-E9-6E', 'Melvin', 'Jhon Melvin', 'Windows 10@amd64', 'EVALUATION_SYSTEM', 'SUCCESS', 1),
	(1806, 1, '2017-10-12 06:02:01', '%192.168.254.151@40-2C-F4-04-E9-6E', 'Melvin', 'Jhon Melvin', 'Windows 10@amd64', 'EVALUATION_SYSTEM', 'SUCCESS', 1),
	(1807, 1, '2017-10-12 06:05:53', '%192.168.254.151@40-2C-F4-04-E9-6E', 'Melvin', 'Jhon Melvin', 'Windows 10@amd64', 'EVALUATION_SYSTEM', 'SUCCESS', 1),
	(1808, 1, '2017-10-12 06:20:41', '%192.168.254.151@40-2C-F4-04-E9-6E', 'Melvin', 'Jhon Melvin', 'Windows 10@amd64', 'EVALUATION_SYSTEM', 'SUCCESS', 1),
	(1809, 1, '2017-10-12 06:28:57', '%192.168.254.151@40-2C-F4-04-E9-6E', 'Melvin', 'Jhon Melvin', 'Windows 10@amd64', 'EVALUATION_SYSTEM', 'SUCCESS', 1),
	(1810, 1, '2017-10-12 06:30:16', '%192.168.254.151@40-2C-F4-04-E9-6E', 'Melvin', 'Jhon Melvin', 'Windows 10@amd64', 'EVALUATION_SYSTEM', 'SUCCESS', 1),
	(1811, 1, '2017-10-12 06:37:24', '%192.168.254.151@40-2C-F4-04-E9-6E', 'Melvin', 'Jhon Melvin', 'Windows 10@amd64', 'EVALUATION_SYSTEM', 'SUCCESS', 1),
	(1812, 1, '2017-10-12 06:49:23', '%192.168.254.151@40-2C-F4-04-E9-6E', 'Melvin', 'Jhon Melvin', 'Windows 10@amd64', 'EVALUATION_SYSTEM', 'SUCCESS', 1),
	(1813, 1, '2017-10-12 07:23:48', '%192.168.254.151@40-2C-F4-04-E9-6E', 'Melvin', 'Jhon Melvin', 'Windows 10@amd64', 'EVALUATION_SYSTEM', 'SUCCESS', 1),
	(1814, 1, '2017-10-12 07:38:22', '%192.168.254.151@40-2C-F4-04-E9-6E', 'Melvin', 'Jhon Melvin', 'Windows 10@amd64', 'EVALUATION_SYSTEM', 'SUCCESS', 1),
	(1815, 1, '2017-10-12 15:39:47', '%192.168.254.151@40-2C-F4-04-E9-6E', 'Melvin', 'Jhon Melvin', 'Windows 10@amd64', 'EVALUATION_SYSTEM', 'SUCCESS', 1),
	(1816, 1, '2017-10-12 15:46:35', '%192.168.254.151@40-2C-F4-04-E9-6E', 'Melvin', 'Jhon Melvin', 'Windows 10@amd64', 'EVALUATION_SYSTEM', 'SUCCESS', 1),
	(1817, 1, '2017-10-12 15:52:28', '%192.168.254.151@40-2C-F4-04-E9-6E', 'Melvin', 'Jhon Melvin', 'Windows 10@amd64', 'EVALUATION_SYSTEM', 'SUCCESS', 1),
	(1818, 1, '2017-10-12 15:56:09', '%192.168.254.151@40-2C-F4-04-E9-6E', 'Melvin', 'Jhon Melvin', 'Windows 10@amd64', 'EVALUATION_SYSTEM', 'SUCCESS', 1),
	(1819, 1, '2017-10-12 15:57:19', '%192.168.254.151@40-2C-F4-04-E9-6E', 'Melvin', 'Jhon Melvin', 'Windows 10@amd64', 'EVALUATION_SYSTEM', 'SUCCESS', 1),
	(1820, 1, '2017-10-12 16:00:18', '%192.168.254.151@40-2C-F4-04-E9-6E', 'Melvin', 'Jhon Melvin', 'Windows 10@amd64', 'EVALUATION_SYSTEM', 'SUCCESS', 1),
	(1821, 1, '2017-10-12 16:01:32', '%192.168.254.151@40-2C-F4-04-E9-6E', 'Melvin', 'Jhon Melvin', 'Windows 10@amd64', 'EVALUATION_SYSTEM', 'SUCCESS', 1),
	(1822, 1, '2017-10-12 16:05:05', '%192.168.254.151@40-2C-F4-04-E9-6E', 'Melvin', 'Jhon Melvin', 'Windows 10@amd64', 'EVALUATION_SYSTEM', 'SUCCESS', 1),
	(1823, 1, '2017-10-12 16:07:50', '%192.168.254.151@40-2C-F4-04-E9-6E', 'Melvin', 'Jhon Melvin', 'Windows 10@amd64', 'EVALUATION_SYSTEM', 'SUCCESS', 1),
	(1824, 1, '2017-10-12 16:09:20', '%192.168.254.151@40-2C-F4-04-E9-6E', 'Melvin', 'Jhon Melvin', 'Windows 10@amd64', 'EVALUATION_SYSTEM', 'SUCCESS', 1),
	(1825, 1, '2017-10-12 16:10:19', '%192.168.254.151@40-2C-F4-04-E9-6E', 'Melvin', 'Jhon Melvin', 'Windows 10@amd64', 'EVALUATION_SYSTEM', 'SUCCESS', 1),
	(1826, 1, '2017-10-12 16:24:25', '%192.168.254.151@40-2C-F4-04-E9-6E', 'Melvin', 'Jhon Melvin', 'Windows 10@amd64', 'EVALUATION_SYSTEM', 'SUCCESS', 1),
	(1827, 1, '2017-10-12 16:25:36', '%192.168.254.151@40-2C-F4-04-E9-6E', 'Melvin', 'Jhon Melvin', 'Windows 10@amd64', 'EVALUATION_SYSTEM', 'SUCCESS', 1),
	(1828, 1, '2017-10-12 16:35:57', '%192.168.254.151@40-2C-F4-04-E9-6E', 'Melvin', 'Jhon Melvin', 'Windows 10@amd64', 'EVALUATION_SYSTEM', 'SUCCESS', 1),
	(1829, 1, '2017-10-12 16:37:55', '%192.168.254.151@40-2C-F4-04-E9-6E', 'Melvin', 'Jhon Melvin', 'Windows 10@amd64', 'EVALUATION_SYSTEM', 'SUCCESS', 1),
	(1830, 1, '2017-10-12 17:20:16', '%192.168.254.151@40-2C-F4-04-E9-6E', 'Melvin', 'Jhon Melvin', 'Windows 10@amd64', 'EVALUATION_SYSTEM', 'SUCCESS', 1),
	(1831, 1, '2017-10-12 17:39:16', '%192.168.254.151@40-2C-F4-04-E9-6E', 'Melvin', 'Jhon Melvin', 'Windows 10@amd64', 'EVALUATION_SYSTEM', 'SUCCESS', 1),
	(1832, 1, '2017-10-12 17:44:19', '%192.168.254.151@40-2C-F4-04-E9-6E', 'Melvin', 'Jhon Melvin', 'Windows 10@amd64', 'EVALUATION_SYSTEM', 'SUCCESS', 1),
	(1833, 1, '2017-10-13 04:30:52', '%192.168.254.151@40-2C-F4-04-E9-6E', 'Melvin', 'Jhon Melvin', 'Windows 10@amd64', 'EVALUATION_SYSTEM', 'SUCCESS', 1),
	(1834, 1, '2017-10-13 04:33:37', '%192.168.254.151@40-2C-F4-04-E9-6E', 'Melvin', 'Jhon Melvin', 'Windows 10@amd64', 'EVALUATION_SYSTEM', 'SUCCESS', 1),
	(1835, 1, '2017-10-13 04:42:47', '%192.168.254.151@40-2C-F4-04-E9-6E', 'Melvin', 'Jhon Melvin', 'Windows 10@amd64', 'EVALUATION_SYSTEM', 'SUCCESS', 1),
	(1836, 1, '2017-10-13 04:44:14', '%192.168.254.151@40-2C-F4-04-E9-6E', 'Melvin', 'Jhon Melvin', 'Windows 10@amd64', 'EVALUATION_SYSTEM', 'SUCCESS', 1),
	(1837, 1, '2017-10-13 04:58:09', '%192.168.254.151@40-2C-F4-04-E9-6E', 'Melvin', 'Jhon Melvin', 'Windows 10@amd64', 'EVALUATION_SYSTEM', 'SUCCESS', 1),
	(1838, 1, '2017-10-13 04:59:09', '%192.168.254.151@40-2C-F4-04-E9-6E', 'Melvin', 'Jhon Melvin', 'Windows 10@amd64', 'EVALUATION_SYSTEM', 'SUCCESS', 1),
	(1839, 1, '2017-10-13 05:05:41', '%192.168.254.151@40-2C-F4-04-E9-6E', 'Melvin', 'Jhon Melvin', 'Windows 10@amd64', 'EVALUATION_SYSTEM', 'SUCCESS', 1),
	(1840, 1, '2017-10-13 17:53:50', '%192.168.254.151@40-2C-F4-04-E9-6E', 'Melvin', 'Jhon Melvin', 'Windows 10@amd64', 'EVALUATION_SYSTEM', 'SUCCESS', 1),
	(1841, 1, '2017-10-13 18:35:27', '%192.168.254.151@40-2C-F4-04-E9-6E', 'Melvin', 'Jhon Melvin', 'Windows 10@amd64', 'EVALUATION_SYSTEM', 'SUCCESS', 1),
	(1842, 1, '2017-10-13 18:39:59', '%192.168.254.151@40-2C-F4-04-E9-6E', 'Melvin', 'Jhon Melvin', 'Windows 10@amd64', 'EVALUATION_SYSTEM', 'SUCCESS', 1),
	(1843, 1, '2017-10-13 18:48:57', '%192.168.254.151@40-2C-F4-04-E9-6E', 'Melvin', 'Jhon Melvin', 'Windows 10@amd64', 'EVALUATION_SYSTEM', 'SUCCESS', 1),
	(1844, 1, '2017-10-13 18:51:06', '%192.168.254.151@40-2C-F4-04-E9-6E', 'Melvin', 'Jhon Melvin', 'Windows 10@amd64', 'EVALUATION_SYSTEM', 'SUCCESS', 1),
	(1845, 1, '2017-10-13 18:58:38', '%192.168.254.151@40-2C-F4-04-E9-6E', 'Melvin', 'Jhon Melvin', 'Windows 10@amd64', 'EVALUATION_SYSTEM', 'SUCCESS', 1),
	(1846, 1, '2017-10-13 19:03:58', '%192.168.254.151@40-2C-F4-04-E9-6E', 'Melvin', 'Jhon Melvin', 'Windows 10@amd64', 'EVALUATION_SYSTEM', 'SUCCESS', 1),
	(1847, 1, '2017-10-13 19:48:45', '%192.168.254.151@40-2C-F4-04-E9-6E', 'Melvin', 'Jhon Melvin', 'Windows 10@amd64', 'EVALUATION_SYSTEM', 'SUCCESS', 1),
	(1848, 1, '2017-10-13 20:20:51', '%192.168.254.151@40-2C-F4-04-E9-6E', 'Melvin', 'Jhon Melvin', 'Windows 10@amd64', 'EVALUATION_SYSTEM', 'SUCCESS', 1),
	(1849, 1, '2017-10-13 20:30:27', '%192.168.254.151@40-2C-F4-04-E9-6E', 'Melvin', 'Jhon Melvin', 'Windows 10@amd64', 'EVALUATION_SYSTEM', 'SUCCESS', 1),
	(1850, 1, '2017-10-13 20:35:43', '%192.168.254.151@40-2C-F4-04-E9-6E', 'Melvin', 'Jhon Melvin', 'Windows 10@amd64', 'EVALUATION_SYSTEM', 'SUCCESS', 1),
	(1851, 1, '2017-10-13 20:39:54', '%192.168.254.151@40-2C-F4-04-E9-6E', 'Melvin', 'Jhon Melvin', 'Windows 10@amd64', 'EVALUATION_SYSTEM', 'SUCCESS', 1),
	(1852, 1, '2017-10-13 20:46:44', '%192.168.254.151@40-2C-F4-04-E9-6E', 'Melvin', 'Jhon Melvin', 'Windows 10@amd64', 'EVALUATION_SYSTEM', 'SUCCESS', 1),
	(1853, 1, '2017-10-13 21:14:31', '%192.168.254.151@40-2C-F4-04-E9-6E', 'Melvin', 'Jhon Melvin', 'Windows 10@amd64', 'EVALUATION_SYSTEM', 'SUCCESS', 1),
	(1854, 1, '2017-10-13 21:48:08', '%192.168.254.151@40-2C-F4-04-E9-6E', 'Melvin', 'Jhon Melvin', 'Windows 10@amd64', 'EVALUATION_SYSTEM', 'SUCCESS', 1),
	(1855, 1, '2017-10-13 22:01:05', '%192.168.254.151@40-2C-F4-04-E9-6E', 'Melvin', 'Jhon Melvin', 'Windows 10@amd64', 'EVALUATION_SYSTEM', 'SUCCESS', 1),
	(1856, 1, '2017-10-13 22:04:40', '%192.168.254.151@40-2C-F4-04-E9-6E', 'Melvin', 'Jhon Melvin', 'Windows 10@amd64', 'EVALUATION_SYSTEM', 'SUCCESS', 1),
	(1857, 1, '2017-10-13 22:05:56', '%192.168.254.151@40-2C-F4-04-E9-6E', 'Melvin', 'Jhon Melvin', 'Windows 10@amd64', 'EVALUATION_SYSTEM', 'SUCCESS', 1),
	(1858, 1, '2017-10-13 22:07:35', '%192.168.254.151@40-2C-F4-04-E9-6E', 'Melvin', 'Jhon Melvin', 'Windows 10@amd64', 'EVALUATION_SYSTEM', 'SUCCESS', 1),
	(1859, 1, '2017-10-13 22:14:35', '%192.168.254.151@40-2C-F4-04-E9-6E', 'Melvin', 'Jhon Melvin', 'Windows 10@amd64', 'EVALUATION_SYSTEM', 'SUCCESS', 1),
	(1860, 1, '2017-10-13 22:16:30', '%192.168.254.151@40-2C-F4-04-E9-6E', 'Melvin', 'Jhon Melvin', 'Windows 10@amd64', 'EVALUATION_SYSTEM', 'SUCCESS', 1),
	(1861, 1, '2017-10-13 22:18:13', '%192.168.254.151@40-2C-F4-04-E9-6E', 'Melvin', 'Jhon Melvin', 'Windows 10@amd64', 'EVALUATION_SYSTEM', 'SUCCESS', 1),
	(1862, 1, '2017-10-13 22:46:19', '%192.168.254.151@40-2C-F4-04-E9-6E', 'Melvin', 'Jhon Melvin', 'Windows 10@amd64', 'EVALUATION_SYSTEM', 'SUCCESS', 1),
	(1863, 1, '2017-10-13 22:52:10', '%192.168.254.151@40-2C-F4-04-E9-6E', 'Melvin', 'Jhon Melvin', 'Windows 10@amd64', 'EVALUATION_SYSTEM', 'SUCCESS', 1),
	(1864, 1, '2017-10-14 02:40:55', '%192.168.254.151@40-2C-F4-04-E9-6E', 'Melvin', 'Jhon Melvin', 'Windows 10@amd64', 'EVALUATION_SYSTEM', 'SUCCESS', 1),
	(1865, 1, '2017-10-14 02:57:48', '%192.168.254.151@40-2C-F4-04-E9-6E', 'Melvin', 'Jhon Melvin', 'Windows 10@amd64', 'EVALUATION_SYSTEM', 'SUCCESS', 1),
	(1866, 1, '2017-10-14 03:01:50', '%192.168.254.151@40-2C-F4-04-E9-6E', 'Melvin', 'Jhon Melvin', 'Windows 10@amd64', 'EVALUATION_SYSTEM', 'SUCCESS', 1),
	(1867, 1, '2017-10-14 03:03:17', '%192.168.254.151@40-2C-F4-04-E9-6E', 'Melvin', 'Jhon Melvin', 'Windows 10@amd64', 'EVALUATION_SYSTEM', 'SUCCESS', 1),
	(1868, 1, '2017-10-14 17:13:51', '%192.168.254.151@40-2C-F4-04-E9-6E', 'Melvin', 'Jhon Melvin', 'Windows 10@amd64', 'EVALUATION_SYSTEM', 'SUCCESS', 1),
	(1869, 1, '2017-10-14 17:21:38', '%192.168.254.151@40-2C-F4-04-E9-6E', 'Melvin', 'Jhon Melvin', 'Windows 10@amd64', 'EVALUATION_SYSTEM', 'SUCCESS', 1),
	(1870, 1, '2017-10-14 17:28:11', '%192.168.254.151@40-2C-F4-04-E9-6E', 'Melvin', 'Jhon Melvin', 'Windows 10@amd64', 'EVALUATION_SYSTEM', 'SUCCESS', 1),
	(1871, 1, '2017-10-14 17:31:47', '%192.168.254.151@40-2C-F4-04-E9-6E', 'Melvin', 'Jhon Melvin', 'Windows 10@amd64', 'EVALUATION_SYSTEM', 'SUCCESS', 1),
	(1872, 1, '2017-10-14 20:04:21', '%192.168.254.151@40-2C-F4-04-E9-6E', 'Melvin', 'Jhon Melvin', 'Windows 10@amd64', 'EVALUATION_SYSTEM', 'SUCCESS', 1),
	(1873, 1, '2017-10-14 20:05:43', '%192.168.254.151@40-2C-F4-04-E9-6E', 'Melvin', 'Jhon Melvin', 'Windows 10@amd64', 'EVALUATION_SYSTEM', 'SUCCESS', 1),
	(1874, 1, '2017-10-14 20:08:48', '%192.168.254.151@40-2C-F4-04-E9-6E', 'Melvin', 'Jhon Melvin', 'Windows 10@amd64', 'EVALUATION_SYSTEM', 'SUCCESS', 1),
	(1875, 1, '2017-10-14 20:14:11', '%192.168.254.151@40-2C-F4-04-E9-6E', 'Melvin', 'Jhon Melvin', 'Windows 10@amd64', 'EVALUATION_SYSTEM', 'WRONG_PASSWORD', 1),
	(1876, 1, '2017-10-14 20:14:15', '%192.168.254.151@40-2C-F4-04-E9-6E', 'Melvin', 'Jhon Melvin', 'Windows 10@amd64', 'EVALUATION_SYSTEM', 'SUCCESS', 1),
	(1877, 1, '2017-10-14 20:15:53', '%192.168.254.151@40-2C-F4-04-E9-6E', 'Melvin', 'Jhon Melvin', 'Windows 10@amd64', 'EVALUATION_SYSTEM', 'SUCCESS', 1),
	(1878, 1, '2017-10-14 20:17:11', '%192.168.254.151@40-2C-F4-04-E9-6E', 'Melvin', 'Jhon Melvin', 'Windows 10@amd64', 'EVALUATION_SYSTEM', 'SUCCESS', 1),
	(1879, 1, '2017-10-14 20:18:33', '%192.168.254.151@40-2C-F4-04-E9-6E', 'Melvin', 'Jhon Melvin', 'Windows 10@amd64', 'EVALUATION_SYSTEM', 'SUCCESS', 1),
	(1880, 1, '2017-10-14 20:19:56', '%192.168.254.151@40-2C-F4-04-E9-6E', 'Melvin', 'Jhon Melvin', 'Windows 10@amd64', 'EVALUATION_SYSTEM', 'SUCCESS', 1),
	(1881, 1, '2017-10-14 20:37:23', '%192.168.254.151@40-2C-F4-04-E9-6E', 'Melvin', 'Jhon Melvin', 'Windows 10@amd64', 'EVALUATION_SYSTEM', 'SUCCESS', 1),
	(1882, 1, '2017-10-14 20:41:17', '%192.168.254.151@40-2C-F4-04-E9-6E', 'Melvin', 'Jhon Melvin', 'Windows 10@amd64', 'EVALUATION_SYSTEM', 'SUCCESS', 1),
	(1883, 1, '2017-10-14 20:43:53', '%192.168.254.151@40-2C-F4-04-E9-6E', 'Melvin', 'Jhon Melvin', 'Windows 10@amd64', 'EVALUATION_SYSTEM', 'SUCCESS', 1),
	(1884, 1, '2017-10-14 20:46:53', '%192.168.254.151@40-2C-F4-04-E9-6E', 'Melvin', 'Jhon Melvin', 'Windows 10@amd64', 'EVALUATION_SYSTEM', 'SUCCESS', 1),
	(1885, 1, '2017-10-14 20:50:16', '%192.168.254.151@40-2C-F4-04-E9-6E', 'Melvin', 'Jhon Melvin', 'Windows 10@amd64', 'EVALUATION_SYSTEM', 'SUCCESS', 1),
	(1886, 1, '2017-10-14 20:54:14', '%192.168.254.151@40-2C-F4-04-E9-6E', 'Melvin', 'Jhon Melvin', 'Windows 10@amd64', 'EVALUATION_SYSTEM', 'SUCCESS', 1),
	(1887, 1, '2017-10-15 01:06:47', '%192.168.254.151@40-2C-F4-04-E9-6E', 'Melvin', 'Jhon Melvin', 'Windows 10@amd64', 'EVALUATION_SYSTEM', 'SUCCESS', 1),
	(1888, 1, '2017-10-15 01:16:21', '%192.168.254.151@40-2C-F4-04-E9-6E', 'Melvin', 'Jhon Melvin', 'Windows 10@amd64', 'EVALUATION_SYSTEM', 'SUCCESS', 1),
	(1889, 1, '2017-10-15 01:20:47', '%192.168.254.151@40-2C-F4-04-E9-6E', 'Melvin', 'Jhon Melvin', 'Windows 10@amd64', 'EVALUATION_SYSTEM', 'SUCCESS', 1),
	(1890, 1, '2017-10-15 02:28:52', '%192.168.254.151@40-2C-F4-04-E9-6E', 'Melvin', 'Jhon Melvin', 'Windows 10@amd64', 'EVALUATION_SYSTEM', 'SUCCESS', 1),
	(1891, 1, '2017-10-15 02:35:00', '%192.168.254.151@40-2C-F4-04-E9-6E', 'Melvin', 'Jhon Melvin', 'Windows 10@amd64', 'EVALUATION_SYSTEM', 'SUCCESS', 1),
	(1892, 1, '2017-10-15 02:41:15', '%192.168.254.151@40-2C-F4-04-E9-6E', 'Melvin', 'Jhon Melvin', 'Windows 10@amd64', 'EVALUATION_SYSTEM', 'SUCCESS', 1),
	(1893, 1, '2017-10-15 02:50:14', '%192.168.254.151@40-2C-F4-04-E9-6E', 'Melvin', 'Jhon Melvin', 'Windows 10@amd64', 'EVALUATION_SYSTEM', 'SUCCESS', 1),
	(1894, 1, '2017-10-15 16:09:30', '%192.168.254.151@40-2C-F4-04-E9-6E', 'Melvin', 'Jhon Melvin', 'Windows 10@amd64', 'EVALUATION_SYSTEM', 'SUCCESS', 1),
	(1895, 1, '2017-10-15 16:10:40', '%192.168.254.151@40-2C-F4-04-E9-6E', 'Melvin', 'Jhon Melvin', 'Windows 10@amd64', 'EVALUATION_SYSTEM', 'SUCCESS', 1),
	(1896, 1, '2017-10-15 19:36:40', '%192.168.254.151@40-2C-F4-04-E9-6E', 'Melvin', 'Jhon Melvin', 'Windows 10@amd64', 'EVALUATION_SYSTEM', 'SUCCESS', 1),
	(1897, 1, '2017-10-15 19:59:46', '%192.168.254.151@40-2C-F4-04-E9-6E', 'Melvin', 'Jhon Melvin', 'Windows 10@amd64', 'EVALUATION_SYSTEM', 'SUCCESS', 1),
	(1898, 1, '2017-10-15 20:29:18', '%192.168.254.151@40-2C-F4-04-E9-6E', 'Melvin', 'Jhon Melvin', 'Windows 10@amd64', 'EVALUATION_SYSTEM', 'SUCCESS', 1),
	(1899, 1, '2017-10-15 20:33:34', '%192.168.254.151@40-2C-F4-04-E9-6E', 'Melvin', 'Jhon Melvin', 'Windows 10@amd64', 'EVALUATION_SYSTEM', 'SUCCESS', 1),
	(1900, 1, '2017-10-15 20:47:56', '%192.168.254.151@40-2C-F4-04-E9-6E', 'Melvin', 'Jhon Melvin', 'Windows 10@amd64', 'EVALUATION_SYSTEM', 'SUCCESS', 1),
	(1901, 1, '2017-10-15 21:27:02', '%192.168.254.151@40-2C-F4-04-E9-6E', 'Melvin', 'Jhon Melvin', 'Windows 10@amd64', 'EVALUATION_SYSTEM', 'DISABLED', 1),
	(1902, 2, '2017-10-15 21:27:07', '%192.168.254.151@40-2C-F4-04-E9-6E', 'Melvin', 'Jhon Melvin', 'Windows 10@amd64', 'EVALUATION_SYSTEM', 'SUCCESS', 1),
	(1903, 1, '2017-10-15 21:27:31', '%192.168.254.151@40-2C-F4-04-E9-6E', 'Melvin', 'Jhon Melvin', 'Windows 10@amd64', 'EVALUATION_SYSTEM', 'SUCCESS', 1),
	(1904, 1, '2017-10-15 21:50:44', '%192.168.254.151@40-2C-F4-04-E9-6E', 'Melvin', 'Jhon Melvin', 'Windows 10@amd64', 'EVALUATION_SYSTEM', 'SUCCESS', 1),
	(1905, 1, '2017-10-15 22:08:33', '%192.168.254.151@40-2C-F4-04-E9-6E', 'Melvin', 'Jhon Melvin', 'Windows 10@amd64', 'EVALUATION_SYSTEM', 'SUCCESS', 1),
	(1906, 1, '2017-10-16 01:23:46', '%192.168.254.151@40-2C-F4-04-E9-6E', 'Melvin', 'Jhon Melvin', 'Windows 10@amd64', 'EVALUATION_SYSTEM', 'SUCCESS', 1),
	(1907, 1, '2017-10-16 01:24:54', '%192.168.254.151@40-2C-F4-04-E9-6E', 'Melvin', 'Jhon Melvin', 'Windows 10@amd64', 'EVALUATION_SYSTEM', 'SUCCESS', 1),
	(1908, 1, '2017-10-16 01:28:00', '%192.168.254.151@40-2C-F4-04-E9-6E', 'Melvin', 'Jhon Melvin', 'Windows 10@amd64', 'EVALUATION_SYSTEM', 'SUCCESS', 1),
	(1909, 1, '2017-10-16 01:33:58', '%192.168.254.151@40-2C-F4-04-E9-6E', 'Melvin', 'Jhon Melvin', 'Windows 10@amd64', 'EVALUATION_SYSTEM', 'SUCCESS', 1),
	(1910, 1, '2017-10-16 01:39:02', '%192.168.254.151@40-2C-F4-04-E9-6E', 'Melvin', 'Jhon Melvin', 'Windows 10@amd64', 'EVALUATION_SYSTEM', 'SUCCESS', 1),
	(1911, 1, '2017-10-16 01:47:56', '%192.168.254.151@40-2C-F4-04-E9-6E', 'Melvin', 'Jhon Melvin', 'Windows 10@amd64', 'EVALUATION_SYSTEM', 'SUCCESS', 1),
	(1912, 1, '2017-10-16 01:48:27', '%192.168.254.151@40-2C-F4-04-E9-6E', 'Melvin', 'Jhon Melvin', 'Windows 10@amd64', 'EVALUATION_SYSTEM', 'SUCCESS', 1),
	(1913, 1, '2017-10-16 01:49:20', '%192.168.254.151@40-2C-F4-04-E9-6E', 'Melvin', 'Jhon Melvin', 'Windows 10@amd64', 'EVALUATION_SYSTEM', 'SUCCESS', 1),
	(1914, 1, '2017-10-16 01:56:03', '%192.168.254.151@40-2C-F4-04-E9-6E', 'Melvin', 'Jhon Melvin', 'Windows 10@amd64', 'EVALUATION_SYSTEM', 'SUCCESS', 1),
	(1915, 1, '2017-10-16 02:01:50', '%192.168.254.151@40-2C-F4-04-E9-6E', 'Melvin', 'Jhon Melvin', 'Windows 10@amd64', 'EVALUATION_SYSTEM', 'SUCCESS', 1),
	(1916, 2, '2017-10-16 02:04:25', '%192.168.254.151@40-2C-F4-04-E9-6E', 'Melvin', 'Jhon Melvin', 'Windows 10@amd64', 'EVALUATION_SYSTEM', 'SUCCESS', 1),
	(1917, 1, '2017-10-16 02:05:07', '%192.168.254.151@40-2C-F4-04-E9-6E', 'Melvin', 'Jhon Melvin', 'Windows 10@amd64', 'EVALUATION_SYSTEM', 'SUCCESS', 1),
	(1918, 1, '2017-10-16 04:15:55', '%192.168.254.151@40-2C-F4-04-E9-6E', 'Melvin', 'Jhon Melvin', 'Windows 10@amd64', 'EVALUATION_SYSTEM', 'SUCCESS', 1),
	(1919, 1, '2017-10-16 04:43:26', '%192.168.254.151@40-2C-F4-04-E9-6E', 'Melvin', 'Jhon Melvin', 'Windows 10@amd64', 'EVALUATION_SYSTEM', 'SUCCESS', 1),
	(1920, 1, '2017-10-16 04:55:59', '%192.168.254.151@40-2C-F4-04-E9-6E', 'Melvin', 'Jhon Melvin', 'Windows 10@amd64', 'EVALUATION_SYSTEM', 'SUCCESS', 1),
	(1921, 1, '2017-10-16 04:57:32', '%192.168.254.151@40-2C-F4-04-E9-6E', 'Melvin', 'Jhon Melvin', 'Windows 10@amd64', 'EVALUATION_SYSTEM', 'SUCCESS', 1),
	(1922, 1, '2017-10-16 05:00:05', '%192.168.254.151@40-2C-F4-04-E9-6E', 'Melvin', 'Jhon Melvin', 'Windows 10@amd64', 'EVALUATION_SYSTEM', 'SUCCESS', 1),
	(1923, 1, '2017-10-16 05:27:55', '%192.168.254.151@40-2C-F4-04-E9-6E', 'Melvin', 'Jhon Melvin', 'Windows 10@amd64', 'EVALUATION_SYSTEM', 'SUCCESS', 1),
	(1924, 1, '2017-10-16 05:30:35', '%192.168.254.151@40-2C-F4-04-E9-6E', 'Melvin', 'Jhon Melvin', 'Windows 10@amd64', 'EVALUATION_SYSTEM', 'SUCCESS', 1),
	(1925, 1, '2017-10-16 12:39:15', '%192.168.254.151@40-2C-F4-04-E9-6E', 'Melvin', 'Jhon Melvin', 'Windows 10@amd64', 'EVALUATION_SYSTEM', 'WRONG_PASSWORD', 1),
	(1926, 1, '2017-10-16 12:39:18', '%192.168.254.151@40-2C-F4-04-E9-6E', 'Melvin', 'Jhon Melvin', 'Windows 10@amd64', 'EVALUATION_SYSTEM', 'SUCCESS', 1),
	(1927, 1, '2017-10-16 12:40:39', '%192.168.254.151@40-2C-F4-04-E9-6E', 'Melvin', 'Jhon Melvin', 'Windows 10@amd64', 'EVALUATION_SYSTEM', 'SUCCESS', 1),
	(1928, 1, '2017-10-16 12:46:42', '%192.168.254.151@40-2C-F4-04-E9-6E', 'Melvin', 'Jhon Melvin', 'Windows 10@amd64', 'EVALUATION_SYSTEM', 'SUCCESS', 1),
	(1929, 1, '2017-10-16 17:59:01', '%192.168.254.151@40-2C-F4-04-E9-6E', 'Melvin', 'Jhon Melvin', 'Windows 10@amd64', 'EVALUATION_SYSTEM', 'SUCCESS', 1),
	(1930, 1, '2017-10-16 18:01:27', '%192.168.254.151@40-2C-F4-04-E9-6E', 'Melvin', 'Jhon Melvin', 'Windows 10@amd64', 'EVALUATION_SYSTEM', 'SUCCESS', 1),
	(1931, 1, '2017-10-16 18:13:30', '%192.168.254.151@40-2C-F4-04-E9-6E', 'Melvin', 'Jhon Melvin', 'Windows 10@amd64', 'EVALUATION_SYSTEM', 'SUCCESS', 1),
	(1932, 1, '2017-10-16 18:15:12', '%192.168.254.151@40-2C-F4-04-E9-6E', 'Melvin', 'Jhon Melvin', 'Windows 10@amd64', 'EVALUATION_SYSTEM', 'SUCCESS', 1),
	(1933, 1, '2017-10-16 18:28:55', '%192.168.254.151@40-2C-F4-04-E9-6E', 'Melvin', 'Jhon Melvin', 'Windows 10@amd64', 'EVALUATION_SYSTEM', 'SUCCESS', 1),
	(1934, 1, '2017-10-16 19:33:18', '%192.168.254.151@40-2C-F4-04-E9-6E', 'Melvin', 'Jhon Melvin', 'Windows 10@amd64', 'EVALUATION_SYSTEM', 'SUCCESS', 1),
	(1935, 1, '2017-10-16 19:37:17', '%192.168.254.151@40-2C-F4-04-E9-6E', 'Melvin', 'Jhon Melvin', 'Windows 10@amd64', 'EVALUATION_SYSTEM', 'SUCCESS', 1),
	(1936, 1, '2017-10-16 19:48:41', '%192.168.254.151@40-2C-F4-04-E9-6E', 'Melvin', 'Jhon Melvin', 'Windows 10@amd64', 'EVALUATION_SYSTEM', 'SUCCESS', 1),
	(1937, 1, '2017-10-16 20:38:46', '%192.168.254.151@40-2C-F4-04-E9-6E', 'Melvin', 'Jhon Melvin', 'Windows 10@amd64', 'EVALUATION_SYSTEM', 'SUCCESS', 1),
	(1938, 1, '2017-10-16 20:44:45', '%192.168.254.151@40-2C-F4-04-E9-6E', 'Melvin', 'Jhon Melvin', 'Windows 10@amd64', 'EVALUATION_SYSTEM', 'SUCCESS', 1),
	(1939, 1, '2017-10-16 20:52:10', '%192.168.254.151@40-2C-F4-04-E9-6E', 'Melvin', 'Jhon Melvin', 'Windows 10@amd64', 'EVALUATION_SYSTEM', 'SUCCESS', 1),
	(1940, 1, '2017-10-16 20:54:09', '%192.168.254.151@40-2C-F4-04-E9-6E', 'Melvin', 'Jhon Melvin', 'Windows 10@amd64', 'EVALUATION_SYSTEM', 'SUCCESS', 1),
	(1941, 1, '2017-10-17 00:18:39', '%192.168.254.151@40-2C-F4-04-E9-6E', 'Melvin', 'Jhon Melvin', 'Windows 10@amd64', 'EVALUATION_SYSTEM', 'SUCCESS', 1),
	(1942, 1, '2017-10-17 02:19:54', '%127.0.0.1@Unknown Mac Address', 'Melvin', 'Jhon Melvin', 'Windows 10@amd64', 'EVALUATION_SYSTEM', 'SUCCESS', 1),
	(1943, 1, '2017-10-17 02:27:05', '%127.0.0.1@Unknown Mac Address', 'Melvin', 'Jhon Melvin', 'Windows 10@amd64', 'EVALUATION_SYSTEM', 'SUCCESS', 1),
	(1944, 1, '2017-10-17 05:23:28', '%192.168.254.151@40-2C-F4-04-E9-6E', 'Melvin', 'Jhon Melvin', 'Windows 10@amd64', 'EVALUATION_SYSTEM', 'SUCCESS', 1),
	(1945, 1, '2017-10-17 05:37:21', '%192.168.254.151@40-2C-F4-04-E9-6E', 'Melvin', 'Jhon Melvin', 'Windows 10@amd64', 'EVALUATION_SYSTEM', 'SUCCESS', 1),
	(1946, 1, '2017-10-17 05:51:46', '%192.168.254.151@40-2C-F4-04-E9-6E', 'Melvin', 'Jhon Melvin', 'Windows 10@amd64', 'EVALUATION_SYSTEM', 'SUCCESS', 1),
	(1947, 1, '2017-10-17 06:04:02', '%192.168.254.151@40-2C-F4-04-E9-6E', 'Melvin', 'Jhon Melvin', 'Windows 10@amd64', 'EVALUATION_SYSTEM', 'SUCCESS', 1),
	(1948, 1, '2017-10-17 06:17:06', '%192.168.254.151@40-2C-F4-04-E9-6E', 'Melvin', 'Jhon Melvin', 'Windows 10@amd64', 'EVALUATION_SYSTEM', 'SUCCESS', 1),
	(1949, 1, '2017-10-17 06:20:08', '%192.168.254.151@40-2C-F4-04-E9-6E', 'Melvin', 'Jhon Melvin', 'Windows 10@amd64', 'EVALUATION_SYSTEM', 'SUCCESS', 1),
	(1950, 1, '2017-10-17 06:34:22', '%192.168.254.151@40-2C-F4-04-E9-6E', 'Melvin', 'Jhon Melvin', 'Windows 10@amd64', 'EVALUATION_SYSTEM', 'SUCCESS', 1),
	(1951, 1, '2017-10-17 06:39:59', '%192.168.254.151@40-2C-F4-04-E9-6E', 'Melvin', 'Jhon Melvin', 'Windows 10@amd64', 'EVALUATION_SYSTEM', 'SUCCESS', 1),
	(1952, 1, '2017-10-17 06:41:56', '%192.168.254.151@40-2C-F4-04-E9-6E', 'Melvin', 'Jhon Melvin', 'Windows 10@amd64', 'EVALUATION_SYSTEM', 'SUCCESS', 1),
	(1953, 1, '2017-10-17 06:45:59', '%192.168.254.151@40-2C-F4-04-E9-6E', 'Melvin', 'Jhon Melvin', 'Windows 10@amd64', 'EVALUATION_SYSTEM', 'SUCCESS', 1),
	(1954, 1, '2017-10-17 06:47:04', '%192.168.254.151@40-2C-F4-04-E9-6E', 'Melvin', 'Jhon Melvin', 'Windows 10@amd64', 'EVALUATION_SYSTEM', 'SUCCESS', 1),
	(1955, 1, '2017-10-17 07:49:10', '%192.168.254.151@40-2C-F4-04-E9-6E', 'Melvin', 'Jhon Melvin', 'Windows 10@amd64', 'EVALUATION_SYSTEM', 'SUCCESS', 1),
	(1956, 1, '2017-10-17 17:06:47', '%192.168.254.151@40-2C-F4-04-E9-6E', 'Melvin', 'Jhon Melvin', 'Windows 10@amd64', 'EVALUATION_SYSTEM', 'SUCCESS', 1),
	(1957, 1, '2017-10-17 17:09:22', '%192.168.254.151@40-2C-F4-04-E9-6E', 'Melvin', 'Jhon Melvin', 'Windows 10@amd64', 'EVALUATION_SYSTEM', 'SUCCESS', 1),
	(1958, 1, '2017-10-17 17:13:16', '%192.168.254.151@40-2C-F4-04-E9-6E', 'Melvin', 'Jhon Melvin', 'Windows 10@amd64', 'EVALUATION_SYSTEM', 'SUCCESS', 1),
	(1959, 1, '2017-10-17 17:45:14', '%192.168.254.151@40-2C-F4-04-E9-6E', 'Melvin', 'Jhon Melvin', 'Windows 10@amd64', 'EVALUATION_SYSTEM', 'SUCCESS', 1),
	(1960, 1, '2017-10-17 18:12:48', '%192.168.254.151@40-2C-F4-04-E9-6E', 'Melvin', 'Jhon Melvin', 'Windows 10@amd64', 'EVALUATION_SYSTEM', 'SUCCESS', 1),
	(1961, 1, '2017-10-17 18:14:04', '%192.168.254.151@40-2C-F4-04-E9-6E', 'Melvin', 'Jhon Melvin', 'Windows 10@amd64', 'EVALUATION_SYSTEM', 'SUCCESS', 1),
	(1962, 1, '2017-10-17 18:16:06', '%192.168.254.151@40-2C-F4-04-E9-6E', 'Melvin', 'Jhon Melvin', 'Windows 10@amd64', 'EVALUATION_SYSTEM', 'SUCCESS', 1),
	(1963, 1, '2017-10-17 18:21:46', '%192.168.254.151@40-2C-F4-04-E9-6E', 'Melvin', 'Jhon Melvin', 'Windows 10@amd64', 'EVALUATION_SYSTEM', 'SUCCESS', 1),
	(1964, 1, '2017-10-17 18:59:10', '%192.168.254.151@40-2C-F4-04-E9-6E', 'Melvin', 'Jhon Melvin', 'Windows 10@amd64', 'EVALUATION_SYSTEM', 'SUCCESS', 1),
	(1965, 1, '2017-10-17 19:24:31', '%192.168.254.151@40-2C-F4-04-E9-6E', 'Melvin', 'Jhon Melvin', 'Windows 10@amd64', 'EVALUATION_SYSTEM', 'SUCCESS', 1),
	(1966, 1, '2017-10-17 19:28:50', '%192.168.254.151@40-2C-F4-04-E9-6E', 'Melvin', 'Jhon Melvin', 'Windows 10@amd64', 'EVALUATION_SYSTEM', 'SUCCESS', 1),
	(1967, 1, '2017-10-17 19:31:52', '%192.168.254.151@40-2C-F4-04-E9-6E', 'Melvin', 'Jhon Melvin', 'Windows 10@amd64', 'EVALUATION_SYSTEM', 'SUCCESS', 1),
	(1968, 1, '2017-10-17 19:33:30', '%192.168.254.151@40-2C-F4-04-E9-6E', 'Melvin', 'Jhon Melvin', 'Windows 10@amd64', 'EVALUATION_SYSTEM', 'SUCCESS', 1),
	(1969, 1, '2017-10-17 19:36:12', '%192.168.254.151@40-2C-F4-04-E9-6E', 'Melvin', 'Jhon Melvin', 'Windows 10@amd64', 'EVALUATION_SYSTEM', 'SUCCESS', 1),
	(1970, 1, '2017-10-17 20:48:02', '%192.168.254.151@40-2C-F4-04-E9-6E', 'Melvin', 'Jhon Melvin', 'Windows 10@amd64', 'EVALUATION_SYSTEM', 'SUCCESS', 1),
	(1971, 1, '2017-10-17 20:50:16', '%192.168.254.151@40-2C-F4-04-E9-6E', 'Melvin', 'Jhon Melvin', 'Windows 10@amd64', 'EVALUATION_SYSTEM', 'SUCCESS', 1),
	(1972, 1, '2017-10-17 20:56:04', '%192.168.254.151@40-2C-F4-04-E9-6E', 'Melvin', 'Jhon Melvin', 'Windows 10@amd64', 'EVALUATION_SYSTEM', 'SUCCESS', 1),
	(1973, 1, '2017-10-17 21:11:48', '%192.168.254.151@40-2C-F4-04-E9-6E', 'Melvin', 'Jhon Melvin', 'Windows 10@amd64', 'EVALUATION_SYSTEM', 'SUCCESS', 1),
	(1974, 1, '2017-10-17 21:13:21', '%192.168.254.151@40-2C-F4-04-E9-6E', 'Melvin', 'Jhon Melvin', 'Windows 10@amd64', 'EVALUATION_SYSTEM', 'SUCCESS', 1),
	(1975, 1, '2017-10-17 21:20:52', '%192.168.254.151@40-2C-F4-04-E9-6E', 'Melvin', 'Jhon Melvin', 'Windows 10@amd64', 'EVALUATION_SYSTEM', 'SUCCESS', 1),
	(1976, 1, '2017-10-17 21:22:13', '%192.168.254.151@40-2C-F4-04-E9-6E', 'Melvin', 'Jhon Melvin', 'Windows 10@amd64', 'EVALUATION_SYSTEM', 'SUCCESS', 1),
	(1977, 2, '2017-10-17 21:55:18', '%192.168.254.151@40-2C-F4-04-E9-6E', 'Melvin', 'Jhon Melvin', 'Windows 10@amd64', 'EVALUATION_SYSTEM', 'SUCCESS', 1),
	(1978, 1, '2017-10-17 23:51:13', '%192.168.254.151@40-2C-F4-04-E9-6E', 'Melvin', 'Jhon Melvin', 'Windows 10@amd64', 'EVALUATION_SYSTEM', 'SUCCESS', 1),
	(1979, 2, '2017-10-17 23:51:50', '%192.168.254.151@40-2C-F4-04-E9-6E', 'Melvin', 'Jhon Melvin', 'Windows 10@amd64', 'EVALUATION_SYSTEM', 'SUCCESS', 1),
	(1980, 1, '2017-10-17 23:55:10', '%192.168.254.151@40-2C-F4-04-E9-6E', 'Melvin', 'Jhon Melvin', 'Windows 10@amd64', 'EVALUATION_SYSTEM', 'SUCCESS', 1),
	(1981, 1, '2017-10-18 01:07:10', '%192.168.254.151@40-2C-F4-04-E9-6E', 'Melvin', 'Jhon Melvin', 'Windows 10@amd64', 'EVALUATION_SYSTEM', 'SUCCESS', 1),
	(1982, 1, '2017-10-18 01:11:15', '%192.168.254.151@40-2C-F4-04-E9-6E', 'Melvin', 'Jhon Melvin', 'Windows 10@amd64', 'EVALUATION_SYSTEM', 'SUCCESS', 1),
	(1983, 1, '2017-10-18 01:51:34', '%192.168.254.151@40-2C-F4-04-E9-6E', 'Melvin', 'Jhon Melvin', 'Windows 10@amd64', 'EVALUATION_SYSTEM', 'SUCCESS', 1),
	(1984, 1, '2017-10-18 02:23:08', '%192.168.254.151@40-2C-F4-04-E9-6E', 'Melvin', 'Jhon Melvin', 'Windows 10@amd64', 'EVALUATION_SYSTEM', 'SUCCESS', 1),
	(1985, 1, '2017-10-18 03:00:14', '%192.168.254.151@40-2C-F4-04-E9-6E', 'Melvin', 'Jhon Melvin', 'Windows 10@amd64', 'EVALUATION_SYSTEM', 'SUCCESS', 1),
	(1986, 1, '2017-10-18 03:01:59', '%192.168.254.151@40-2C-F4-04-E9-6E', 'Melvin', 'Jhon Melvin', 'Windows 10@amd64', 'EVALUATION_SYSTEM', 'SUCCESS', 1),
	(1987, 1, '2017-10-18 03:03:36', '%192.168.254.151@40-2C-F4-04-E9-6E', 'Melvin', 'Jhon Melvin', 'Windows 10@amd64', 'EVALUATION_SYSTEM', 'SUCCESS', 1),
	(1988, 1, '2017-10-18 03:10:09', '%192.168.254.151@40-2C-F4-04-E9-6E', 'Melvin', 'Jhon Melvin', 'Windows 10@amd64', 'EVALUATION_SYSTEM', 'SUCCESS', 1),
	(1989, 1, '2017-10-18 03:20:08', '%192.168.254.151@40-2C-F4-04-E9-6E', 'Melvin', 'Jhon Melvin', 'Windows 10@amd64', 'EVALUATION_SYSTEM', 'SUCCESS', 1),
	(1990, 1, '2017-10-18 03:24:24', '%192.168.254.151@40-2C-F4-04-E9-6E', 'Melvin', 'Jhon Melvin', 'Windows 10@amd64', 'EVALUATION_SYSTEM', 'SUCCESS', 1),
	(1991, 2, '2017-10-18 03:25:04', '%192.168.254.151@40-2C-F4-04-E9-6E', 'Melvin', 'Jhon Melvin', 'Windows 10@amd64', 'EVALUATION_SYSTEM', 'SUCCESS', 1),
	(1992, 1, '2017-10-18 03:27:41', '%192.168.254.151@40-2C-F4-04-E9-6E', 'Melvin', 'Jhon Melvin', 'Windows 10@amd64', 'EVALUATION_SYSTEM', 'SUCCESS', 1),
	(1993, 2, '2017-10-18 03:28:12', '%192.168.254.151@40-2C-F4-04-E9-6E', 'Melvin', 'Jhon Melvin', 'Windows 10@amd64', 'EVALUATION_SYSTEM', 'SUCCESS', 1),
	(1994, 1, '2017-10-18 03:55:57', '%192.168.254.151@40-2C-F4-04-E9-6E', 'Melvin', 'Jhon Melvin', 'Windows 10@amd64', 'EVALUATION_SYSTEM', 'SUCCESS', 1),
	(1995, 1, '2017-10-18 04:16:10', '%192.168.254.151@40-2C-F4-04-E9-6E', 'Melvin', 'Jhon Melvin', 'Windows 10@amd64', 'EVALUATION_SYSTEM', 'SUCCESS', 1),
	(1996, 1, '2017-10-18 04:22:21', '%192.168.254.151@40-2C-F4-04-E9-6E', 'Melvin', 'Jhon Melvin', 'Windows 10@amd64', 'EVALUATION_SYSTEM', 'SUCCESS', 1),
	(1997, 1, '2017-10-18 04:24:54', '%192.168.254.151@40-2C-F4-04-E9-6E', 'Melvin', 'Jhon Melvin', 'Windows 10@amd64', 'EVALUATION_SYSTEM', 'SUCCESS', 1),
	(1998, 1, '2017-10-18 04:29:40', '%192.168.254.151@40-2C-F4-04-E9-6E', 'Melvin', 'Jhon Melvin', 'Windows 10@amd64', 'EVALUATION_SYSTEM', 'SUCCESS', 1),
	(1999, 1, '2017-10-18 04:30:49', '%192.168.254.151@40-2C-F4-04-E9-6E', 'Melvin', 'Jhon Melvin', 'Windows 10@amd64', 'EVALUATION_SYSTEM', 'SUCCESS', 1),
	(2000, 1, '2017-10-18 04:34:35', '%192.168.254.151@40-2C-F4-04-E9-6E', 'Melvin', 'Jhon Melvin', 'Windows 10@amd64', 'EVALUATION_SYSTEM', 'SUCCESS', 1),
	(2001, 1, '2017-10-18 04:35:34', '%192.168.254.151@40-2C-F4-04-E9-6E', 'Melvin', 'Jhon Melvin', 'Windows 10@amd64', 'EVALUATION_SYSTEM', 'SUCCESS', 1),
	(2002, 1, '2017-10-18 04:37:39', '%192.168.254.151@40-2C-F4-04-E9-6E', 'Melvin', 'Jhon Melvin', 'Windows 10@amd64', 'EVALUATION_SYSTEM', 'SUCCESS', 1),
	(2003, 1, '2017-10-18 04:38:56', '%192.168.254.151@40-2C-F4-04-E9-6E', 'Melvin', 'Jhon Melvin', 'Windows 10@amd64', 'EVALUATION_SYSTEM', 'SUCCESS', 1),
	(2004, 2, '2017-10-18 04:39:07', '%192.168.254.151@40-2C-F4-04-E9-6E', 'Melvin', 'Jhon Melvin', 'Windows 10@amd64', 'EVALUATION_SYSTEM', 'SUCCESS', 1),
	(2005, 1, '2017-10-18 04:43:30', '%192.168.254.151@40-2C-F4-04-E9-6E', 'Melvin', 'Jhon Melvin', 'Windows 10@amd64', 'EVALUATION_SYSTEM', 'SUCCESS', 1),
	(2006, 2, '2017-10-18 04:44:03', '%192.168.254.151@40-2C-F4-04-E9-6E', 'Melvin', 'Jhon Melvin', 'Windows 10@amd64', 'EVALUATION_SYSTEM', 'SUCCESS', 1),
	(2007, 1, '2017-10-18 04:46:51', '%192.168.254.151@40-2C-F4-04-E9-6E', 'Melvin', 'Jhon Melvin', 'Windows 10@amd64', 'EVALUATION_SYSTEM', 'SUCCESS', 1),
	(2008, 1, '2017-10-18 04:49:04', '%192.168.254.151@40-2C-F4-04-E9-6E', 'Melvin', 'Jhon Melvin', 'Windows 10@amd64', 'EVALUATION_SYSTEM', 'SUCCESS', 1),
	(2009, 1, '2017-10-18 04:51:35', '%192.168.254.151@40-2C-F4-04-E9-6E', 'Melvin', 'Jhon Melvin', 'Windows 10@amd64', 'EVALUATION_SYSTEM', 'SUCCESS', 1),
	(2010, 1, '2017-10-18 04:52:41', '%192.168.254.151@40-2C-F4-04-E9-6E', 'Melvin', 'Jhon Melvin', 'Windows 10@amd64', 'EVALUATION_SYSTEM', 'SUCCESS', 1),
	(2011, 1, '2017-10-18 04:55:55', '%192.168.254.151@40-2C-F4-04-E9-6E', 'Melvin', 'Jhon Melvin', 'Windows 10@amd64', 'EVALUATION_SYSTEM', 'SUCCESS', 1),
	(2012, 1, '2017-10-18 05:10:34', '%192.168.254.151@40-2C-F4-04-E9-6E', 'Melvin', 'Jhon Melvin', 'Windows 10@amd64', 'EVALUATION_SYSTEM', 'SUCCESS', 1),
	(2013, 1, '2017-10-18 05:13:59', '%192.168.254.151@40-2C-F4-04-E9-6E', 'Melvin', 'Jhon Melvin', 'Windows 10@amd64', 'EVALUATION_SYSTEM', 'SUCCESS', 1),
	(2014, 1, '2017-10-19 14:33:15', '%192.168.254.151@40-2C-F4-04-E9-6E', 'Melvin', 'Jhon Melvin', 'Windows 10@amd64', 'EVALUATION_SYSTEM', 'SUCCESS', 1),
	(2015, 1, '2017-10-19 14:41:36', '%192.168.254.151@40-2C-F4-04-E9-6E', 'Melvin', 'Jhon Melvin', 'Windows 10@amd64', 'EVALUATION_SYSTEM', 'WRONG_PASSWORD', 1),
	(2016, 1, '2017-10-19 14:41:39', '%192.168.254.151@40-2C-F4-04-E9-6E', 'Melvin', 'Jhon Melvin', 'Windows 10@amd64', 'EVALUATION_SYSTEM', 'SUCCESS', 1),
	(2017, 1, '2017-10-19 14:55:04', '%192.168.254.151@40-2C-F4-04-E9-6E', 'Melvin', 'Jhon Melvin', 'Windows 10@amd64', 'EVALUATION_SYSTEM', 'SUCCESS', 1),
	(2018, 1, '2017-10-19 15:05:22', '%192.168.254.151@40-2C-F4-04-E9-6E', 'Melvin', 'Jhon Melvin', 'Windows 10@amd64', 'EVALUATION_SYSTEM', 'SUCCESS', 1),
	(2019, 1, '2017-10-19 15:06:58', '%192.168.254.151@40-2C-F4-04-E9-6E', 'Melvin', 'Jhon Melvin', 'Windows 10@amd64', 'EVALUATION_SYSTEM', 'SUCCESS', 1),
	(2020, 1, '2017-10-19 15:09:16', '%192.168.254.151@40-2C-F4-04-E9-6E', 'Melvin', 'Jhon Melvin', 'Windows 10@amd64', 'EVALUATION_SYSTEM', 'SUCCESS', 1),
	(2021, 1, '2017-10-19 15:13:26', '%192.168.254.151@40-2C-F4-04-E9-6E', 'Melvin', 'Jhon Melvin', 'Windows 10@amd64', 'EVALUATION_SYSTEM', 'SUCCESS', 1),
	(2022, 1, '2017-10-19 15:18:22', '%192.168.254.151@40-2C-F4-04-E9-6E', 'Melvin', 'Jhon Melvin', 'Windows 10@amd64', 'EVALUATION_SYSTEM', 'SUCCESS', 1),
	(2023, 1, '2017-10-19 15:32:57', '%192.168.254.151@40-2C-F4-04-E9-6E', 'Melvin', 'Jhon Melvin', 'Windows 10@amd64', 'EVALUATION_SYSTEM', 'SUCCESS', 1),
	(2024, 1, '2017-10-19 15:40:55', '%192.168.254.151@40-2C-F4-04-E9-6E', 'Melvin', 'Jhon Melvin', 'Windows 10@amd64', 'EVALUATION_SYSTEM', 'SUCCESS', 1),
	(2025, 1, '2017-10-19 15:43:50', '%192.168.254.151@40-2C-F4-04-E9-6E', 'Melvin', 'Jhon Melvin', 'Windows 10@amd64', 'EVALUATION_SYSTEM', 'SUCCESS', 1),
	(2026, 2, '2017-10-19 15:45:25', '%192.168.254.151@40-2C-F4-04-E9-6E', 'Melvin', 'Jhon Melvin', 'Windows 10@amd64', 'EVALUATION_SYSTEM', 'SUCCESS', 1),
	(2027, 1, '2017-10-19 16:14:35', '%192.168.254.151@40-2C-F4-04-E9-6E', 'Melvin', 'Jhon Melvin', 'Windows 10@amd64', 'EVALUATION_SYSTEM', 'SUCCESS', 1),
	(2028, 2, '2017-10-19 16:15:25', '%192.168.254.151@40-2C-F4-04-E9-6E', 'Melvin', 'Jhon Melvin', 'Windows 10@amd64', 'EVALUATION_SYSTEM', 'SUCCESS', 1),
	(2029, 1, '2017-10-19 16:15:56', '%192.168.254.151@40-2C-F4-04-E9-6E', 'Melvin', 'Jhon Melvin', 'Windows 10@amd64', 'EVALUATION_SYSTEM', 'SUCCESS', 1),
	(2030, 1, '2017-10-19 16:16:38', '%192.168.254.151@40-2C-F4-04-E9-6E', 'Melvin', 'Jhon Melvin', 'Windows 10@amd64', 'EVALUATION_SYSTEM', 'SUCCESS', 1),
	(2031, 2, '2017-10-19 16:17:21', '%192.168.254.151@40-2C-F4-04-E9-6E', 'Melvin', 'Jhon Melvin', 'Windows 10@amd64', 'EVALUATION_SYSTEM', 'SUCCESS', 1),
	(2032, 1, '2017-10-19 16:28:19', '%192.168.254.151@40-2C-F4-04-E9-6E', 'Melvin', 'Jhon Melvin', 'Windows 10@amd64', 'EVALUATION_SYSTEM', 'SUCCESS', 1),
	(2033, 1, '2017-10-19 16:28:59', '%192.168.254.151@40-2C-F4-04-E9-6E', 'Melvin', 'Jhon Melvin', 'Windows 10@amd64', 'EVALUATION_SYSTEM', 'SUCCESS', 1),
	(2034, 1, '2017-10-19 16:33:50', '%192.168.254.151@40-2C-F4-04-E9-6E', 'Melvin', 'Jhon Melvin', 'Windows 10@amd64', 'EVALUATION_SYSTEM', 'SUCCESS', 1),
	(2035, 1, '2017-10-19 16:40:44', '%192.168.254.151@40-2C-F4-04-E9-6E', 'Melvin', 'Jhon Melvin', 'Windows 10@amd64', 'EVALUATION_SYSTEM', 'SUCCESS', 1),
	(2036, 1, '2017-10-19 18:37:18', '%192.168.254.151@40-2C-F4-04-E9-6E', 'Melvin', 'Jhon Melvin', 'Windows 10@amd64', 'EVALUATION_SYSTEM', 'SUCCESS', 1),
	(2037, 1, '2017-10-19 18:39:43', '%192.168.254.151@40-2C-F4-04-E9-6E', 'Melvin', 'Jhon Melvin', 'Windows 10@amd64', 'EVALUATION_SYSTEM', 'SUCCESS', 1),
	(2038, 1, '2017-10-19 18:41:36', '%192.168.254.151@40-2C-F4-04-E9-6E', 'Melvin', 'Jhon Melvin', 'Windows 10@amd64', 'EVALUATION_SYSTEM', 'SUCCESS', 1);
/*!40000 ALTER TABLE `account_faculty_attempt` ENABLE KEYS */;

-- Dumping structure for table cictems.account_faculty_session
CREATE TABLE IF NOT EXISTS `account_faculty_session` (
  `session_id` int(11) NOT NULL AUTO_INCREMENT,
  `FACULTY_account_id` int(11) NOT NULL DEFAULT '0',
  `session_start` datetime DEFAULT NULL,
  `keep_alive` datetime DEFAULT NULL,
  `ip_address` varchar(200) COLLATE utf8_unicode_ci DEFAULT NULL,
  `pc_name` varchar(50) COLLATE utf8_unicode_ci DEFAULT NULL,
  `pc_username` varchar(50) COLLATE utf8_unicode_ci DEFAULT NULL,
  `os` varchar(50) COLLATE utf8_unicode_ci DEFAULT NULL,
  `session_end` datetime DEFAULT NULL,
  `platform` varchar(50) COLLATE utf8_unicode_ci DEFAULT 'Unknown',
  `active` int(11) NOT NULL DEFAULT '1',
  PRIMARY KEY (`session_id`),
  KEY `session_fk_from_account_faculty_id` (`FACULTY_account_id`),
  CONSTRAINT `session_fk_from_account_faculty_id` FOREIGN KEY (`FACULTY_account_id`) REFERENCES `account_faculty` (`id`)
) ENGINE=InnoDB AUTO_INCREMENT=1868 DEFAULT CHARSET=utf8 COLLATE=utf8_unicode_ci;

-- Dumping data for table cictems.account_faculty_session: ~250 rows (approximately)
/*!40000 ALTER TABLE `account_faculty_session` DISABLE KEYS */;
INSERT INTO `account_faculty_session` (`session_id`, `FACULTY_account_id`, `session_start`, `keep_alive`, `ip_address`, `pc_name`, `pc_username`, `os`, `session_end`, `platform`, `active`) VALUES
	(1595, 1, '2017-10-11 18:39:01', '2017-10-11 18:40:31', '%192.168.254.151@40-2C-F4-04-E9-6E%192.168.254.151@40-2C-F4-04-E9-6E', 'Melvin', 'Jhon Melvin', 'Windows 10@amd64', '2017-10-11 18:39:58', 'EVALUATION_SYSTEM', 1),
	(1596, 1, '2017-10-11 18:40:01', '2017-10-11 18:41:02', '%192.168.254.151@40-2C-F4-04-E9-6E', 'Melvin', 'Jhon Melvin', 'Windows 10@amd64', '2017-10-11 18:40:06', 'EVALUATION_SYSTEM', 1),
	(1597, 1, '2017-10-11 18:40:43', '2017-10-11 18:56:43', '%192.168.254.151@40-2C-F4-04-E9-6E', 'Melvin', 'Jhon Melvin', 'Windows 10@amd64', '2017-10-11 18:56:06', 'EVALUATION_SYSTEM', 1),
	(1598, 1, '2017-10-11 19:14:45', '2017-10-11 19:15:46', '%192.168.254.151@40-2C-F4-04-E9-6E', 'Melvin', 'Jhon Melvin', 'Windows 10@amd64', '2017-10-11 19:16:40', 'EVALUATION_SYSTEM', 1),
	(1599, 1, '2017-10-11 19:16:42', '2017-10-11 19:17:42', '%192.168.254.151@40-2C-F4-04-E9-6E', 'Melvin', 'Jhon Melvin', 'Windows 10@amd64', '2017-10-11 19:16:50', 'EVALUATION_SYSTEM', 1),
	(1600, 1, '2017-10-11 19:18:34', '2017-10-11 19:22:04', '%192.168.254.151@40-2C-F4-04-E9-6E', 'Melvin', 'Jhon Melvin', 'Windows 10@amd64', '2017-10-11 19:21:12', 'EVALUATION_SYSTEM', 1),
	(1601, 1, '2017-10-11 19:22:26', '2017-10-11 19:24:26', '%192.168.254.151@40-2C-F4-04-E9-6E', 'Melvin', 'Jhon Melvin', 'Windows 10@amd64', '2017-10-11 19:23:46', 'EVALUATION_SYSTEM', 1),
	(1602, 1, '2017-10-11 19:28:30', '2017-10-11 19:29:31', '%192.168.254.151@40-2C-F4-04-E9-6E', 'Melvin', 'Jhon Melvin', 'Windows 10@amd64', '2017-10-11 19:28:52', 'EVALUATION_SYSTEM', 1),
	(1603, 1, '2017-10-11 23:15:37', '2017-10-11 23:17:07', '%192.168.254.151@40-2C-F4-04-E9-6E', 'Melvin', 'Jhon Melvin', 'Windows 10@amd64', '2017-10-11 23:16:30', 'EVALUATION_SYSTEM', 1),
	(1604, 1, '2017-10-11 23:17:15', '2017-10-11 23:23:15', '%192.168.254.151@40-2C-F4-04-E9-6E', 'Melvin', 'Jhon Melvin', 'Windows 10@amd64', '2017-10-11 23:22:23', 'EVALUATION_SYSTEM', 1),
	(1605, 1, '2017-10-11 23:22:49', '2017-10-11 23:24:19', '%192.168.254.151@40-2C-F4-04-E9-6E', 'Melvin', 'Jhon Melvin', 'Windows 10@amd64', '2017-10-11 23:23:27', 'EVALUATION_SYSTEM', 1),
	(1606, 1, '2017-10-11 23:29:17', '2017-10-11 23:30:47', '%192.168.254.151@40-2C-F4-04-E9-6E', 'Melvin', 'Jhon Melvin', 'Windows 10@amd64', '2017-10-11 23:29:49', 'EVALUATION_SYSTEM', 1),
	(1607, 2, '2017-10-11 23:29:52', '2017-10-11 23:30:52', '%192.168.254.151@40-2C-F4-04-E9-6E', 'Melvin', 'Jhon Melvin', 'Windows 10@amd64', '2017-10-11 23:30:08', 'EVALUATION_SYSTEM', 1),
	(1608, 1, '2017-10-11 23:30:13', '2017-10-11 23:31:43', '%192.168.254.151@40-2C-F4-04-E9-6E', 'Melvin', 'Jhon Melvin', 'Windows 10@amd64', '2017-10-11 23:30:49', 'EVALUATION_SYSTEM', 1),
	(1609, 1, '2017-10-11 23:43:26', '2017-10-11 23:44:26', '%192.168.254.151@40-2C-F4-04-E9-6E', 'Melvin', 'Jhon Melvin', 'Windows 10@amd64', '2017-10-11 23:43:33', 'EVALUATION_SYSTEM', 1),
	(1610, 1, '2017-10-11 23:46:46', '2017-10-11 23:47:46', '%192.168.254.151@40-2C-F4-04-E9-6E', 'Melvin', 'Jhon Melvin', 'Windows 10@amd64', '2017-10-11 23:47:02', 'EVALUATION_SYSTEM', 1),
	(1611, 1, '2017-10-11 23:47:55', '2017-10-11 23:49:25', '%192.168.254.151@40-2C-F4-04-E9-6E', 'Melvin', 'Jhon Melvin', 'Windows 10@amd64', '2017-10-11 23:48:31', 'EVALUATION_SYSTEM', 1),
	(1612, 1, '2017-10-11 23:54:48', '2017-10-11 23:55:48', '%192.168.254.151@40-2C-F4-04-E9-6E', 'Melvin', 'Jhon Melvin', 'Windows 10@amd64', '2017-10-11 23:55:14', 'EVALUATION_SYSTEM', 1),
	(1613, 1, '2017-10-11 23:56:01', '2017-10-11 23:58:31', '%192.168.254.151@40-2C-F4-04-E9-6E', 'Melvin', 'Jhon Melvin', 'Windows 10@amd64', '2017-10-11 23:57:40', 'EVALUATION_SYSTEM', 1),
	(1614, 1, '2017-10-11 23:58:01', '2017-10-11 23:59:01', '%192.168.254.151@40-2C-F4-04-E9-6E', 'Melvin', 'Jhon Melvin', 'Windows 10@amd64', '2017-10-11 23:58:28', 'EVALUATION_SYSTEM', 1),
	(1615, 1, '2017-10-11 23:59:16', '2017-10-12 00:02:16', '%192.168.254.151@40-2C-F4-04-E9-6E', 'Melvin', 'Jhon Melvin', 'Windows 10@amd64', '2017-10-12 00:01:37', 'EVALUATION_SYSTEM', 1),
	(1616, 1, '2017-10-12 00:01:58', '2017-10-12 00:02:58', '%192.168.254.151@40-2C-F4-04-E9-6E', 'Melvin', 'Jhon Melvin', 'Windows 10@amd64', '2017-10-12 00:02:09', 'EVALUATION_SYSTEM', 1),
	(1617, 1, '2017-10-12 00:02:12', '2017-10-12 00:03:42', '%192.168.254.151@40-2C-F4-04-E9-6E', 'Melvin', 'Jhon Melvin', 'Windows 10@amd64', '2017-10-12 00:03:09', 'EVALUATION_SYSTEM', 1),
	(1618, 1, '2017-10-12 00:03:31', '2017-10-12 00:06:31', '%192.168.254.151@40-2C-F4-04-E9-6E', 'Melvin', 'Jhon Melvin', 'Windows 10@amd64', '2017-10-12 00:05:34', 'EVALUATION_SYSTEM', 1),
	(1619, 1, '2017-10-12 00:05:55', '2017-10-12 00:06:55', '%192.168.254.151@40-2C-F4-04-E9-6E', 'Melvin', 'Jhon Melvin', 'Windows 10@amd64', '2017-10-12 00:06:04', 'EVALUATION_SYSTEM', 1),
	(1620, 1, '2017-10-12 00:06:57', '2017-10-12 00:07:58', '%192.168.254.151@40-2C-F4-04-E9-6E', 'Melvin', 'Jhon Melvin', 'Windows 10@amd64', '2017-10-12 00:07:07', 'EVALUATION_SYSTEM', 1),
	(1621, 1, '2017-10-12 00:07:10', '2017-10-12 00:08:10', '%192.168.254.151@40-2C-F4-04-E9-6E', 'Melvin', 'Jhon Melvin', 'Windows 10@amd64', '2017-10-12 00:07:30', 'EVALUATION_SYSTEM', 1),
	(1622, 1, '2017-10-12 04:12:30', '2017-10-12 04:14:00', '%192.168.254.151@40-2C-F4-04-E9-6E', 'Melvin', 'Jhon Melvin', 'Windows 10@amd64', '2017-10-12 04:13:07', 'EVALUATION_SYSTEM', 1),
	(1623, 1, '2017-10-12 04:14:47', '2017-10-12 04:16:47', '%192.168.254.151@40-2C-F4-04-E9-6E', 'Melvin', 'Jhon Melvin', 'Windows 10@amd64', '2017-10-12 04:15:52', 'EVALUATION_SYSTEM', 1),
	(1624, 1, '2017-10-12 04:16:54', '2017-10-12 04:23:24', '%192.168.254.151@40-2C-F4-04-E9-6E', 'Melvin', 'Jhon Melvin', 'Windows 10@amd64', '2017-10-12 04:22:51', 'EVALUATION_SYSTEM', 1),
	(1625, 1, '2017-10-12 04:23:44', '2017-10-12 04:26:14', '%192.168.254.151@40-2C-F4-04-E9-6E', 'Melvin', 'Jhon Melvin', 'Windows 10@amd64', '2017-10-12 04:25:30', 'EVALUATION_SYSTEM', 1),
	(1626, 1, '2017-10-12 04:26:07', '2017-10-12 04:28:37', '%192.168.254.151@40-2C-F4-04-E9-6E', 'Melvin', 'Jhon Melvin', 'Windows 10@amd64', '2017-10-12 04:27:45', 'EVALUATION_SYSTEM', 1),
	(1627, 1, '2017-10-12 04:28:25', '2017-10-12 04:32:25', '%192.168.254.151@40-2C-F4-04-E9-6E', 'Melvin', 'Jhon Melvin', 'Windows 10@amd64', '2017-10-12 04:31:29', 'EVALUATION_SYSTEM', 1),
	(1628, 1, '2017-10-12 04:32:52', '2017-10-12 04:33:52', '%192.168.254.151@40-2C-F4-04-E9-6E', 'Melvin', 'Jhon Melvin', 'Windows 10@amd64', '2017-10-12 04:33:09', 'EVALUATION_SYSTEM', 1),
	(1629, 1, '2017-10-12 04:43:13', '2017-10-12 04:44:13', '%192.168.254.151@40-2C-F4-04-E9-6E', 'Melvin', 'Jhon Melvin', 'Windows 10@amd64', '2017-10-12 04:43:27', 'EVALUATION_SYSTEM', 1),
	(1630, 1, '2017-10-12 04:51:59', '2017-10-12 04:52:59', '%192.168.254.151@40-2C-F4-04-E9-6E', 'Melvin', 'Jhon Melvin', 'Windows 10@amd64', '2017-10-12 04:52:21', 'EVALUATION_SYSTEM', 1),
	(1631, 1, '2017-10-12 05:03:28', '2017-10-12 05:04:58', '%192.168.254.151@40-2C-F4-04-E9-6E', 'Melvin', 'Jhon Melvin', 'Windows 10@amd64', '2017-10-12 05:04:24', 'EVALUATION_SYSTEM', 1),
	(1632, 1, '2017-10-12 05:04:57', '2017-10-12 05:05:57', '%192.168.254.151@40-2C-F4-04-E9-6E', 'Melvin', 'Jhon Melvin', 'Windows 10@amd64', '2017-10-12 05:05:10', 'EVALUATION_SYSTEM', 1),
	(1633, 1, '2017-10-12 05:39:14', '2017-10-12 05:43:14', '%192.168.254.151@40-2C-F4-04-E9-6E', 'Melvin', 'Jhon Melvin', 'Windows 10@amd64', '2017-10-12 05:42:23', 'EVALUATION_SYSTEM', 1),
	(1634, 1, '2017-10-12 05:42:52', '2017-10-12 05:45:52', '%192.168.254.151@40-2C-F4-04-E9-6E', 'Melvin', 'Jhon Melvin', 'Windows 10@amd64', '2017-10-12 05:45:17', 'EVALUATION_SYSTEM', 1),
	(1635, 1, '2017-10-12 05:45:39', '2017-10-12 05:50:09', '%192.168.254.151@40-2C-F4-04-E9-6E', 'Melvin', 'Jhon Melvin', 'Windows 10@amd64', '2017-10-12 05:49:21', 'EVALUATION_SYSTEM', 1),
	(1636, 1, '2017-10-12 05:49:43', '2017-10-12 05:51:43', '%192.168.254.151@40-2C-F4-04-E9-6E', 'Melvin', 'Jhon Melvin', 'Windows 10@amd64', '2017-10-12 05:50:54', 'EVALUATION_SYSTEM', 1),
	(1637, 1, '2017-10-12 05:51:27', '2017-10-12 06:00:57', '%192.168.254.151@40-2C-F4-04-E9-6E', 'Melvin', 'Jhon Melvin', 'Windows 10@amd64', '2017-10-12 06:00:07', 'EVALUATION_SYSTEM', 1),
	(1638, 1, '2017-10-12 06:00:31', '2017-10-12 06:02:01', '%192.168.254.151@40-2C-F4-04-E9-6E', 'Melvin', 'Jhon Melvin', 'Windows 10@amd64', '2017-10-12 06:01:13', 'EVALUATION_SYSTEM', 1),
	(1639, 1, '2017-10-12 06:02:01', '2017-10-12 06:03:02', '%192.168.254.151@40-2C-F4-04-E9-6E', 'Melvin', 'Jhon Melvin', 'Windows 10@amd64', '2017-10-12 06:02:12', 'EVALUATION_SYSTEM', 1),
	(1640, 1, '2017-10-12 06:05:53', '2017-10-12 06:06:53', '%192.168.254.151@40-2C-F4-04-E9-6E', 'Melvin', 'Jhon Melvin', 'Windows 10@amd64', '2017-10-12 06:06:08', 'EVALUATION_SYSTEM', 1),
	(1641, 1, '2017-10-12 06:20:41', '2017-10-12 06:29:11', '%192.168.254.151@40-2C-F4-04-E9-6E', 'Melvin', 'Jhon Melvin', 'Windows 10@amd64', '2017-10-12 06:28:34', 'EVALUATION_SYSTEM', 1),
	(1642, 1, '2017-10-12 06:28:57', '2017-10-12 06:29:57', '%192.168.254.151@40-2C-F4-04-E9-6E', 'Melvin', 'Jhon Melvin', 'Windows 10@amd64', '2017-10-12 06:29:24', 'EVALUATION_SYSTEM', 1),
	(1643, 1, '2017-10-12 06:30:16', '2017-10-12 06:31:16', '%192.168.254.151@40-2C-F4-04-E9-6E', 'Melvin', 'Jhon Melvin', 'Windows 10@amd64', '2017-10-12 06:30:34', 'EVALUATION_SYSTEM', 1),
	(1644, 1, '2017-10-12 06:37:24', '2017-10-12 06:38:24', '%192.168.254.151@40-2C-F4-04-E9-6E', 'Melvin', 'Jhon Melvin', 'Windows 10@amd64', '2017-10-12 06:37:48', 'EVALUATION_SYSTEM', 1),
	(1645, 1, '2017-10-12 06:49:23', '2017-10-12 06:50:53', '%192.168.254.151@40-2C-F4-04-E9-6E', 'Melvin', 'Jhon Melvin', 'Windows 10@amd64', '2017-10-12 06:50:22', 'EVALUATION_SYSTEM', 1),
	(1646, 1, '2017-10-12 07:23:48', '2017-10-12 07:37:48', '%192.168.254.151@40-2C-F4-04-E9-6E', 'Melvin', 'Jhon Melvin', 'Windows 10@amd64', '2017-10-12 07:37:01', 'EVALUATION_SYSTEM', 1),
	(1647, 1, '2017-10-12 07:38:22', '2017-10-12 07:41:23', '%192.168.254.151@40-2C-F4-04-E9-6E', 'Melvin', 'Jhon Melvin', 'Windows 10@amd64', '2017-10-12 07:40:48', 'EVALUATION_SYSTEM', 1),
	(1648, 1, '2017-10-12 15:39:47', '2017-10-12 15:40:48', '%192.168.254.151@40-2C-F4-04-E9-6E', 'Melvin', 'Jhon Melvin', 'Windows 10@amd64', '2017-10-12 15:40:11', 'EVALUATION_SYSTEM', 1),
	(1649, 1, '2017-10-12 15:46:35', '2017-10-12 15:47:35', '%192.168.254.151@40-2C-F4-04-E9-6E', 'Melvin', 'Jhon Melvin', 'Windows 10@amd64', '2017-10-12 15:46:52', 'EVALUATION_SYSTEM', 1),
	(1650, 1, '2017-10-12 15:52:29', '2017-10-12 15:53:59', '%192.168.254.151@40-2C-F4-04-E9-6E', 'Melvin', 'Jhon Melvin', 'Windows 10@amd64', '2017-10-12 15:53:18', 'EVALUATION_SYSTEM', 1),
	(1651, 1, '2017-10-12 15:56:09', '2017-10-12 15:57:39', '%192.168.254.151@40-2C-F4-04-E9-6E', 'Melvin', 'Jhon Melvin', 'Windows 10@amd64', '2017-10-12 15:56:53', 'EVALUATION_SYSTEM', 1),
	(1652, 1, '2017-10-12 15:57:19', '2017-10-12 15:58:49', '%192.168.254.151@40-2C-F4-04-E9-6E', 'Melvin', 'Jhon Melvin', 'Windows 10@amd64', '2017-10-12 15:58:10', 'EVALUATION_SYSTEM', 1),
	(1653, 1, '2017-10-12 16:00:18', '2017-10-12 16:01:19', '%192.168.254.151@40-2C-F4-04-E9-6E', 'Melvin', 'Jhon Melvin', 'Windows 10@amd64', '2017-10-12 16:00:41', 'EVALUATION_SYSTEM', 1),
	(1654, 1, '2017-10-12 16:01:32', '2017-10-12 16:03:02', '%192.168.254.151@40-2C-F4-04-E9-6E', 'Melvin', 'Jhon Melvin', 'Windows 10@amd64', '2017-10-12 16:02:26', 'EVALUATION_SYSTEM', 1),
	(1655, 1, '2017-10-12 16:05:05', '2017-10-12 16:06:05', '%192.168.254.151@40-2C-F4-04-E9-6E', 'Melvin', 'Jhon Melvin', 'Windows 10@amd64', '2017-10-12 16:05:19', 'EVALUATION_SYSTEM', 1),
	(1656, 1, '2017-10-12 16:07:50', '2017-10-12 16:09:20', '%192.168.254.151@40-2C-F4-04-E9-6E', 'Melvin', 'Jhon Melvin', 'Windows 10@amd64', '2017-10-12 16:08:29', 'EVALUATION_SYSTEM', 1),
	(1657, 1, '2017-10-12 16:09:20', '2017-10-12 16:10:50', '%192.168.254.151@40-2C-F4-04-E9-6E', 'Melvin', 'Jhon Melvin', 'Windows 10@amd64', '2017-10-12 16:09:52', 'EVALUATION_SYSTEM', 1),
	(1658, 1, '2017-10-12 16:10:19', '2017-10-12 16:11:20', '%192.168.254.151@40-2C-F4-04-E9-6E', 'Melvin', 'Jhon Melvin', 'Windows 10@amd64', '2017-10-12 16:10:43', 'EVALUATION_SYSTEM', 1),
	(1659, 1, '2017-10-12 16:24:25', '2017-10-12 16:25:26', '%192.168.254.151@40-2C-F4-04-E9-6E', 'Melvin', 'Jhon Melvin', 'Windows 10@amd64', '2017-10-12 16:24:42', 'EVALUATION_SYSTEM', 1),
	(1660, 1, '2017-10-12 16:25:36', '2017-10-12 16:26:36', '%192.168.254.151@40-2C-F4-04-E9-6E', 'Melvin', 'Jhon Melvin', 'Windows 10@amd64', '2017-10-12 16:25:53', 'EVALUATION_SYSTEM', 1),
	(1661, 1, '2017-10-12 16:35:57', '2017-10-12 16:38:27', '%192.168.254.151@40-2C-F4-04-E9-6E', 'Melvin', 'Jhon Melvin', 'Windows 10@amd64', '2017-10-12 16:37:33', 'EVALUATION_SYSTEM', 1),
	(1662, 1, '2017-10-12 16:37:55', '2017-10-12 16:38:56', '%192.168.254.151@40-2C-F4-04-E9-6E', 'Melvin', 'Jhon Melvin', 'Windows 10@amd64', '2017-10-12 16:38:11', 'EVALUATION_SYSTEM', 1),
	(1663, 1, '2017-10-12 17:20:16', '2017-10-12 17:21:17', '%192.168.254.151@40-2C-F4-04-E9-6E', 'Melvin', 'Jhon Melvin', 'Windows 10@amd64', '2017-10-12 17:20:44', 'EVALUATION_SYSTEM', 1),
	(1664, 1, '2017-10-12 17:39:16', '2017-10-12 17:44:16', '%192.168.254.151@40-2C-F4-04-E9-6E', 'Melvin', 'Jhon Melvin', 'Windows 10@amd64', '2017-10-12 17:43:17', 'EVALUATION_SYSTEM', 1),
	(1665, 1, '2017-10-12 17:44:19', '2017-10-12 17:45:49', '%192.168.254.151@40-2C-F4-04-E9-6E', 'Melvin', 'Jhon Melvin', 'Windows 10@amd64', '2017-10-12 17:45:01', 'EVALUATION_SYSTEM', 1),
	(1666, 1, '2017-10-13 04:30:53', '2017-10-13 04:32:23', '%192.168.254.151@40-2C-F4-04-E9-6E', 'Melvin', 'Jhon Melvin', 'Windows 10@amd64', '2017-10-13 04:31:44', 'EVALUATION_SYSTEM', 1),
	(1667, 1, '2017-10-13 04:33:37', '2017-10-13 04:35:07', '%192.168.254.151@40-2C-F4-04-E9-6E', 'Melvin', 'Jhon Melvin', 'Windows 10@amd64', '2017-10-13 04:34:34', 'EVALUATION_SYSTEM', 1),
	(1668, 1, '2017-10-13 04:42:47', '2017-10-13 04:43:47', '%192.168.254.151@40-2C-F4-04-E9-6E', 'Melvin', 'Jhon Melvin', 'Windows 10@amd64', '2017-10-13 04:43:04', 'EVALUATION_SYSTEM', 1),
	(1669, 1, '2017-10-13 04:44:14', '2017-10-13 04:47:14', '%192.168.254.151@40-2C-F4-04-E9-6E', 'Melvin', 'Jhon Melvin', 'Windows 10@amd64', '2017-10-13 04:46:18', 'EVALUATION_SYSTEM', 1),
	(1670, 1, '2017-10-13 04:58:09', '2017-10-13 04:59:09', '%192.168.254.151@40-2C-F4-04-E9-6E', 'Melvin', 'Jhon Melvin', 'Windows 10@amd64', '2017-10-13 04:58:27', 'EVALUATION_SYSTEM', 1),
	(1671, 1, '2017-10-13 04:59:10', '2017-10-13 05:05:10', '%192.168.254.151@40-2C-F4-04-E9-6E', 'Melvin', 'Jhon Melvin', 'Windows 10@amd64', '2017-10-13 05:04:37', 'EVALUATION_SYSTEM', 1),
	(1672, 1, '2017-10-13 05:05:41', '2017-10-13 05:12:11', '%192.168.254.151@40-2C-F4-04-E9-6E', 'Melvin', 'Jhon Melvin', 'Windows 10@amd64', '2017-10-13 05:11:21', 'EVALUATION_SYSTEM', 1),
	(1673, 1, '2017-10-13 17:53:50', '2017-10-13 18:35:21', '%192.168.254.151@40-2C-F4-04-E9-6E', 'Melvin', 'Jhon Melvin', 'Windows 10@amd64', '2017-10-13 18:34:44', 'EVALUATION_SYSTEM', 1),
	(1674, 1, '2017-10-13 18:35:27', '2017-10-13 18:40:27', '%192.168.254.151@40-2C-F4-04-E9-6E', 'Melvin', 'Jhon Melvin', 'Windows 10@amd64', '2017-10-13 18:39:28', 'EVALUATION_SYSTEM', 1),
	(1675, 1, '2017-10-13 18:39:59', '2017-10-13 18:43:29', '%192.168.254.151@40-2C-F4-04-E9-6E', 'Melvin', 'Jhon Melvin', 'Windows 10@amd64', '2017-10-13 18:42:46', 'EVALUATION_SYSTEM', 1),
	(1676, 1, '2017-10-13 18:48:57', '2017-10-13 18:49:58', '%192.168.254.151@40-2C-F4-04-E9-6E', 'Melvin', 'Jhon Melvin', 'Windows 10@amd64', '2017-10-13 18:49:15', 'EVALUATION_SYSTEM', 1),
	(1677, 1, '2017-10-13 18:51:06', '2017-10-13 18:59:07', '%192.168.254.151@40-2C-F4-04-E9-6E', 'Melvin', 'Jhon Melvin', 'Windows 10@amd64', '2017-10-13 18:58:34', 'EVALUATION_SYSTEM', 1),
	(1678, 1, '2017-10-13 18:58:38', '2017-10-13 18:59:39', '%192.168.254.151@40-2C-F4-04-E9-6E', 'Melvin', 'Jhon Melvin', 'Windows 10@amd64', '2017-10-13 18:58:48', 'EVALUATION_SYSTEM', 1),
	(1679, 1, '2017-10-13 19:03:58', '2017-10-13 19:04:58', '%192.168.254.151@40-2C-F4-04-E9-6E', 'Melvin', 'Jhon Melvin', 'Windows 10@amd64', '2017-10-13 19:04:14', 'EVALUATION_SYSTEM', 1),
	(1680, 1, '2017-10-13 19:48:45', '2017-10-13 19:52:45', '%192.168.254.151@40-2C-F4-04-E9-6E', 'Melvin', 'Jhon Melvin', 'Windows 10@amd64', '2017-10-13 19:51:52', 'EVALUATION_SYSTEM', 1),
	(1681, 1, '2017-10-13 20:20:51', '2017-10-13 20:29:21', '%192.168.254.151@40-2C-F4-04-E9-6E', 'Melvin', 'Jhon Melvin', 'Windows 10@amd64', '2017-10-13 20:28:36', 'EVALUATION_SYSTEM', 1),
	(1682, 1, '2017-10-13 20:30:27', '2017-10-13 20:31:28', '%192.168.254.151@40-2C-F4-04-E9-6E', 'Melvin', 'Jhon Melvin', 'Windows 10@amd64', '2017-10-13 20:30:40', 'EVALUATION_SYSTEM', 1),
	(1683, 1, '2017-10-13 20:35:43', '2017-10-13 20:39:14', '%192.168.254.151@40-2C-F4-04-E9-6E', 'Melvin', 'Jhon Melvin', 'Windows 10@amd64', '2017-10-13 20:38:32', 'EVALUATION_SYSTEM', 1),
	(1684, 1, '2017-10-13 20:39:54', '2017-10-13 20:45:54', '%192.168.254.151@40-2C-F4-04-E9-6E', 'Melvin', 'Jhon Melvin', 'Windows 10@amd64', '2017-10-13 20:45:22', 'EVALUATION_SYSTEM', 1),
	(1685, 1, '2017-10-13 20:46:44', '2017-10-13 20:49:44', '%192.168.254.151@40-2C-F4-04-E9-6E', 'Melvin', 'Jhon Melvin', 'Windows 10@amd64', '2017-10-13 20:48:57', 'EVALUATION_SYSTEM', 1),
	(1686, 1, '2017-10-13 21:14:31', '2017-10-13 21:47:32', '%192.168.254.151@40-2C-F4-04-E9-6E', 'Melvin', 'Jhon Melvin', 'Windows 10@amd64', '2017-10-13 21:46:40', 'EVALUATION_SYSTEM', 1),
	(1687, 1, '2017-10-13 21:48:08', '2017-10-13 22:00:08', '%192.168.254.151@40-2C-F4-04-E9-6E', 'Melvin', 'Jhon Melvin', 'Windows 10@amd64', '2017-10-13 21:59:20', 'EVALUATION_SYSTEM', 1),
	(1688, 1, '2017-10-13 22:01:05', '2017-10-13 22:04:06', '%192.168.254.151@40-2C-F4-04-E9-6E', 'Melvin', 'Jhon Melvin', 'Windows 10@amd64', '2017-10-13 22:03:23', 'EVALUATION_SYSTEM', 1),
	(1689, 1, '2017-10-13 22:04:40', '2017-10-13 22:06:10', '%192.168.254.151@40-2C-F4-04-E9-6E', 'Melvin', 'Jhon Melvin', 'Windows 10@amd64', '2017-10-13 22:05:23', 'EVALUATION_SYSTEM', 1),
	(1690, 1, '2017-10-13 22:05:56', '2017-10-13 22:07:26', '%192.168.254.151@40-2C-F4-04-E9-6E', 'Melvin', 'Jhon Melvin', 'Windows 10@amd64', '2017-10-13 22:06:50', 'EVALUATION_SYSTEM', 1),
	(1691, 1, '2017-10-13 22:07:35', '2017-10-13 22:09:35', '%192.168.254.151@40-2C-F4-04-E9-6E', 'Melvin', 'Jhon Melvin', 'Windows 10@amd64', '2017-10-13 22:08:48', 'EVALUATION_SYSTEM', 1),
	(1692, 1, '2017-10-13 22:14:36', '2017-10-13 22:16:36', '%192.168.254.151@40-2C-F4-04-E9-6E', 'Melvin', 'Jhon Melvin', 'Windows 10@amd64', '2017-10-13 22:15:59', 'EVALUATION_SYSTEM', 1),
	(1693, 1, '2017-10-13 22:16:30', '2017-10-13 22:17:31', '%192.168.254.151@40-2C-F4-04-E9-6E', 'Melvin', 'Jhon Melvin', 'Windows 10@amd64', '2017-10-13 22:16:54', 'EVALUATION_SYSTEM', 1),
	(1694, 1, '2017-10-13 22:18:13', '2017-10-13 22:19:44', '%192.168.254.151@40-2C-F4-04-E9-6E', 'Melvin', 'Jhon Melvin', 'Windows 10@amd64', '2017-10-13 22:19:13', 'EVALUATION_SYSTEM', 1),
	(1695, 1, '2017-10-13 22:46:19', '2017-10-13 22:48:19', '%192.168.254.151@40-2C-F4-04-E9-6E', 'Melvin', 'Jhon Melvin', 'Windows 10@amd64', '2017-10-13 22:47:48', 'EVALUATION_SYSTEM', 1),
	(1696, 1, '2017-10-13 22:52:11', '2017-10-13 23:27:11', '%192.168.254.151@40-2C-F4-04-E9-6E', 'Melvin', 'Jhon Melvin', 'Windows 10@amd64', '2017-10-13 23:26:27', 'EVALUATION_SYSTEM', 1),
	(1697, 1, '2017-10-14 02:40:55', '2017-10-14 02:43:25', '%192.168.254.151@40-2C-F4-04-E9-6E', 'Melvin', 'Jhon Melvin', 'Windows 10@amd64', '2017-10-14 02:42:34', 'EVALUATION_SYSTEM', 1),
	(1698, 1, '2017-10-14 02:57:48', '2017-10-14 03:01:48', '%192.168.254.151@40-2C-F4-04-E9-6E', 'Melvin', 'Jhon Melvin', 'Windows 10@amd64', '2017-10-14 03:00:56', 'EVALUATION_SYSTEM', 1),
	(1699, 1, '2017-10-14 03:01:50', '2017-10-14 03:03:20', '%192.168.254.151@40-2C-F4-04-E9-6E', 'Melvin', 'Jhon Melvin', 'Windows 10@amd64', '2017-10-14 03:02:36', 'EVALUATION_SYSTEM', 1),
	(1700, 1, '2017-10-14 03:03:17', '2017-10-14 03:06:47', '%192.168.254.151@40-2C-F4-04-E9-6E', 'Melvin', 'Jhon Melvin', 'Windows 10@amd64', '2017-10-14 03:05:53', 'EVALUATION_SYSTEM', 1),
	(1701, 1, '2017-10-14 17:13:51', '2017-10-14 17:21:51', '%192.168.254.151@40-2C-F4-04-E9-6E', 'Melvin', 'Jhon Melvin', 'Windows 10@amd64', '2017-10-14 17:20:51', 'EVALUATION_SYSTEM', 1),
	(1702, 1, '2017-10-14 17:21:38', '2017-10-14 17:28:39', '%192.168.254.151@40-2C-F4-04-E9-6E', 'Melvin', 'Jhon Melvin', 'Windows 10@amd64', '2017-10-14 17:27:41', 'EVALUATION_SYSTEM', 1),
	(1703, 1, '2017-10-14 17:28:11', '2017-10-14 17:30:42', '%192.168.254.151@40-2C-F4-04-E9-6E', 'Melvin', 'Jhon Melvin', 'Windows 10@amd64', '2017-10-14 17:29:50', 'EVALUATION_SYSTEM', 1),
	(1704, 1, '2017-10-14 17:31:47', '2017-10-14 17:52:18', '%192.168.254.151@40-2C-F4-04-E9-6E', 'Melvin', 'Jhon Melvin', 'Windows 10@amd64', '2017-10-14 17:51:24', 'EVALUATION_SYSTEM', 1),
	(1705, 1, '2017-10-14 20:04:22', '2017-10-14 20:05:52', '%192.168.254.151@40-2C-F4-04-E9-6E', 'Melvin', 'Jhon Melvin', 'Windows 10@amd64', '2017-10-14 20:05:18', 'EVALUATION_SYSTEM', 1),
	(1706, 1, '2017-10-14 20:05:44', '2017-10-14 20:09:14', '%192.168.254.151@40-2C-F4-04-E9-6E', 'Melvin', 'Jhon Melvin', 'Windows 10@amd64', '2017-10-14 20:08:21', 'EVALUATION_SYSTEM', 1),
	(1707, 1, '2017-10-14 20:08:48', '2017-10-14 20:14:18', '%192.168.254.151@40-2C-F4-04-E9-6E', 'Melvin', 'Jhon Melvin', 'Windows 10@amd64', '2017-10-14 20:13:44', 'EVALUATION_SYSTEM', 1),
	(1708, 1, '2017-10-14 20:14:15', '2017-10-14 20:15:45', '%192.168.254.151@40-2C-F4-04-E9-6E', 'Melvin', 'Jhon Melvin', 'Windows 10@amd64', '2017-10-14 20:14:59', 'EVALUATION_SYSTEM', 1),
	(1709, 1, '2017-10-14 20:15:53', '2017-10-14 20:17:23', '%192.168.254.151@40-2C-F4-04-E9-6E', 'Melvin', 'Jhon Melvin', 'Windows 10@amd64', '2017-10-14 20:16:47', 'EVALUATION_SYSTEM', 1),
	(1710, 1, '2017-10-14 20:17:11', '2017-10-14 20:18:12', '%192.168.254.151@40-2C-F4-04-E9-6E', 'Melvin', 'Jhon Melvin', 'Windows 10@amd64', '2017-10-14 20:17:29', 'EVALUATION_SYSTEM', 1),
	(1711, 1, '2017-10-14 20:18:33', '2017-10-14 20:19:34', '%192.168.254.151@40-2C-F4-04-E9-6E', 'Melvin', 'Jhon Melvin', 'Windows 10@amd64', '2017-10-14 20:18:48', 'EVALUATION_SYSTEM', 1),
	(1712, 1, '2017-10-14 20:19:57', '2017-10-14 20:20:57', '%192.168.254.151@40-2C-F4-04-E9-6E', 'Melvin', 'Jhon Melvin', 'Windows 10@amd64', '2017-10-14 20:20:14', 'EVALUATION_SYSTEM', 1),
	(1713, 1, '2017-10-14 20:37:23', '2017-10-14 20:38:54', '%192.168.254.151@40-2C-F4-04-E9-6E', 'Melvin', 'Jhon Melvin', 'Windows 10@amd64', '2017-10-14 20:38:15', 'EVALUATION_SYSTEM', 1),
	(1714, 1, '2017-10-14 20:41:18', '2017-10-14 20:44:18', '%192.168.254.151@40-2C-F4-04-E9-6E', 'Melvin', 'Jhon Melvin', 'Windows 10@amd64', '2017-10-14 20:43:30', 'EVALUATION_SYSTEM', 1),
	(1715, 1, '2017-10-14 20:43:53', '2017-10-14 20:47:24', '%192.168.254.151@40-2C-F4-04-E9-6E', 'Melvin', 'Jhon Melvin', 'Windows 10@amd64', '2017-10-14 20:46:32', 'EVALUATION_SYSTEM', 1),
	(1716, 1, '2017-10-14 20:46:53', '2017-10-14 20:47:54', '%192.168.254.151@40-2C-F4-04-E9-6E', 'Melvin', 'Jhon Melvin', 'Windows 10@amd64', '2017-10-14 20:47:20', 'EVALUATION_SYSTEM', 1),
	(1717, 1, '2017-10-14 20:50:16', '2017-10-14 20:54:16', '%192.168.254.151@40-2C-F4-04-E9-6E', 'Melvin', 'Jhon Melvin', 'Windows 10@amd64', '2017-10-14 20:53:45', 'EVALUATION_SYSTEM', 1),
	(1718, 1, '2017-10-14 20:54:14', '2017-10-14 20:55:44', '%192.168.254.151@40-2C-F4-04-E9-6E', 'Melvin', 'Jhon Melvin', 'Windows 10@amd64', '2017-10-14 20:55:05', 'EVALUATION_SYSTEM', 1),
	(1719, 1, '2017-10-15 01:06:48', '2017-10-15 01:08:18', '%192.168.254.151@40-2C-F4-04-E9-6E', 'Melvin', 'Jhon Melvin', 'Windows 10@amd64', '2017-10-15 01:07:43', 'EVALUATION_SYSTEM', 1),
	(1720, 1, '2017-10-15 01:16:21', '2017-10-15 01:17:51', '%192.168.254.151@40-2C-F4-04-E9-6E', 'Melvin', 'Jhon Melvin', 'Windows 10@amd64', '2017-10-15 01:16:51', 'EVALUATION_SYSTEM', 1),
	(1721, 1, '2017-10-15 01:20:47', '2017-10-15 01:25:47', '%192.168.254.151@40-2C-F4-04-E9-6E', 'Melvin', 'Jhon Melvin', 'Windows 10@amd64', '2017-10-15 01:24:50', 'EVALUATION_SYSTEM', 1),
	(1722, 1, '2017-10-15 02:28:52', '2017-10-15 02:35:22', '%192.168.254.151@40-2C-F4-04-E9-6E', 'Melvin', 'Jhon Melvin', 'Windows 10@amd64', '2017-10-15 02:34:31', 'EVALUATION_SYSTEM', 1),
	(1723, 1, '2017-10-15 02:35:01', '2017-10-15 02:36:31', '%192.168.254.151@40-2C-F4-04-E9-6E', 'Melvin', 'Jhon Melvin', 'Windows 10@amd64', '2017-10-15 02:35:54', 'EVALUATION_SYSTEM', 1),
	(1724, 1, '2017-10-15 02:41:15', '2017-10-15 02:48:15', '%192.168.254.151@40-2C-F4-04-E9-6E', 'Melvin', 'Jhon Melvin', 'Windows 10@amd64', '2017-10-15 02:47:28', 'EVALUATION_SYSTEM', 1),
	(1725, 1, '2017-10-15 02:50:14', '2017-10-15 02:52:44', '%192.168.254.151@40-2C-F4-04-E9-6E', 'Melvin', 'Jhon Melvin', 'Windows 10@amd64', '2017-10-15 02:51:46', 'EVALUATION_SYSTEM', 1),
	(1726, 1, '2017-10-15 16:09:30', '2017-10-15 16:11:01', '%192.168.254.151@40-2C-F4-04-E9-6E', 'Melvin', 'Jhon Melvin', 'Windows 10@amd64', '2017-10-15 16:10:05', 'EVALUATION_SYSTEM', 1),
	(1727, 1, '2017-10-15 16:10:40', '2017-10-15 16:16:10', '%192.168.254.151@40-2C-F4-04-E9-6E', 'Melvin', 'Jhon Melvin', 'Windows 10@amd64', '2017-10-15 16:15:30', 'EVALUATION_SYSTEM', 1),
	(1728, 1, '2017-10-15 19:36:40', '2017-10-15 19:58:10', '%192.168.254.151@40-2C-F4-04-E9-6E', 'Melvin', 'Jhon Melvin', 'Windows 10@amd64', '2017-10-15 19:57:30', 'EVALUATION_SYSTEM', 1),
	(1729, 1, '2017-10-15 19:59:47', '2017-10-15 20:05:47', '%192.168.254.151@40-2C-F4-04-E9-6E', 'Melvin', 'Jhon Melvin', 'Windows 10@amd64', '2017-10-15 20:05:11', 'EVALUATION_SYSTEM', 1),
	(1730, 1, '2017-10-15 20:29:18', '2017-10-15 20:31:18', '%192.168.254.151@40-2C-F4-04-E9-6E', 'Melvin', 'Jhon Melvin', 'Windows 10@amd64', '2017-10-15 20:30:29', 'EVALUATION_SYSTEM', 1),
	(1731, 1, '2017-10-15 20:33:34', '2017-10-15 20:36:04', '%192.168.254.151@40-2C-F4-04-E9-6E', 'Melvin', 'Jhon Melvin', 'Windows 10@amd64', '2017-10-15 20:35:28', 'EVALUATION_SYSTEM', 1),
	(1732, 1, '2017-10-15 20:47:56', '2017-10-15 20:54:26', '%192.168.254.151@40-2C-F4-04-E9-6E', 'Melvin', 'Jhon Melvin', 'Windows 10@amd64', '2017-10-15 20:53:53', 'EVALUATION_SYSTEM', 1),
	(1733, 2, '2017-10-15 21:27:07', '2017-10-15 21:28:07', '%192.168.254.151@40-2C-F4-04-E9-6E', 'Melvin', 'Jhon Melvin', 'Windows 10@amd64', '2017-10-15 21:27:26', 'EVALUATION_SYSTEM', 1),
	(1734, 1, '2017-10-15 21:27:31', '2017-10-15 21:41:01', '%192.168.254.151@40-2C-F4-04-E9-6E', 'Melvin', 'Jhon Melvin', 'Windows 10@amd64', '2017-10-15 21:40:19', 'EVALUATION_SYSTEM', 1),
	(1735, 1, '2017-10-15 21:50:44', '2017-10-15 21:53:14', '%192.168.254.151@40-2C-F4-04-E9-6E', 'Melvin', 'Jhon Melvin', 'Windows 10@amd64', '2017-10-15 21:52:41', 'EVALUATION_SYSTEM', 1),
	(1736, 1, '2017-10-15 22:08:33', '2017-10-16 00:04:03', '%192.168.254.151@40-2C-F4-04-E9-6E', 'Melvin', 'Jhon Melvin', 'Windows 10@amd64', '2017-10-16 00:03:06', 'EVALUATION_SYSTEM', 1),
	(1737, 1, '2017-10-16 01:23:47', '2017-10-16 01:25:17', '%192.168.254.151@40-2C-F4-04-E9-6E', 'Melvin', 'Jhon Melvin', 'Windows 10@amd64', '2017-10-16 01:24:27', 'EVALUATION_SYSTEM', 1),
	(1738, 1, '2017-10-16 01:24:54', '2017-10-16 01:27:55', '%192.168.254.151@40-2C-F4-04-E9-6E', 'Melvin', 'Jhon Melvin', 'Windows 10@amd64', '2017-10-16 01:27:04', 'EVALUATION_SYSTEM', 1),
	(1739, 1, '2017-10-16 01:28:00', '2017-10-16 01:29:01', '%192.168.254.151@40-2C-F4-04-E9-6E', 'Melvin', 'Jhon Melvin', 'Windows 10@amd64', '2017-10-16 01:28:18', 'EVALUATION_SYSTEM', 1),
	(1740, 1, '2017-10-16 01:33:58', '2017-10-16 01:35:58', '%192.168.254.151@40-2C-F4-04-E9-6E', 'Melvin', 'Jhon Melvin', 'Windows 10@amd64', '2017-10-16 01:35:01', 'EVALUATION_SYSTEM', 1),
	(1741, 1, '2017-10-16 01:39:02', '2017-10-16 01:43:02', '%192.168.254.151@40-2C-F4-04-E9-6E', 'Melvin', 'Jhon Melvin', 'Windows 10@amd64', '2017-10-16 01:42:25', 'EVALUATION_SYSTEM', 1),
	(1742, 1, '2017-10-16 01:47:56', '2017-10-16 01:48:57', '%192.168.254.151@40-2C-F4-04-E9-6E', 'Melvin', 'Jhon Melvin', 'Windows 10@amd64', '2017-10-16 01:48:00', 'EVALUATION_SYSTEM', 1),
	(1743, 1, '2017-10-16 01:48:27', '2017-10-16 01:49:27', '%192.168.254.151@40-2C-F4-04-E9-6E', 'Melvin', 'Jhon Melvin', 'Windows 10@amd64', '2017-10-16 01:48:52', 'EVALUATION_SYSTEM', 1),
	(1744, 1, '2017-10-16 01:49:20', '2017-10-16 01:56:20', '%192.168.254.151@40-2C-F4-04-E9-6E', 'Melvin', 'Jhon Melvin', 'Windows 10@amd64', '2017-10-16 01:55:33', 'EVALUATION_SYSTEM', 1),
	(1745, 1, '2017-10-16 01:56:03', '2017-10-16 01:57:34', '%192.168.254.151@40-2C-F4-04-E9-6E', 'Melvin', 'Jhon Melvin', 'Windows 10@amd64', '2017-10-16 01:56:36', 'EVALUATION_SYSTEM', 1),
	(1746, 1, '2017-10-16 02:01:50', '2017-10-16 02:04:50', '%192.168.254.151@40-2C-F4-04-E9-6E', 'Melvin', 'Jhon Melvin', 'Windows 10@amd64', '2017-10-16 02:04:19', 'EVALUATION_SYSTEM', 1),
	(1747, 2, '2017-10-16 02:04:25', '2017-10-16 02:05:55', '%192.168.254.151@40-2C-F4-04-E9-6E', 'Melvin', 'Jhon Melvin', 'Windows 10@amd64', '2017-10-16 02:05:03', 'EVALUATION_SYSTEM', 1),
	(1748, 1, '2017-10-16 02:05:07', '2017-10-16 02:07:37', '%192.168.254.151@40-2C-F4-04-E9-6E', 'Melvin', 'Jhon Melvin', 'Windows 10@amd64', '2017-10-16 02:07:03', 'EVALUATION_SYSTEM', 1),
	(1749, 1, '2017-10-16 04:15:55', '2017-10-16 04:35:55', '%192.168.254.151@40-2C-F4-04-E9-6E', 'Melvin', 'Jhon Melvin', 'Windows 10@amd64', '2017-10-16 04:35:15', 'EVALUATION_SYSTEM', 1),
	(1750, 1, '2017-10-16 04:43:26', '2017-10-16 04:56:26', '%192.168.254.151@40-2C-F4-04-E9-6E', 'Melvin', 'Jhon Melvin', 'Windows 10@amd64', '2017-10-16 04:55:32', 'EVALUATION_SYSTEM', 1),
	(1751, 1, '2017-10-16 04:55:59', '2017-10-16 04:57:29', '%192.168.254.151@40-2C-F4-04-E9-6E', 'Melvin', 'Jhon Melvin', 'Windows 10@amd64', '2017-10-16 04:56:37', 'EVALUATION_SYSTEM', 1),
	(1752, 1, '2017-10-16 04:57:32', '2017-10-16 04:58:33', '%192.168.254.151@40-2C-F4-04-E9-6E', 'Melvin', 'Jhon Melvin', 'Windows 10@amd64', '2017-10-16 04:57:54', 'EVALUATION_SYSTEM', 1),
	(1753, 1, '2017-10-16 05:00:05', '2017-10-16 05:01:35', '%192.168.254.151@40-2C-F4-04-E9-6E', 'Melvin', 'Jhon Melvin', 'Windows 10@amd64', '2017-10-16 05:00:38', 'EVALUATION_SYSTEM', 1),
	(1754, 1, '2017-10-16 05:27:55', '2017-10-16 05:30:55', '%192.168.254.151@40-2C-F4-04-E9-6E', 'Melvin', 'Jhon Melvin', 'Windows 10@amd64', '2017-10-16 05:30:08', 'EVALUATION_SYSTEM', 1),
	(1755, 1, '2017-10-16 05:30:35', '2017-10-16 05:34:35', '%192.168.254.151@40-2C-F4-04-E9-6E', 'Melvin', 'Jhon Melvin', 'Windows 10@amd64', '2017-10-16 05:33:49', 'EVALUATION_SYSTEM', 1),
	(1756, 1, '2017-10-16 12:39:19', '2017-10-16 12:40:49', '%192.168.254.151@40-2C-F4-04-E9-6E', 'Melvin', 'Jhon Melvin', 'Windows 10@amd64', '2017-10-16 12:39:54', 'EVALUATION_SYSTEM', 1),
	(1757, 1, '2017-10-16 12:40:39', '2017-10-16 12:41:39', '%192.168.254.151@40-2C-F4-04-E9-6E', 'Melvin', 'Jhon Melvin', 'Windows 10@amd64', '2017-10-16 12:41:05', 'EVALUATION_SYSTEM', 1),
	(1758, 1, '2017-10-16 12:46:42', '2017-10-16 12:47:42', '%192.168.254.151@40-2C-F4-04-E9-6E', 'Melvin', 'Jhon Melvin', 'Windows 10@amd64', '2017-10-16 12:47:08', 'EVALUATION_SYSTEM', 1),
	(1759, 1, '2017-10-16 17:59:01', '2017-10-16 18:00:31', '%192.168.254.151@40-2C-F4-04-E9-6E', 'Melvin', 'Jhon Melvin', 'Windows 10@amd64', '2017-10-16 17:59:32', 'EVALUATION_SYSTEM', 1),
	(1760, 1, '2017-10-16 18:01:27', '2017-10-16 18:11:27', '%192.168.254.151@40-2C-F4-04-E9-6E', 'Melvin', 'Jhon Melvin', 'Windows 10@amd64', '2017-10-16 18:10:49', 'EVALUATION_SYSTEM', 1),
	(1761, 1, '2017-10-16 18:13:30', '2017-10-16 18:14:31', '%192.168.254.151@40-2C-F4-04-E9-6E', 'Melvin', 'Jhon Melvin', 'Windows 10@amd64', '2017-10-16 18:13:53', 'EVALUATION_SYSTEM', 1),
	(1762, 1, '2017-10-16 18:15:13', '2017-10-16 18:21:43', '%192.168.254.151@40-2C-F4-04-E9-6E', 'Melvin', 'Jhon Melvin', 'Windows 10@amd64', '2017-10-16 18:20:59', 'EVALUATION_SYSTEM', 1),
	(1763, 1, '2017-10-16 18:28:55', '2017-10-16 18:31:55', '%192.168.254.151@40-2C-F4-04-E9-6E', 'Melvin', 'Jhon Melvin', 'Windows 10@amd64', '2017-10-16 18:31:00', 'EVALUATION_SYSTEM', 1),
	(1764, 1, '2017-10-16 19:33:18', '2017-10-16 19:34:48', '%192.168.254.151@40-2C-F4-04-E9-6E', 'Melvin', 'Jhon Melvin', 'Windows 10@amd64', '2017-10-16 19:34:11', 'EVALUATION_SYSTEM', 1),
	(1765, 1, '2017-10-16 19:37:17', '2017-10-16 19:38:47', '%192.168.254.151@40-2C-F4-04-E9-6E', 'Melvin', 'Jhon Melvin', 'Windows 10@amd64', '2017-10-16 19:37:53', 'EVALUATION_SYSTEM', 1),
	(1766, 1, '2017-10-16 19:48:41', '2017-10-16 19:51:41', '%192.168.254.151@40-2C-F4-04-E9-6E', 'Melvin', 'Jhon Melvin', 'Windows 10@amd64', '2017-10-16 19:51:11', 'EVALUATION_SYSTEM', 1),
	(1767, 1, '2017-10-16 20:38:46', '2017-10-16 20:42:17', '%192.168.254.151@40-2C-F4-04-E9-6E', 'Melvin', 'Jhon Melvin', 'Windows 10@amd64', '2017-10-16 20:41:29', 'EVALUATION_SYSTEM', 1),
	(1768, 1, '2017-10-16 20:44:45', '2017-10-16 20:52:15', '%192.168.254.151@40-2C-F4-04-E9-6E', 'Melvin', 'Jhon Melvin', 'Windows 10@amd64', '2017-10-16 20:51:26', 'EVALUATION_SYSTEM', 1),
	(1769, 1, '2017-10-16 20:52:10', '2017-10-16 20:53:40', '%192.168.254.151@40-2C-F4-04-E9-6E', 'Melvin', 'Jhon Melvin', 'Windows 10@amd64', '2017-10-16 20:52:53', 'EVALUATION_SYSTEM', 1),
	(1770, 1, '2017-10-16 20:54:09', '2017-10-16 20:55:09', '%192.168.254.151@40-2C-F4-04-E9-6E', 'Melvin', 'Jhon Melvin', 'Windows 10@amd64', '2017-10-16 20:54:22', 'EVALUATION_SYSTEM', 1),
	(1771, 1, '2017-10-17 00:18:39', '2017-10-17 00:27:10', '%192.168.254.151@40-2C-F4-04-E9-6E', 'Melvin', 'Jhon Melvin', 'Windows 10@amd64', '2017-10-17 00:26:21', 'EVALUATION_SYSTEM', 1),
	(1772, 1, '2017-10-17 02:19:54', '2017-10-17 02:20:55', '%127.0.0.1@Unknown Mac Address', 'Melvin', 'Jhon Melvin', 'Windows 10@amd64', '2017-10-17 02:20:13', 'EVALUATION_SYSTEM', 1),
	(1773, 1, '2017-10-17 02:27:05', '2017-10-17 02:28:35', '%127.0.0.1@Unknown Mac Address', 'Melvin', 'Jhon Melvin', 'Windows 10@amd64', '2017-10-17 02:27:42', 'EVALUATION_SYSTEM', 1),
	(1774, 1, '2017-10-17 05:23:28', '2017-10-17 05:33:59', '%192.168.254.151@40-2C-F4-04-E9-6E', 'Melvin', 'Jhon Melvin', 'Windows 10@amd64', '2017-10-17 05:32:59', 'EVALUATION_SYSTEM', 1),
	(1775, 1, '2017-10-17 05:37:21', '2017-10-17 05:38:51', '%192.168.254.151@40-2C-F4-04-E9-6E', 'Melvin', 'Jhon Melvin', 'Windows 10@amd64', '2017-10-17 05:37:53', 'EVALUATION_SYSTEM', 1),
	(1776, 1, '2017-10-17 05:51:46', '2017-10-17 06:04:17', '%192.168.254.151@40-2C-F4-04-E9-6E', 'Melvin', 'Jhon Melvin', 'Windows 10@amd64', '2017-10-17 06:03:34', 'EVALUATION_SYSTEM', 1),
	(1777, 1, '2017-10-17 06:04:02', '2017-10-17 06:16:32', '%192.168.254.151@40-2C-F4-04-E9-6E', 'Melvin', 'Jhon Melvin', 'Windows 10@amd64', '2017-10-17 06:15:52', 'EVALUATION_SYSTEM', 1),
	(1778, 1, '2017-10-17 06:17:07', '2017-10-17 06:20:07', '%192.168.254.151@40-2C-F4-04-E9-6E', 'Melvin', 'Jhon Melvin', 'Windows 10@amd64', '2017-10-17 06:19:08', 'EVALUATION_SYSTEM', 1),
	(1779, 1, '2017-10-17 06:20:08', '2017-10-17 06:34:38', '%192.168.254.151@40-2C-F4-04-E9-6E', 'Melvin', 'Jhon Melvin', 'Windows 10@amd64', '2017-10-17 06:33:55', 'EVALUATION_SYSTEM', 1),
	(1780, 1, '2017-10-17 06:34:22', '2017-10-17 06:40:22', '%192.168.254.151@40-2C-F4-04-E9-6E', 'Melvin', 'Jhon Melvin', 'Windows 10@amd64', '2017-10-17 06:39:41', 'EVALUATION_SYSTEM', 1),
	(1781, 1, '2017-10-17 06:39:59', '2017-10-17 06:41:29', '%192.168.254.151@40-2C-F4-04-E9-6E', 'Melvin', 'Jhon Melvin', 'Windows 10@amd64', '2017-10-17 06:40:58', 'EVALUATION_SYSTEM', 1),
	(1782, 1, '2017-10-17 06:41:56', '2017-10-17 06:46:26', '%192.168.254.151@40-2C-F4-04-E9-6E', 'Melvin', 'Jhon Melvin', 'Windows 10@amd64', '2017-10-17 06:45:55', 'EVALUATION_SYSTEM', 1),
	(1783, 1, '2017-10-17 06:45:59', '2017-10-17 06:47:29', '%192.168.254.151@40-2C-F4-04-E9-6E', 'Melvin', 'Jhon Melvin', 'Windows 10@amd64', '2017-10-17 06:46:32', 'EVALUATION_SYSTEM', 1),
	(1784, 1, '2017-10-17 06:47:04', '2017-10-17 06:56:04', '%192.168.254.151@40-2C-F4-04-E9-6E', 'Melvin', 'Jhon Melvin', 'Windows 10@amd64', '2017-10-17 06:55:17', 'EVALUATION_SYSTEM', 1),
	(1785, 1, '2017-10-17 07:49:10', '2017-10-17 07:51:10', '%192.168.254.151@40-2C-F4-04-E9-6E', 'Melvin', 'Jhon Melvin', 'Windows 10@amd64', '2017-10-17 07:50:34', 'EVALUATION_SYSTEM', 1),
	(1786, 1, '2017-10-17 17:06:47', '2017-10-17 17:08:17', '%192.168.254.151@40-2C-F4-04-E9-6E', 'Melvin', 'Jhon Melvin', 'Windows 10@amd64', '2017-10-17 17:07:29', 'EVALUATION_SYSTEM', 1),
	(1787, 1, '2017-10-17 17:09:22', '2017-10-17 17:13:22', '%192.168.254.151@40-2C-F4-04-E9-6E', 'Melvin', 'Jhon Melvin', 'Windows 10@amd64', '2017-10-17 17:12:43', 'EVALUATION_SYSTEM', 1),
	(1788, 1, '2017-10-17 17:13:16', '2017-10-17 17:30:16', '%192.168.254.151@40-2C-F4-04-E9-6E', 'Melvin', 'Jhon Melvin', 'Windows 10@amd64', '2017-10-17 17:29:37', 'EVALUATION_SYSTEM', 1),
	(1789, 1, '2017-10-17 17:45:14', '2017-10-17 18:13:14', '%192.168.254.151@40-2C-F4-04-E9-6E', 'Melvin', 'Jhon Melvin', 'Windows 10@amd64', '2017-10-17 18:12:24', 'EVALUATION_SYSTEM', 1),
	(1790, 1, '2017-10-17 18:12:48', '2017-10-17 18:14:18', '%192.168.254.151@40-2C-F4-04-E9-6E', 'Melvin', 'Jhon Melvin', 'Windows 10@amd64', '2017-10-17 18:13:42', 'EVALUATION_SYSTEM', 1),
	(1791, 1, '2017-10-17 18:14:04', '2017-10-17 18:16:34', '%192.168.254.151@40-2C-F4-04-E9-6E', 'Melvin', 'Jhon Melvin', 'Windows 10@amd64', '2017-10-17 18:15:42', 'EVALUATION_SYSTEM', 1),
	(1792, 1, '2017-10-17 18:16:06', '2017-10-17 18:22:06', '%192.168.254.151@40-2C-F4-04-E9-6E', 'Melvin', 'Jhon Melvin', 'Windows 10@amd64', '2017-10-17 18:21:12', 'EVALUATION_SYSTEM', 1),
	(1793, 1, '2017-10-17 18:21:46', '2017-10-17 18:59:16', '%192.168.254.151@40-2C-F4-04-E9-6E', 'Melvin', 'Jhon Melvin', 'Windows 10@amd64', '2017-10-17 18:58:42', 'EVALUATION_SYSTEM', 1),
	(1794, 1, '2017-10-17 18:59:10', '2017-10-17 19:14:40', '%192.168.254.151@40-2C-F4-04-E9-6E', 'Melvin', 'Jhon Melvin', 'Windows 10@amd64', '2017-10-17 19:13:47', 'EVALUATION_SYSTEM', 1),
	(1795, 1, '2017-10-17 19:24:31', '2017-10-17 19:27:01', '%192.168.254.151@40-2C-F4-04-E9-6E', 'Melvin', 'Jhon Melvin', 'Windows 10@amd64', '2017-10-17 19:26:15', 'EVALUATION_SYSTEM', 1),
	(1796, 1, '2017-10-17 19:28:50', '2017-10-17 19:30:50', '%192.168.254.151@40-2C-F4-04-E9-6E', 'Melvin', 'Jhon Melvin', 'Windows 10@amd64', '2017-10-17 19:30:19', 'EVALUATION_SYSTEM', 1),
	(1797, 1, '2017-10-17 19:31:52', '2017-10-17 19:33:52', '%192.168.254.151@40-2C-F4-04-E9-6E', 'Melvin', 'Jhon Melvin', 'Windows 10@amd64', '2017-10-17 19:33:10', 'EVALUATION_SYSTEM', 1),
	(1798, 1, '2017-10-17 19:33:31', '2017-10-17 19:34:31', '%192.168.254.151@40-2C-F4-04-E9-6E', 'Melvin', 'Jhon Melvin', 'Windows 10@amd64', '2017-10-17 19:33:52', 'EVALUATION_SYSTEM', 1),
	(1799, 1, '2017-10-17 19:36:12', '2017-10-17 20:48:42', '%192.168.254.151@40-2C-F4-04-E9-6E', 'Melvin', 'Jhon Melvin', 'Windows 10@amd64', '2017-10-17 20:47:52', 'EVALUATION_SYSTEM', 1),
	(1800, 1, '2017-10-17 20:48:02', '2017-10-17 20:50:32', '%192.168.254.151@40-2C-F4-04-E9-6E', 'Melvin', 'Jhon Melvin', 'Windows 10@amd64', '2017-10-17 20:49:53', 'EVALUATION_SYSTEM', 1),
	(1801, 1, '2017-10-17 20:50:16', '2017-10-17 20:56:16', '%192.168.254.151@40-2C-F4-04-E9-6E', 'Melvin', 'Jhon Melvin', 'Windows 10@amd64', '2017-10-17 20:55:36', 'EVALUATION_SYSTEM', 1),
	(1802, 1, '2017-10-17 20:56:05', '2017-10-17 21:01:05', '%192.168.254.151@40-2C-F4-04-E9-6E', 'Melvin', 'Jhon Melvin', 'Windows 10@amd64', '2017-10-17 21:00:27', 'EVALUATION_SYSTEM', 1),
	(1803, 1, '2017-10-17 21:11:48', '2017-10-17 21:13:48', '%192.168.254.151@40-2C-F4-04-E9-6E', 'Melvin', 'Jhon Melvin', 'Windows 10@amd64', '2017-10-17 21:12:57', 'EVALUATION_SYSTEM', 1),
	(1804, 1, '2017-10-17 21:13:21', '2017-10-17 21:14:51', '%192.168.254.151@40-2C-F4-04-E9-6E', 'Melvin', 'Jhon Melvin', 'Windows 10@amd64', '2017-10-17 21:14:01', 'EVALUATION_SYSTEM', 1),
	(1805, 1, '2017-10-17 21:20:52', '2017-10-17 21:22:22', '%192.168.254.151@40-2C-F4-04-E9-6E', 'Melvin', 'Jhon Melvin', 'Windows 10@amd64', '2017-10-17 21:21:48', 'EVALUATION_SYSTEM', 1),
	(1806, 1, '2017-10-17 21:22:13', '2017-10-17 21:56:13', '%192.168.254.151@40-2C-F4-04-E9-6E', 'Melvin', 'Jhon Melvin', 'Windows 10@amd64', '2017-10-17 21:55:14', 'EVALUATION_SYSTEM', 1),
	(1807, 2, '2017-10-17 21:55:18', '2017-10-17 22:05:48', '%192.168.254.151@40-2C-F4-04-E9-6E', 'Melvin', 'Jhon Melvin', 'Windows 10@amd64', '2017-10-17 22:05:13', 'EVALUATION_SYSTEM', 1),
	(1808, 1, '2017-10-17 23:51:13', '2017-10-17 23:52:43', '%192.168.254.151@40-2C-F4-04-E9-6E', 'Melvin', 'Jhon Melvin', 'Windows 10@amd64', '2017-10-17 23:51:46', 'EVALUATION_SYSTEM', 1),
	(1809, 2, '2017-10-17 23:51:50', '2017-10-17 23:55:20', '%192.168.254.151@40-2C-F4-04-E9-6E', 'Melvin', 'Jhon Melvin', 'Windows 10@amd64', '2017-10-17 23:54:49', 'EVALUATION_SYSTEM', 1),
	(1810, 1, '2017-10-17 23:55:10', '2017-10-18 00:12:41', '%192.168.254.151@40-2C-F4-04-E9-6E', 'Melvin', 'Jhon Melvin', 'Windows 10@amd64', '2017-10-18 00:11:55', 'EVALUATION_SYSTEM', 1),
	(1811, 1, '2017-10-18 01:07:10', '2017-10-18 01:11:10', '%192.168.254.151@40-2C-F4-04-E9-6E', 'Melvin', 'Jhon Melvin', 'Windows 10@amd64', '2017-10-18 01:10:19', 'EVALUATION_SYSTEM', 1),
	(1812, 1, '2017-10-18 01:11:15', '2017-10-18 01:15:45', '%192.168.254.151@40-2C-F4-04-E9-6E', 'Melvin', 'Jhon Melvin', 'Windows 10@amd64', '2017-10-18 01:14:50', 'EVALUATION_SYSTEM', 1),
	(1813, 1, '2017-10-18 01:51:34', '2017-10-18 02:12:35', '%192.168.254.151@40-2C-F4-04-E9-6E', 'Melvin', 'Jhon Melvin', 'Windows 10@amd64', '2017-10-18 02:11:53', 'EVALUATION_SYSTEM', 1),
	(1814, 1, '2017-10-18 02:23:09', '2017-10-18 02:27:09', '%192.168.254.151@40-2C-F4-04-E9-6E', 'Melvin', 'Jhon Melvin', 'Windows 10@amd64', '2017-10-18 02:26:35', 'EVALUATION_SYSTEM', 1),
	(1815, 1, '2017-10-18 03:00:14', '2017-10-18 03:02:14', '%192.168.254.151@40-2C-F4-04-E9-6E', 'Melvin', 'Jhon Melvin', 'Windows 10@amd64', '2017-10-18 03:01:38', 'EVALUATION_SYSTEM', 1),
	(1816, 1, '2017-10-18 03:01:59', '2017-10-18 03:03:29', '%192.168.254.151@40-2C-F4-04-E9-6E', 'Melvin', 'Jhon Melvin', 'Windows 10@amd64', '2017-10-18 03:02:33', 'EVALUATION_SYSTEM', 1),
	(1817, 1, '2017-10-18 03:03:36', '2017-10-18 03:10:36', '%192.168.254.151@40-2C-F4-04-E9-6E', 'Melvin', 'Jhon Melvin', 'Windows 10@amd64', '2017-10-18 03:10:03', 'EVALUATION_SYSTEM', 1),
	(1818, 1, '2017-10-18 03:10:09', '2017-10-18 03:20:39', '%192.168.254.151@40-2C-F4-04-E9-6E', 'Melvin', 'Jhon Melvin', 'Windows 10@amd64', '2017-10-18 03:19:46', 'EVALUATION_SYSTEM', 1),
	(1819, 1, '2017-10-18 03:20:08', '2017-10-18 03:21:38', '%192.168.254.151@40-2C-F4-04-E9-6E', 'Melvin', 'Jhon Melvin', 'Windows 10@amd64', '2017-10-18 03:20:44', 'EVALUATION_SYSTEM', 1),
	(1820, 1, '2017-10-18 03:24:24', '2017-10-18 03:25:54', '%192.168.254.151@40-2C-F4-04-E9-6E', 'Melvin', 'Jhon Melvin', 'Windows 10@amd64', '2017-10-18 03:25:00', 'EVALUATION_SYSTEM', 1),
	(1821, 2, '2017-10-18 03:25:04', '2017-10-18 03:27:34', '%192.168.254.151@40-2C-F4-04-E9-6E', 'Melvin', 'Jhon Melvin', 'Windows 10@amd64', '2017-10-18 03:26:48', 'EVALUATION_SYSTEM', 1),
	(1822, 1, '2017-10-18 03:27:41', '2017-10-18 03:28:42', '%192.168.254.151@40-2C-F4-04-E9-6E', 'Melvin', 'Jhon Melvin', 'Windows 10@amd64', '2017-10-18 03:28:07', 'EVALUATION_SYSTEM', 1),
	(1823, 2, '2017-10-18 03:28:12', '2017-10-18 03:30:12', '%192.168.254.151@40-2C-F4-04-E9-6E', 'Melvin', 'Jhon Melvin', 'Windows 10@amd64', '2017-10-18 03:29:31', 'EVALUATION_SYSTEM', 1),
	(1824, 1, '2017-10-18 03:55:57', '2017-10-18 04:06:27', '%192.168.254.151@40-2C-F4-04-E9-6E', 'Melvin', 'Jhon Melvin', 'Windows 10@amd64', '2017-10-18 04:05:53', 'EVALUATION_SYSTEM', 1),
	(1825, 1, '2017-10-18 04:16:10', '2017-10-18 04:18:11', '%192.168.254.151@40-2C-F4-04-E9-6E', 'Melvin', 'Jhon Melvin', 'Windows 10@amd64', '2017-10-18 04:17:28', 'EVALUATION_SYSTEM', 1),
	(1826, 1, '2017-10-18 04:22:21', '2017-10-18 04:25:22', '%192.168.254.151@40-2C-F4-04-E9-6E', 'Melvin', 'Jhon Melvin', 'Windows 10@amd64', '2017-10-18 04:24:31', 'EVALUATION_SYSTEM', 1),
	(1827, 1, '2017-10-18 04:24:54', '2017-10-18 04:27:24', '%192.168.254.151@40-2C-F4-04-E9-6E', 'Melvin', 'Jhon Melvin', 'Windows 10@amd64', '2017-10-18 04:26:33', 'EVALUATION_SYSTEM', 1),
	(1828, 1, '2017-10-18 04:29:40', '2017-10-18 04:31:11', '%192.168.254.151@40-2C-F4-04-E9-6E', 'Melvin', 'Jhon Melvin', 'Windows 10@amd64', '2017-10-18 04:30:21', 'EVALUATION_SYSTEM', 1),
	(1829, 1, '2017-10-18 04:30:49', '2017-10-18 04:34:49', '%192.168.254.151@40-2C-F4-04-E9-6E', 'Melvin', 'Jhon Melvin', 'Windows 10@amd64', '2017-10-18 04:34:12', 'EVALUATION_SYSTEM', 1),
	(1830, 1, '2017-10-18 04:34:35', '2017-10-18 04:35:35', '%192.168.254.151@40-2C-F4-04-E9-6E', 'Melvin', 'Jhon Melvin', 'Windows 10@amd64', '2017-10-18 04:34:49', 'EVALUATION_SYSTEM', 1),
	(1831, 1, '2017-10-18 04:35:34', '2017-10-18 04:38:05', '%192.168.254.151@40-2C-F4-04-E9-6E', 'Melvin', 'Jhon Melvin', 'Windows 10@amd64', '2017-10-18 04:37:15', 'EVALUATION_SYSTEM', 1),
	(1832, 1, '2017-10-18 04:37:40', '2017-10-18 04:39:10', '%192.168.254.151@40-2C-F4-04-E9-6E', 'Melvin', 'Jhon Melvin', 'Windows 10@amd64', '2017-10-18 04:38:33', 'EVALUATION_SYSTEM', 1),
	(1833, 1, '2017-10-18 04:38:56', '2017-10-18 04:39:57', '%192.168.254.151@40-2C-F4-04-E9-6E', 'Melvin', 'Jhon Melvin', 'Windows 10@amd64', '2017-10-18 04:39:03', 'EVALUATION_SYSTEM', 1),
	(1834, 2, '2017-10-18 04:39:07', '2017-10-18 04:43:37', '%192.168.254.151@40-2C-F4-04-E9-6E', 'Melvin', 'Jhon Melvin', 'Windows 10@amd64', '2017-10-18 04:42:43', 'EVALUATION_SYSTEM', 1),
	(1835, 1, '2017-10-18 04:43:30', '2017-10-18 04:44:31', '%192.168.254.151@40-2C-F4-04-E9-6E', 'Melvin', 'Jhon Melvin', 'Windows 10@amd64', '2017-10-18 04:43:58', 'EVALUATION_SYSTEM', 1),
	(1836, 2, '2017-10-18 04:44:03', '2017-10-18 04:47:03', '%192.168.254.151@40-2C-F4-04-E9-6E', 'Melvin', 'Jhon Melvin', 'Windows 10@amd64', '2017-10-18 04:46:24', 'EVALUATION_SYSTEM', 1),
	(1837, 1, '2017-10-18 04:46:51', '2017-10-18 04:49:21', '%192.168.254.151@40-2C-F4-04-E9-6E', 'Melvin', 'Jhon Melvin', 'Windows 10@amd64', '2017-10-18 04:48:41', 'EVALUATION_SYSTEM', 1),
	(1838, 1, '2017-10-18 04:49:04', '2017-10-18 04:52:04', '%192.168.254.151@40-2C-F4-04-E9-6E', 'Melvin', 'Jhon Melvin', 'Windows 10@amd64', '2017-10-18 04:51:11', 'EVALUATION_SYSTEM', 1),
	(1839, 1, '2017-10-18 04:51:35', '2017-10-18 04:53:05', '%192.168.254.151@40-2C-F4-04-E9-6E', 'Melvin', 'Jhon Melvin', 'Windows 10@amd64', '2017-10-18 04:52:15', 'EVALUATION_SYSTEM', 1),
	(1840, 1, '2017-10-18 04:52:41', '2017-10-18 04:54:42', '%192.168.254.151@40-2C-F4-04-E9-6E', 'Melvin', 'Jhon Melvin', 'Windows 10@amd64', '2017-10-18 04:54:01', 'EVALUATION_SYSTEM', 1),
	(1841, 1, '2017-10-18 04:55:55', '2017-10-18 04:56:55', '%192.168.254.151@40-2C-F4-04-E9-6E', 'Melvin', 'Jhon Melvin', 'Windows 10@amd64', '2017-10-18 04:56:10', 'EVALUATION_SYSTEM', 1),
	(1842, 1, '2017-10-18 05:10:34', '2017-10-18 05:13:05', '%192.168.254.151@40-2C-F4-04-E9-6E', 'Melvin', 'Jhon Melvin', 'Windows 10@amd64', '2017-10-18 05:12:23', 'EVALUATION_SYSTEM', 1),
	(1843, 1, '2017-10-18 05:13:59', '2017-10-18 05:18:00', '%192.168.254.151@40-2C-F4-04-E9-6E', 'Melvin', 'Jhon Melvin', 'Windows 10@amd64', '2017-10-18 05:17:18', 'EVALUATION_SYSTEM', 1),
	(1844, 1, '2017-10-19 14:33:15', '2017-10-19 14:42:15', '%192.168.254.151@40-2C-F4-04-E9-6E', 'Melvin', 'Jhon Melvin', 'Windows 10@amd64', '2017-10-19 14:41:31', 'EVALUATION_SYSTEM', 1),
	(1845, 1, '2017-10-19 14:41:39', '2017-10-19 14:55:09', '%192.168.254.151@40-2C-F4-04-E9-6E', 'Melvin', 'Jhon Melvin', 'Windows 10@amd64', '2017-10-19 14:54:23', 'EVALUATION_SYSTEM', 1),
	(1846, 1, '2017-10-19 14:55:04', '2017-10-19 14:57:04', '%192.168.254.151@40-2C-F4-04-E9-6E', 'Melvin', 'Jhon Melvin', 'Windows 10@amd64', '2017-10-19 14:56:08', 'EVALUATION_SYSTEM', 1),
	(1847, 1, '2017-10-19 15:05:22', '2017-10-19 15:07:22', '%192.168.254.151@40-2C-F4-04-E9-6E', 'Melvin', 'Jhon Melvin', 'Windows 10@amd64', '2017-10-19 15:06:35', 'EVALUATION_SYSTEM', 1),
	(1848, 1, '2017-10-19 15:06:58', '2017-10-19 15:08:58', '%192.168.254.151@40-2C-F4-04-E9-6E', 'Melvin', 'Jhon Melvin', 'Windows 10@amd64', '2017-10-19 15:08:17', 'EVALUATION_SYSTEM', 1),
	(1849, 1, '2017-10-19 15:09:16', '2017-10-19 15:13:16', '%192.168.254.151@40-2C-F4-04-E9-6E', 'Melvin', 'Jhon Melvin', 'Windows 10@amd64', '2017-10-19 15:12:38', 'EVALUATION_SYSTEM', 1),
	(1850, 1, '2017-10-19 15:13:26', '2017-10-19 15:16:57', '%192.168.254.151@40-2C-F4-04-E9-6E', 'Melvin', 'Jhon Melvin', 'Windows 10@amd64', '2017-10-19 15:16:15', 'EVALUATION_SYSTEM', 1),
	(1851, 1, '2017-10-19 15:18:23', '2017-10-19 15:33:23', '%192.168.254.151@40-2C-F4-04-E9-6E', 'Melvin', 'Jhon Melvin', 'Windows 10@amd64', '2017-10-19 15:32:36', 'EVALUATION_SYSTEM', 1),
	(1852, 1, '2017-10-19 15:32:58', '2017-10-19 15:34:58', '%192.168.254.151@40-2C-F4-04-E9-6E', 'Melvin', 'Jhon Melvin', 'Windows 10@amd64', '2017-10-19 15:34:05', 'EVALUATION_SYSTEM', 1),
	(1853, 1, '2017-10-19 15:40:55', '2017-10-19 15:44:25', '%192.168.254.151@40-2C-F4-04-E9-6E', 'Melvin', 'Jhon Melvin', 'Windows 10@amd64', '2017-10-19 15:43:28', 'EVALUATION_SYSTEM', 1),
	(1854, 1, '2017-10-19 15:43:50', '2017-10-19 15:45:50', '%192.168.254.151@40-2C-F4-04-E9-6E', 'Melvin', 'Jhon Melvin', 'Windows 10@amd64', '2017-10-19 15:45:09', 'EVALUATION_SYSTEM', 1),
	(1855, 2, '2017-10-19 15:45:25', '2017-10-19 16:14:55', '%192.168.254.151@40-2C-F4-04-E9-6E', 'Melvin', 'Jhon Melvin', 'Windows 10@amd64', '2017-10-19 16:14:08', 'EVALUATION_SYSTEM', 1),
	(1856, 1, '2017-10-19 16:14:35', '2017-10-19 16:16:05', '%192.168.254.151@40-2C-F4-04-E9-6E', 'Melvin', 'Jhon Melvin', 'Windows 10@amd64', '2017-10-19 16:15:20', 'EVALUATION_SYSTEM', 1),
	(1857, 2, '2017-10-19 16:15:25', '2017-10-19 16:16:25', '%192.168.254.151@40-2C-F4-04-E9-6E', 'Melvin', 'Jhon Melvin', 'Windows 10@amd64', '2017-10-19 16:15:28', 'EVALUATION_SYSTEM', 1),
	(1858, 1, '2017-10-19 16:15:56', '2017-10-19 16:16:56', '%192.168.254.151@40-2C-F4-04-E9-6E', 'Melvin', 'Jhon Melvin', 'Windows 10@amd64', '2017-10-19 16:16:15', 'EVALUATION_SYSTEM', 1),
	(1859, 1, '2017-10-19 16:16:38', '2017-10-19 16:18:08', '%192.168.254.151@40-2C-F4-04-E9-6E', 'Melvin', 'Jhon Melvin', 'Windows 10@amd64', '2017-10-19 16:17:17', 'EVALUATION_SYSTEM', 1),
	(1860, 2, '2017-10-19 16:17:21', '2017-10-19 16:28:52', '%192.168.254.151@40-2C-F4-04-E9-6E', 'Melvin', 'Jhon Melvin', 'Windows 10@amd64', '2017-10-19 16:28:15', 'EVALUATION_SYSTEM', 1),
	(1861, 1, '2017-10-19 16:28:19', '2017-10-19 16:29:19', '%192.168.254.151@40-2C-F4-04-E9-6E', 'Melvin', 'Jhon Melvin', 'Windows 10@amd64', '2017-10-19 16:28:36', 'EVALUATION_SYSTEM', 1),
	(1862, 1, '2017-10-19 16:29:00', '2017-10-19 16:34:00', '%192.168.254.151@40-2C-F4-04-E9-6E', 'Melvin', 'Jhon Melvin', 'Windows 10@amd64', '2017-10-19 16:33:26', 'EVALUATION_SYSTEM', 1),
	(1863, 1, '2017-10-19 16:33:50', '2017-10-19 16:36:20', '%192.168.254.151@40-2C-F4-04-E9-6E', 'Melvin', 'Jhon Melvin', 'Windows 10@amd64', '2017-10-19 16:35:29', 'EVALUATION_SYSTEM', 1),
	(1864, 1, '2017-10-19 16:40:44', '2017-10-19 16:42:14', '%192.168.254.151@40-2C-F4-04-E9-6E', 'Melvin', 'Jhon Melvin', 'Windows 10@amd64', '2017-10-19 16:41:39', 'EVALUATION_SYSTEM', 1),
	(1865, 1, '2017-10-19 18:37:18', '2017-10-19 18:39:18', '%192.168.254.151@40-2C-F4-04-E9-6E', 'Melvin', 'Jhon Melvin', 'Windows 10@amd64', '2017-10-19 18:38:24', 'EVALUATION_SYSTEM', 1),
	(1866, 1, '2017-10-19 18:39:43', '2017-10-19 18:42:13', '%192.168.254.151@40-2C-F4-04-E9-6E', 'Melvin', 'Jhon Melvin', 'Windows 10@amd64', '2017-10-19 18:41:28', 'EVALUATION_SYSTEM', 1),
	(1867, 1, '2017-10-19 18:41:36', '2017-10-19 18:42:36', '%192.168.254.151@40-2C-F4-04-E9-6E', 'Melvin', 'Jhon Melvin', 'Windows 10@amd64', '2017-10-19 18:41:51', 'EVALUATION_SYSTEM', 1);
/*!40000 ALTER TABLE `account_faculty_session` ENABLE KEYS */;

-- Dumping structure for table cictems.account_student
CREATE TABLE IF NOT EXISTS `account_student` (
  `id` int(11) NOT NULL AUTO_INCREMENT,
  `STUDENT_id` int(11) DEFAULT NULL,
  `username` varchar(50) COLLATE utf8_unicode_ci DEFAULT NULL,
  `password` varchar(50) COLLATE utf8_unicode_ci DEFAULT NULL,
  `recovery_question` varchar(100) COLLATE utf8_unicode_ci DEFAULT NULL,
  `recovery_answer` varchar(100) COLLATE utf8_unicode_ci DEFAULT NULL,
  `access_level` varchar(100) COLLATE utf8_unicode_ci DEFAULT 'STUDENT',
  `affiliates` varchar(100) COLLATE utf8_unicode_ci DEFAULT 'NONE',
  `state` int(11) DEFAULT '0',
  `tries` int(11) DEFAULT '0' COMMENT 'same as faculty wrong count',
  `blocked_until` datetime DEFAULT NULL,
  `active` int(11) DEFAULT '1',
  PRIMARY KEY (`id`),
  UNIQUE KEY `username` (`username`),
  UNIQUE KEY `STUDENT_id` (`STUDENT_id`),
  CONSTRAINT `acc_student_fk_from_student_id` FOREIGN KEY (`STUDENT_id`) REFERENCES `student` (`cict_id`)
) ENGINE=InnoDB AUTO_INCREMENT=27 DEFAULT CHARSET=utf8 COLLATE=utf8_unicode_ci;

-- Dumping data for table cictems.account_student: ~4 rows (approximately)
/*!40000 ALTER TABLE `account_student` DISABLE KEYS */;
INSERT INTO `account_student` (`id`, `STUDENT_id`, `username`, `password`, `recovery_question`, `recovery_answer`, `access_level`, `affiliates`, `state`, `tries`, `blocked_until`, `active`) VALUES
	(22, 57, 'jhmvin', '123456', 'What was the name of the street you lived in as a child?', 'LGONZALES', 'STUDENT', 'NONE', 0, 0, NULL, 1),
	(24, 59, 'jlnclsmrc', '123456', 'What primary school did you attend?', 'heyheyhey', 'ORGANIZATIONAL', 'NONE', 0, 0, NULL, 1),
	(25, 61, 'jhmvin1233', '123456', 'What are the last six digits of your Student ID?', '111111', 'STUDENT', 'NONE', 0, 0, NULL, 1),
	(26, 58, 'arlealyn', '123456', 'What was the name of the street you lived in as a child?', 'sesame street', 'STUDENT', 'NONE', 0, 0, NULL, 1);
/*!40000 ALTER TABLE `account_student` ENABLE KEYS */;

-- Dumping structure for table cictems.curriculum
CREATE TABLE IF NOT EXISTS `curriculum` (
  `id` int(30) NOT NULL AUTO_INCREMENT,
  `ACADPROG_id` int(30) DEFAULT NULL,
  `major` varchar(50) COLLATE utf8_unicode_ci DEFAULT NULL,
  `name` varchar(50) COLLATE utf8_unicode_ci DEFAULT NULL,
  `description` varchar(50) COLLATE utf8_unicode_ci DEFAULT 'NO DESCRIPTION',
  `ladderization` varchar(50) COLLATE utf8_unicode_ci DEFAULT NULL,
  `ladderization_type` varchar(50) COLLATE utf8_unicode_ci DEFAULT NULL,
  `study_years` int(11) DEFAULT NULL,
  `created_date` datetime DEFAULT CURRENT_TIMESTAMP,
  `created_by` int(11) DEFAULT NULL,
  `updated_date` datetime DEFAULT NULL,
  `updated_by` int(11) DEFAULT NULL,
  `removed_date` datetime DEFAULT NULL,
  `removed_by` int(11) DEFAULT NULL,
  `implemented` tinyint(4) DEFAULT '0',
  `implementation_date` datetime DEFAULT NULL,
  `implemented_by` int(11) DEFAULT NULL,
  `obsolete_term` int(11) DEFAULT NULL,
  `active` int(11) NOT NULL DEFAULT '1',
  PRIMARY KEY (`id`),
  KEY `curriculum_fk_from_academic_program_id` (`ACADPROG_id`),
  KEY `curriculum_fk_created_by` (`created_by`),
  KEY `curriculum_fk_removed_by` (`removed_by`),
  KEY `curriculum_fk_implemented_by` (`implemented_by`),
  KEY `curriculum_fk_updated_by` (`updated_by`),
  KEY `curriculum_fk_obsolete` (`obsolete_term`),
  CONSTRAINT `curriculum_fk_created_by` FOREIGN KEY (`created_by`) REFERENCES `faculty` (`id`),
  CONSTRAINT `curriculum_fk_from_academic_program_id` FOREIGN KEY (`ACADPROG_id`) REFERENCES `academic_program` (`id`),
  CONSTRAINT `curriculum_fk_implemented_by` FOREIGN KEY (`implemented_by`) REFERENCES `faculty` (`id`),
  CONSTRAINT `curriculum_fk_obsolete` FOREIGN KEY (`obsolete_term`) REFERENCES `academic_term` (`id`),
  CONSTRAINT `curriculum_fk_removed_by` FOREIGN KEY (`removed_by`) REFERENCES `faculty` (`id`),
  CONSTRAINT `curriculum_fk_updated_by` FOREIGN KEY (`updated_by`) REFERENCES `faculty` (`id`)
) ENGINE=InnoDB AUTO_INCREMENT=12 DEFAULT CHARSET=utf8 COLLATE=utf8_unicode_ci;

-- Dumping data for table cictems.curriculum: ~5 rows (approximately)
/*!40000 ALTER TABLE `curriculum` DISABLE KEYS */;
INSERT INTO `curriculum` (`id`, `ACADPROG_id`, `major`, `name`, `description`, `ladderization`, `ladderization_type`, `study_years`, `created_date`, `created_by`, `updated_date`, `updated_by`, `removed_date`, `removed_by`, `implemented`, `implementation_date`, `implemented_by`, `obsolete_term`, `active`) VALUES
	(6, 4, 'NONE', 'ACT (15-16)', 'NO DESCRIPTION', 'YES', 'PREPARATORY', 2, '2017-09-06 14:19:06', 4, NULL, NULL, NULL, NULL, 0, NULL, NULL, NULL, 1),
	(7, 4, 'NONE', 'ACT (16-17)', 'NO DESCRIPTION', 'YES', 'PREPARATORY', 2, '2017-09-06 14:19:54', 3, NULL, NULL, NULL, NULL, 0, NULL, NULL, NULL, 1),
	(9, 5, 'NONE', 'BSIT OLD (11-12)', 'NO DESCRIPTION', 'NO', 'NONE', 4, '2017-09-23 18:13:06', 3, NULL, NULL, NULL, NULL, 0, NULL, NULL, NULL, 1),
	(10, 7, 'NONE', 'BITCT', 'NO DESCRIPTION', 'NO', 'NONE', 4, '2017-09-23 20:54:17', 3, NULL, NULL, NULL, NULL, 0, NULL, NULL, NULL, 1),
	(11, 5, 'NONE', 'BSIT (16-17)', 'NO DESCRIPTION', 'YES', 'CONSEQUENT', 2, '2017-10-18 04:58:42', 1, NULL, NULL, NULL, NULL, 0, NULL, NULL, 13, 1);
/*!40000 ALTER TABLE `curriculum` ENABLE KEYS */;

-- Dumping structure for table cictems.curriculum_history
CREATE TABLE IF NOT EXISTS `curriculum_history` (
  `history_id` int(11) NOT NULL AUTO_INCREMENT,
  `CURRICULUM_id` int(11) DEFAULT NULL,
  `major` varchar(50) COLLATE utf8_unicode_ci DEFAULT NULL,
  `name` varchar(50) COLLATE utf8_unicode_ci DEFAULT NULL,
  `description` varchar(50) COLLATE utf8_unicode_ci DEFAULT NULL,
  `ladderization` varchar(50) COLLATE utf8_unicode_ci DEFAULT NULL,
  `ladderization_type` varchar(50) COLLATE utf8_unicode_ci DEFAULT NULL,
  `study_years` int(11) DEFAULT NULL,
  `created_date` datetime DEFAULT NULL,
  `created_by` int(11) DEFAULT NULL,
  `updated_date` datetime DEFAULT NULL,
  `updated_by` int(11) DEFAULT NULL,
  `removed_date` datetime DEFAULT NULL,
  `removed_by` int(11) DEFAULT NULL,
  `implemented` int(11) DEFAULT NULL,
  `implementation_date` datetime DEFAULT NULL,
  `implemented_by` int(11) DEFAULT NULL,
  `active` int(11) NOT NULL DEFAULT '1',
  PRIMARY KEY (`history_id`)
) ENGINE=InnoDB DEFAULT CHARSET=utf8 COLLATE=utf8_unicode_ci;

-- Dumping data for table cictems.curriculum_history: ~0 rows (approximately)
/*!40000 ALTER TABLE `curriculum_history` DISABLE KEYS */;
/*!40000 ALTER TABLE `curriculum_history` ENABLE KEYS */;

-- Dumping structure for table cictems.curriculum_history_summary
CREATE TABLE IF NOT EXISTS `curriculum_history_summary` (
  `history_id` int(11) NOT NULL AUTO_INCREMENT,
  `curriculum_id` int(11) DEFAULT NULL,
  `description` varchar(300) COLLATE utf8_unicode_ci DEFAULT NULL,
  `created_by` int(11) DEFAULT NULL,
  `created_date` datetime DEFAULT CURRENT_TIMESTAMP,
  `active` tinyint(4) DEFAULT '1',
  PRIMARY KEY (`history_id`),
  KEY `cur_history_fk_curriculum_id` (`curriculum_id`),
  KEY `cur_history_fk_faculty` (`created_by`),
  CONSTRAINT `cur_history_fk_curriculum_id` FOREIGN KEY (`curriculum_id`) REFERENCES `curriculum` (`id`),
  CONSTRAINT `cur_history_fk_faculty` FOREIGN KEY (`created_by`) REFERENCES `faculty` (`id`)
) ENGINE=InnoDB AUTO_INCREMENT=190 DEFAULT CHARSET=utf8 COLLATE=utf8_unicode_ci;

-- Dumping data for table cictems.curriculum_history_summary: ~1 rows (approximately)
/*!40000 ALTER TABLE `curriculum_history_summary` DISABLE KEYS */;
INSERT INTO `curriculum_history_summary` (`history_id`, `curriculum_id`, `description`, `created_by`, `created_date`, `active`) VALUES
	(189, 11, 'ADDED CO-REQUISITE [ID:177] IT 333 FOR [ID:157] IT 373 FROM THIRD YEAR-FIRST SEMESTER', 1, '2017-10-18 05:16:48', 1);
/*!40000 ALTER TABLE `curriculum_history_summary` ENABLE KEYS */;

-- Dumping structure for table cictems.curriculum_pre
CREATE TABLE IF NOT EXISTS `curriculum_pre` (
  `id` int(11) NOT NULL AUTO_INCREMENT,
  `curriculum_id_get` int(11) DEFAULT NULL,
  `curriculum_id_req` int(11) DEFAULT NULL,
  `cur_type` varchar(50) COLLATE utf8_unicode_ci DEFAULT 'PRIMARY' COMMENT 'PRIMARY, EQUIVALENT',
  `created_date` datetime NOT NULL DEFAULT CURRENT_TIMESTAMP,
  `created_by` int(11) DEFAULT NULL,
  `removed_date` datetime DEFAULT NULL,
  `removed_by` int(11) DEFAULT NULL,
  `active` int(11) NOT NULL DEFAULT '1',
  PRIMARY KEY (`id`),
  KEY `get_fk` (`curriculum_id_get`),
  KEY `req_fk` (`curriculum_id_req`),
  KEY `cur_pre_created` (`created_by`),
  KEY `cur_pre_removed` (`removed_by`),
  CONSTRAINT `cur_pre_created` FOREIGN KEY (`created_by`) REFERENCES `faculty` (`id`),
  CONSTRAINT `cur_pre_removed` FOREIGN KEY (`removed_by`) REFERENCES `faculty` (`id`),
  CONSTRAINT `get_fk` FOREIGN KEY (`curriculum_id_get`) REFERENCES `curriculum` (`id`),
  CONSTRAINT `req_fk` FOREIGN KEY (`curriculum_id_req`) REFERENCES `curriculum` (`id`)
) ENGINE=InnoDB DEFAULT CHARSET=utf8 COLLATE=utf8_unicode_ci;

-- Dumping data for table cictems.curriculum_pre: ~0 rows (approximately)
/*!40000 ALTER TABLE `curriculum_pre` DISABLE KEYS */;
/*!40000 ALTER TABLE `curriculum_pre` ENABLE KEYS */;

-- Dumping structure for table cictems.curriculum_requisite_ext
CREATE TABLE IF NOT EXISTS `curriculum_requisite_ext` (
  `id` int(11) NOT NULL AUTO_INCREMENT,
  `SUBJECT_id_get` int(11) DEFAULT NULL,
  `SUBJECT_id_req` int(11) DEFAULT NULL,
  `CURRICULUM_id` int(11) DEFAULT NULL,
  `type` varchar(50) COLLATE utf8_unicode_ci NOT NULL DEFAULT 'COREQUISITE',
  `added_by` int(11) DEFAULT NULL,
  `added_date` datetime DEFAULT CURRENT_TIMESTAMP,
  `removed_by` int(11) DEFAULT NULL,
  `removed_date` datetime DEFAULT CURRENT_TIMESTAMP,
  `active` tinyint(4) DEFAULT '1',
  PRIMARY KEY (`id`),
  KEY `req_ext_get` (`SUBJECT_id_get`),
  KEY `req_ext_req` (`SUBJECT_id_req`),
  KEY `req_ext_cur` (`CURRICULUM_id`),
  KEY `req_ext_added_by` (`added_by`),
  KEY `req_ext_updated_by` (`removed_by`),
  CONSTRAINT `req_ext_added_by` FOREIGN KEY (`added_by`) REFERENCES `faculty` (`id`),
  CONSTRAINT `req_ext_cur` FOREIGN KEY (`CURRICULUM_id`) REFERENCES `curriculum` (`id`),
  CONSTRAINT `req_ext_get` FOREIGN KEY (`SUBJECT_id_get`) REFERENCES `subject` (`id`),
  CONSTRAINT `req_ext_req` FOREIGN KEY (`SUBJECT_id_req`) REFERENCES `subject` (`id`),
  CONSTRAINT `req_ext_updated_by` FOREIGN KEY (`removed_by`) REFERENCES `faculty` (`id`)
) ENGINE=InnoDB AUTO_INCREMENT=8 DEFAULT CHARSET=utf8 COLLATE=utf8_unicode_ci;

-- Dumping data for table cictems.curriculum_requisite_ext: ~1 rows (approximately)
/*!40000 ALTER TABLE `curriculum_requisite_ext` DISABLE KEYS */;
INSERT INTO `curriculum_requisite_ext` (`id`, `SUBJECT_id_get`, `SUBJECT_id_req`, `CURRICULUM_id`, `type`, `added_by`, `added_date`, `removed_by`, `removed_date`, `active`) VALUES
	(7, 157, 177, 11, 'COREQUISITE', 1, '2017-10-18 05:16:48', NULL, '2017-10-18 05:17:00', 1);
/*!40000 ALTER TABLE `curriculum_requisite_ext` ENABLE KEYS */;

-- Dumping structure for table cictems.curriculum_requisite_line
CREATE TABLE IF NOT EXISTS `curriculum_requisite_line` (
  `id` int(11) NOT NULL AUTO_INCREMENT,
  `SUBJECT_id_get` int(11) DEFAULT NULL,
  `SUBJECT_id_req` int(11) DEFAULT NULL,
  `CURRICULUM_id` int(11) DEFAULT NULL,
  `created_date` datetime DEFAULT CURRENT_TIMESTAMP,
  `created_by` int(11) DEFAULT NULL,
  `removed_date` datetime DEFAULT NULL,
  `removed_by` int(11) DEFAULT NULL,
  `active` int(11) NOT NULL DEFAULT '1',
  PRIMARY KEY (`id`),
  KEY `curriculum_requisite_fk_from_subject_id` (`SUBJECT_id_get`),
  KEY `curriculum_requisite_fk_req_from_subject_id` (`SUBJECT_id_req`),
  KEY `cur_fk` (`CURRICULUM_id`),
  KEY `cur_req_created` (`created_by`),
  KEY `cur_req_removed` (`removed_by`),
  CONSTRAINT `cur_fk` FOREIGN KEY (`CURRICULUM_id`) REFERENCES `curriculum` (`id`),
  CONSTRAINT `cur_req_created` FOREIGN KEY (`created_by`) REFERENCES `faculty` (`id`),
  CONSTRAINT `cur_req_removed` FOREIGN KEY (`removed_by`) REFERENCES `faculty` (`id`),
  CONSTRAINT `curriculum_requisite_fk_from_subject_id` FOREIGN KEY (`SUBJECT_id_get`) REFERENCES `subject` (`id`),
  CONSTRAINT `curriculum_requisite_fk_req_from_subject_id` FOREIGN KEY (`SUBJECT_id_req`) REFERENCES `subject` (`id`)
) ENGINE=InnoDB AUTO_INCREMENT=147 DEFAULT CHARSET=utf8 COLLATE=utf8_unicode_ci;

-- Dumping data for table cictems.curriculum_requisite_line: ~101 rows (approximately)
/*!40000 ALTER TABLE `curriculum_requisite_line` DISABLE KEYS */;
INSERT INTO `curriculum_requisite_line` (`id`, `SUBJECT_id_get`, `SUBJECT_id_req`, `CURRICULUM_id`, `created_date`, `created_by`, `removed_date`, `removed_by`, `active`) VALUES
	(45, 124, 113, 6, '2017-09-09 09:49:21', 3, NULL, NULL, 1),
	(46, 147, 116, 6, '2017-09-09 09:49:48', 3, NULL, NULL, 1),
	(47, 126, 116, 6, '2017-09-09 09:50:13', 3, NULL, NULL, 1),
	(48, 149, 117, 6, '2017-09-09 09:50:33', 3, NULL, NULL, 1),
	(49, 129, 119, 6, '2017-09-09 09:50:48', 3, NULL, NULL, 1),
	(50, 172, 147, 6, '2017-09-09 09:51:37', 3, NULL, NULL, 1),
	(51, 172, 126, 6, '2017-09-09 09:51:37', 3, NULL, NULL, 1),
	(52, 133, 147, 6, '2017-09-09 09:52:14', 3, NULL, NULL, 1),
	(53, 133, 126, 6, '2017-09-09 09:52:14', 3, NULL, NULL, 1),
	(54, 134, 115, 6, '2017-09-09 09:52:49', 3, NULL, NULL, 1),
	(55, 135, 117, 6, '2017-09-09 09:53:09', 3, NULL, NULL, 1),
	(56, 136, 127, 6, '2017-09-09 11:22:42', 3, NULL, NULL, 1),
	(57, 139, 135, 6, '2017-09-09 09:57:05', 3, NULL, NULL, 1),
	(58, 140, 133, 6, '2017-09-09 09:57:27', 3, NULL, NULL, 1),
	(59, 140, 172, 6, '2017-09-09 09:57:27', 3, NULL, NULL, 1),
	(60, 142, 136, 6, '2017-09-09 09:58:14', 3, NULL, NULL, 1),
	(61, 143, 134, 6, '2017-09-09 09:58:37', 3, NULL, NULL, 1),
	(62, 124, 113, 7, '2017-09-09 10:21:39', 3, NULL, NULL, 1),
	(63, 147, 116, 7, '2017-09-09 10:22:04', 3, NULL, NULL, 1),
	(64, 149, 117, 7, '2017-09-09 10:22:31', 3, NULL, NULL, 1),
	(65, 129, 119, 7, '2017-09-09 10:22:53', 3, NULL, NULL, 1),
	(66, 172, 147, 7, '2017-09-09 10:23:25', 3, NULL, NULL, 1),
	(67, 126, 147, 7, '2017-09-09 10:24:41', 3, NULL, NULL, 1),
	(68, 133, 147, 7, '2017-09-09 10:24:57', 3, NULL, NULL, 1),
	(69, 134, 115, 7, '2017-09-09 10:25:45', 3, NULL, NULL, 1),
	(70, 135, 117, 7, '2017-09-09 10:26:07', 3, NULL, NULL, 1),
	(71, 139, 135, 7, '2017-09-09 10:29:37', 3, NULL, NULL, 1),
	(72, 140, 133, 7, '2017-09-09 10:29:56', 3, NULL, NULL, 1),
	(73, 140, 172, 7, '2017-09-09 10:29:56', 3, NULL, NULL, 1),
	(74, 136, 149, 7, '2017-09-09 10:31:21', 3, NULL, NULL, 1),
	(75, 143, 134, 7, '2017-09-09 10:39:09', 3, NULL, NULL, 1),
	(76, 162, 154, 11, '2017-09-09 10:57:13', 3, NULL, NULL, 1),
	(77, 162, 177, 11, '2017-09-09 10:57:13', 3, NULL, NULL, 1),
	(78, 163, 154, 11, '2017-09-09 10:58:36', 3, NULL, NULL, 1),
	(79, 163, 177, 11, '2017-09-09 10:58:36', 3, NULL, NULL, 1),
	(80, 165, 154, 11, '2017-09-09 11:01:02', 3, NULL, NULL, 1),
	(81, 165, 157, 11, '2017-09-09 11:01:02', 3, NULL, NULL, 1),
	(83, 202, 133, 7, '2017-09-23 11:03:44', 3, NULL, NULL, 1),
	(84, 202, 172, 7, '2017-09-23 11:03:44', 3, NULL, NULL, 1),
	(85, 186, 164, 11, '2017-09-23 11:44:03', 3, NULL, NULL, 1),
	(86, 186, 165, 11, '2017-09-23 11:44:03', 3, NULL, NULL, 1),
	(87, 169, 166, 11, '2017-09-23 11:44:26', 3, NULL, NULL, 1),
	(88, 188, 167, 11, '2017-09-23 11:44:38', 3, NULL, NULL, 1),
	(89, 197, 190, 9, '2017-09-23 20:05:32', 3, NULL, NULL, 1),
	(90, 198, 191, 9, '2017-09-23 20:05:47', 3, NULL, NULL, 1),
	(91, 199, 192, 9, '2017-09-23 20:06:09', 3, NULL, NULL, 1),
	(92, 121, 113, 9, '2017-09-23 20:06:28', 3, NULL, NULL, 1),
	(93, 120, 194, 9, '2017-09-23 20:06:44', 3, NULL, NULL, 1),
	(94, 204, 193, 9, '2017-09-23 20:07:11', 3, NULL, NULL, 1),
	(95, 129, 119, 9, '2017-09-23 20:07:26', 3, NULL, NULL, 1),
	(96, 207, 197, 9, '2017-09-23 20:07:55', 3, NULL, NULL, 1),
	(97, 208, 198, 9, '2017-09-23 20:08:10', 3, NULL, NULL, 1),
	(98, 209, 198, 9, '2017-09-23 20:08:26', 3, NULL, NULL, 1),
	(99, 210, 198, 9, '2017-09-23 20:08:40', 3, NULL, NULL, 1),
	(100, 211, 121, 9, '2017-09-23 20:09:00', 3, NULL, NULL, 1),
	(101, 212, 120, 9, '2017-09-23 20:09:17', 3, NULL, NULL, 1),
	(102, 216, 208, 9, '2017-09-23 20:09:41', 3, NULL, NULL, 1),
	(103, 217, 210, 9, '2017-09-23 20:09:56', 3, NULL, NULL, 1),
	(104, 217, 209, 9, '2017-09-23 20:09:56', 3, NULL, NULL, 1),
	(105, 218, 199, 9, '2017-09-23 20:10:18', 3, NULL, NULL, 1),
	(106, 219, 190, 9, '2017-09-23 20:10:37', 3, NULL, NULL, 1),
	(107, 220, 121, 9, '2017-09-23 20:10:52', 3, NULL, NULL, 1),
	(108, 223, 113, 9, '2017-09-23 20:11:15', 3, NULL, NULL, 1),
	(109, 226, 217, 9, '2017-09-23 20:11:38', 3, NULL, NULL, 1),
	(110, 226, 216, 9, '2017-09-23 20:11:38', 3, NULL, NULL, 1),
	(111, 227, 218, 9, '2017-09-23 20:12:01', 3, NULL, NULL, 1),
	(112, 228, 207, 9, '2017-09-23 20:12:16', 3, NULL, NULL, 1),
	(113, 229, 218, 9, '2017-09-23 20:12:40', 3, NULL, NULL, 1),
	(114, 230, 218, 9, '2017-09-23 20:13:02', 3, NULL, NULL, 1),
	(115, 230, 216, 9, '2017-09-23 20:13:02', 3, NULL, NULL, 1),
	(116, 234, 226, 9, '2017-09-23 20:13:53', 3, NULL, NULL, 1),
	(117, 235, 216, 9, '2017-09-23 20:15:04', 3, NULL, NULL, 1),
	(118, 235, 210, 9, '2017-09-23 20:15:04', 3, NULL, NULL, 1),
	(119, 236, 216, 9, '2017-09-23 20:15:33', 3, NULL, NULL, 1),
	(120, 236, 210, 9, '2017-09-23 20:15:33', 3, NULL, NULL, 1),
	(121, 237, 230, 9, '2017-09-23 20:16:00', 3, NULL, NULL, 1),
	(122, 240, 212, 9, '2017-09-23 20:16:17', 3, NULL, NULL, 1),
	(123, 242, 234, 9, '2017-09-23 20:17:59', 3, NULL, NULL, 1),
	(124, 253, 247, 10, '2017-09-23 21:20:48', 3, NULL, NULL, 1),
	(125, 254, 246, 10, '2017-09-23 21:21:10', 3, NULL, NULL, 1),
	(126, 256, 249, 10, '2017-09-23 21:21:28', 3, NULL, NULL, 1),
	(127, 260, 246, 10, '2017-09-23 21:21:47', 3, NULL, NULL, 1),
	(128, 260, 248, 10, '2017-09-23 21:21:47', 3, NULL, NULL, 1),
	(129, 261, 245, 10, '2017-09-23 21:22:06', 3, NULL, NULL, 1),
	(130, 262, 246, 10, '2017-09-23 21:22:25', 3, NULL, NULL, 1),
	(131, 262, 248, 10, '2017-09-23 21:22:25', 3, NULL, NULL, 1),
	(132, 262, 245, 10, '2017-09-23 21:22:25', 3, NULL, NULL, 1),
	(133, 263, 246, 10, '2017-09-23 21:23:12', 3, NULL, NULL, 1),
	(134, 263, 248, 10, '2017-09-23 21:23:12', 3, NULL, NULL, 1),
	(135, 264, 245, 10, '2017-09-23 21:23:45', 3, NULL, NULL, 1),
	(136, 265, 245, 10, '2017-09-23 21:24:04', 3, NULL, NULL, 1),
	(137, 267, 254, 10, '2017-09-23 22:16:02', 3, NULL, NULL, 1),
	(138, 268, 254, 10, '2017-09-23 22:16:16', 3, NULL, NULL, 1),
	(139, 276, 253, 10, '2017-09-23 22:32:34', 3, NULL, NULL, 1),
	(140, 277, 264, 10, '2017-09-23 22:32:52', 3, NULL, NULL, 1),
	(141, 278, 260, 10, '2017-09-23 22:33:08', 3, NULL, NULL, 1),
	(142, 283, 267, 10, '2017-09-23 22:33:31', 3, NULL, NULL, 1),
	(143, 283, 268, 10, '2017-09-23 22:33:31', 3, NULL, NULL, 1),
	(144, 283, 271, 10, '2017-09-23 22:33:31', 3, NULL, NULL, 1),
	(145, 285, 267, 10, '2017-09-23 22:34:25', 3, NULL, NULL, 1),
	(146, 286, 283, 10, '2017-09-23 22:34:40', 3, NULL, NULL, 1);
/*!40000 ALTER TABLE `curriculum_requisite_line` ENABLE KEYS */;

-- Dumping structure for table cictems.curriculum_subject
CREATE TABLE IF NOT EXISTS `curriculum_subject` (
  `id` int(11) NOT NULL AUTO_INCREMENT,
  `CURRICULUM_id` int(11) DEFAULT NULL,
  `SUBJECT_id` int(11) DEFAULT NULL,
  `year` int(11) NOT NULL DEFAULT '0',
  `semester` int(11) NOT NULL DEFAULT '0' COMMENT '3 for mid year',
  `sequence` int(11) NOT NULL DEFAULT '0',
  `added_by` int(11) DEFAULT NULL,
  `added_date` datetime DEFAULT CURRENT_TIMESTAMP,
  `removed_by` int(11) DEFAULT NULL,
  `removed_date` datetime DEFAULT CURRENT_TIMESTAMP,
  `active` int(11) NOT NULL DEFAULT '1',
  PRIMARY KEY (`id`),
  KEY `curriculum_subjects_fk_from_curriculum_id` (`CURRICULUM_id`),
  KEY `curriculum_subjects_fk_from_subject_id` (`SUBJECT_id`),
  KEY `cursub_fk_added_by` (`added_by`),
  KEY `cursub_fk_updated_by` (`removed_by`),
  CONSTRAINT `curriculum_subjects_fk_from_curriculum_id` FOREIGN KEY (`CURRICULUM_id`) REFERENCES `curriculum` (`id`),
  CONSTRAINT `curriculum_subjects_fk_from_subject_id` FOREIGN KEY (`SUBJECT_id`) REFERENCES `subject` (`id`),
  CONSTRAINT `cursub_fk_added_by` FOREIGN KEY (`added_by`) REFERENCES `faculty` (`id`),
  CONSTRAINT `cursub_fk_updated_by` FOREIGN KEY (`removed_by`) REFERENCES `faculty` (`id`)
) ENGINE=InnoDB AUTO_INCREMENT=331 DEFAULT CHARSET=utf8 COLLATE=utf8_unicode_ci;

-- Dumping data for table cictems.curriculum_subject: ~207 rows (approximately)
/*!40000 ALTER TABLE `curriculum_subject` DISABLE KEYS */;
INSERT INTO `curriculum_subject` (`id`, `CURRICULUM_id`, `SUBJECT_id`, `year`, `semester`, `sequence`, `added_by`, `added_date`, `removed_by`, `removed_date`, `active`) VALUES
	(119, 6, 110, 1, 1, 119, NULL, '2017-09-09 11:41:47', NULL, '2017-09-09 11:41:47', 1),
	(120, 6, 111, 1, 1, 120, NULL, '2017-09-09 11:41:47', NULL, '2017-09-09 11:41:47', 1),
	(121, 6, 112, 1, 1, 121, NULL, '2017-09-09 11:41:47', NULL, '2017-09-09 11:41:47', 1),
	(122, 6, 113, 1, 1, 122, NULL, '2017-09-09 11:41:47', NULL, '2017-09-09 11:41:47', 1),
	(123, 6, 114, 1, 1, 123, NULL, '2017-09-09 11:41:47', NULL, '2017-09-09 11:41:47', 1),
	(124, 6, 115, 1, 1, 124, NULL, '2017-09-09 11:41:47', NULL, '2017-09-09 11:41:47', 1),
	(125, 6, 116, 1, 1, 125, NULL, '2017-09-09 11:41:47', NULL, '2017-09-09 11:41:47', 1),
	(126, 6, 117, 1, 1, 126, NULL, '2017-09-09 11:41:47', NULL, '2017-09-09 11:41:47', 1),
	(127, 6, 118, 1, 1, 127, NULL, '2017-09-09 11:41:47', NULL, '2017-09-09 11:41:47', 1),
	(128, 6, 119, 1, 1, 128, NULL, '2017-09-09 11:41:47', NULL, '2017-09-09 11:41:47', 1),
	(129, 6, 120, 1, 2, 129, NULL, '2017-09-09 11:41:47', NULL, '2017-09-09 11:41:47', 1),
	(130, 6, 121, 1, 2, 130, NULL, '2017-09-09 11:41:47', NULL, '2017-09-09 11:41:47', 1),
	(131, 6, 122, 1, 2, 131, NULL, '2017-09-09 11:41:47', NULL, '2017-09-09 11:41:47', 1),
	(132, 6, 123, 1, 2, 132, NULL, '2017-09-09 11:41:47', NULL, '2017-09-09 11:41:47', 1),
	(133, 6, 124, 1, 2, 133, NULL, '2017-09-09 11:41:47', NULL, '2017-09-09 11:41:47', 1),
	(134, 6, 147, 1, 2, 134, NULL, '2017-09-09 11:41:47', NULL, '2017-09-09 11:41:47', 1),
	(135, 6, 126, 1, 2, 135, NULL, '2017-09-09 11:41:47', NULL, '2017-09-09 11:41:47', 1),
	(137, 6, 128, 1, 2, 137, NULL, '2017-09-09 11:41:47', NULL, '2017-09-09 11:41:47', 1),
	(138, 6, 129, 1, 2, 138, NULL, '2017-09-09 11:41:47', NULL, '2017-09-09 11:41:47', 1),
	(139, 6, 130, 2, 1, 139, NULL, '2017-09-09 11:41:47', NULL, '2017-09-09 11:41:47', 1),
	(140, 6, 131, 2, 1, 140, NULL, '2017-09-09 11:41:47', NULL, '2017-09-09 11:41:47', 1),
	(141, 6, 133, 2, 1, 141, NULL, '2017-09-09 11:41:47', NULL, '2017-09-09 11:41:47', 1),
	(142, 6, 134, 2, 1, 142, NULL, '2017-09-09 11:41:47', NULL, '2017-09-09 11:41:47', 1),
	(143, 6, 135, 2, 1, 143, NULL, '2017-09-09 11:41:47', NULL, '2017-09-09 11:41:47', 1),
	(144, 6, 136, 2, 1, 144, NULL, '2017-09-09 11:41:47', NULL, '2017-09-09 11:41:47', 1),
	(145, 6, 137, 2, 1, 145, NULL, '2017-09-09 11:41:47', NULL, '2017-09-09 11:41:47', 1),
	(146, 6, 138, 2, 2, 146, NULL, '2017-09-09 11:41:47', NULL, '2017-09-09 11:41:47', 1),
	(147, 6, 139, 2, 2, 147, NULL, '2017-09-09 11:41:47', NULL, '2017-09-09 11:41:47', 1),
	(148, 6, 140, 2, 2, 148, NULL, '2017-09-09 11:41:47', NULL, '2017-09-09 11:41:47', 1),
	(149, 6, 141, 2, 2, 149, NULL, '2017-09-09 11:41:47', NULL, '2017-09-09 11:41:47', 1),
	(150, 6, 142, 2, 2, 150, NULL, '2017-09-09 11:41:47', NULL, '2017-09-09 11:41:47', 1),
	(151, 6, 143, 2, 2, 151, NULL, '2017-09-09 11:41:47', NULL, '2017-09-09 11:41:47', 1),
	(152, 6, 144, 2, 2, 152, NULL, '2017-09-09 11:41:47', NULL, '2017-09-09 11:41:47', 1),
	(153, 6, 145, 2, 2, 153, NULL, '2017-09-09 11:41:47', NULL, '2017-09-09 11:41:47', 1),
	(154, 6, 172, 2, 1, 154, NULL, '2017-09-09 11:41:47', NULL, '2017-09-09 11:41:47', 1),
	(155, 7, 110, 1, 1, 155, NULL, '2017-09-09 11:41:47', NULL, '2017-09-09 11:41:47', 1),
	(156, 7, 111, 1, 1, 156, NULL, '2017-09-09 11:41:47', NULL, '2017-09-09 11:41:47', 1),
	(157, 7, 112, 1, 1, 157, NULL, '2017-09-09 11:41:47', NULL, '2017-09-09 11:41:47', 1),
	(158, 7, 113, 1, 1, 158, NULL, '2017-09-09 11:41:47', NULL, '2017-09-09 11:41:47', 1),
	(159, 7, 114, 1, 1, 159, NULL, '2017-09-09 11:41:47', NULL, '2017-09-09 11:41:47', 1),
	(160, 7, 115, 1, 1, 160, NULL, '2017-09-09 11:41:47', NULL, '2017-09-09 11:41:47', 1),
	(161, 7, 116, 1, 1, 161, NULL, '2017-09-09 11:41:47', NULL, '2017-09-09 11:41:47', 1),
	(162, 7, 117, 1, 1, 162, NULL, '2017-09-09 11:41:47', NULL, '2017-09-09 11:41:47', 1),
	(163, 7, 128, 1, 2, 163, NULL, '2017-09-09 11:41:47', NULL, '2017-09-09 11:41:47', 1),
	(164, 7, 118, 1, 1, 164, NULL, '2017-09-09 11:41:47', NULL, '2017-09-09 11:41:47', 1),
	(165, 7, 119, 1, 1, 165, NULL, '2017-09-09 11:41:47', NULL, '2017-09-09 11:41:47', 1),
	(166, 7, 120, 1, 2, 166, NULL, '2017-09-09 11:41:47', NULL, '2017-09-09 11:41:47', 1),
	(167, 7, 121, 1, 2, 167, NULL, '2017-09-09 11:41:47', NULL, '2017-09-09 11:41:47', 1),
	(168, 7, 122, 1, 2, 168, NULL, '2017-09-09 11:41:47', NULL, '2017-09-09 11:41:47', 1),
	(169, 7, 123, 1, 2, 169, NULL, '2017-09-09 11:41:47', NULL, '2017-09-09 11:41:47', 1),
	(170, 7, 147, 1, 2, 170, NULL, '2017-09-09 11:41:47', NULL, '2017-09-09 11:41:47', 1),
	(171, 7, 124, 1, 2, 171, NULL, '2017-09-09 11:41:47', NULL, '2017-09-09 11:41:47', 1),
	(172, 7, 148, 1, 2, 172, NULL, '2017-09-09 11:41:47', NULL, '2017-09-09 11:41:47', 1),
	(173, 7, 149, 1, 2, 173, NULL, '2017-09-09 11:41:47', NULL, '2017-09-09 11:41:47', 1),
	(174, 7, 129, 1, 2, 174, NULL, '2017-09-09 11:41:47', NULL, '2017-09-09 11:41:47', 1),
	(175, 7, 130, 2, 1, 175, NULL, '2017-09-09 11:41:47', NULL, '2017-09-09 11:41:47', 1),
	(176, 7, 131, 2, 1, 176, NULL, '2017-09-09 11:41:47', NULL, '2017-09-09 11:41:47', 1),
	(178, 7, 172, 2, 1, 178, NULL, '2017-09-09 11:41:47', NULL, '2017-09-09 11:41:47', 1),
	(179, 7, 126, 2, 1, 179, NULL, '2017-09-09 11:41:47', NULL, '2017-09-09 11:41:47', 1),
	(180, 7, 133, 2, 1, 180, NULL, '2017-09-09 11:41:47', NULL, '2017-09-09 11:41:47', 1),
	(181, 7, 134, 2, 1, 181, NULL, '2017-09-09 11:41:47', NULL, '2017-09-09 11:41:47', 1),
	(182, 7, 135, 2, 1, 182, NULL, '2017-09-09 11:41:47', NULL, '2017-09-09 11:41:47', 1),
	(183, 7, 137, 2, 1, 183, NULL, '2017-09-09 11:41:47', NULL, '2017-09-09 11:41:47', 1),
	(184, 6, 127, 1, 2, 184, NULL, '2017-09-09 11:41:47', NULL, '2017-09-09 11:41:47', 1),
	(185, 7, 138, 2, 2, 185, NULL, '2017-09-09 11:41:47', NULL, '2017-09-09 11:41:47', 1),
	(186, 7, 139, 2, 2, 186, NULL, '2017-09-09 11:41:47', NULL, '2017-09-09 11:41:47', 1),
	(187, 7, 140, 2, 2, 187, NULL, '2017-09-09 11:41:47', 3, '2017-09-23 11:00:41', 0),
	(188, 7, 141, 2, 2, 188, NULL, '2017-09-09 11:41:47', NULL, '2017-09-09 11:41:47', 1),
	(189, 7, 136, 2, 2, 189, NULL, '2017-09-09 11:41:47', NULL, '2017-09-09 11:41:47', 1),
	(190, 7, 142, 2, 2, 190, NULL, '2017-09-09 11:41:47', NULL, '2017-09-09 11:41:47', 1),
	(191, 7, 143, 2, 2, 191, NULL, '2017-09-09 11:41:47', NULL, '2017-09-09 11:41:47', 1),
	(192, 7, 145, 2, 2, 192, NULL, '2017-09-09 11:41:47', NULL, '2017-09-09 11:41:47', 1),
	(193, 11, 174, 3, 1, 193, NULL, '2017-09-09 11:41:47', NULL, '2017-09-09 11:41:47', 1),
	(195, 11, 152, 3, 1, 195, NULL, '2017-09-09 11:41:47', NULL, '2017-09-09 11:41:47', 1),
	(196, 11, 176, 3, 1, 196, NULL, '2017-09-09 11:41:47', NULL, '2017-09-09 11:41:47', 1),
	(197, 11, 154, 3, 1, 197, NULL, '2017-09-09 11:41:47', NULL, '2017-09-09 11:41:47', 1),
	(198, 11, 177, 3, 1, 198, NULL, '2017-09-09 11:41:47', NULL, '2017-09-09 11:41:47', 1),
	(199, 11, 156, 3, 1, 199, NULL, '2017-09-09 11:41:47', NULL, '2017-09-09 11:41:47', 1),
	(200, 11, 157, 3, 1, 200, NULL, '2017-09-09 11:41:47', NULL, '2017-09-09 11:41:47', 1),
	(201, 11, 179, 3, 1, 201, NULL, '2017-09-09 11:41:47', NULL, '2017-09-09 11:41:47', 1),
	(202, 11, 159, 3, 2, 202, NULL, '2017-09-09 11:41:47', NULL, '2017-09-09 11:41:47', 1),
	(203, 11, 160, 3, 2, 203, NULL, '2017-09-09 11:41:47', NULL, '2017-09-09 11:41:47', 1),
	(204, 11, 180, 3, 2, 204, NULL, '2017-09-09 11:41:47', NULL, '2017-09-09 11:41:47', 1),
	(205, 11, 162, 3, 2, 205, NULL, '2017-09-09 11:41:47', NULL, '2017-09-09 11:41:47', 1),
	(206, 11, 163, 3, 2, 206, NULL, '2017-09-09 11:41:47', NULL, '2017-09-09 11:41:47', 1),
	(207, 11, 164, 3, 2, 207, NULL, '2017-09-09 11:41:47', NULL, '2017-09-09 11:41:47', 1),
	(208, 11, 165, 3, 2, 208, NULL, '2017-09-09 11:41:47', NULL, '2017-09-09 11:41:47', 1),
	(209, 11, 166, 3, 2, 209, NULL, '2017-09-09 11:41:47', NULL, '2017-09-09 11:41:47', 1),
	(210, 11, 167, 3, 2, 210, NULL, '2017-09-09 11:41:47', NULL, '2017-09-09 11:41:47', 1),
	(211, 11, 186, 4, 1, 211, NULL, '2017-09-09 11:41:47', NULL, '2017-09-09 11:41:47', 1),
	(212, 11, 169, 4, 1, 212, NULL, '2017-09-09 11:41:47', NULL, '2017-09-09 11:41:47', 1),
	(213, 11, 188, 4, 1, 213, NULL, '2017-09-09 11:41:47', NULL, '2017-09-09 11:41:47', 1),
	(214, 11, 171, 4, 2, 214, NULL, '2017-09-09 11:41:47', NULL, '2017-09-09 11:41:47', 1),
	(215, 11, 175, 3, 1, 215, NULL, '2017-09-09 11:41:47', NULL, '2017-09-09 11:41:47', 1),
	(218, 7, 202, 2, 2, 218, NULL, '2017-09-23 11:03:10', NULL, '2017-09-23 11:03:10', 1),
	(219, 9, 190, 1, 1, 219, NULL, '2017-09-23 18:14:04', NULL, '2017-09-23 18:14:04', 1),
	(220, 9, 191, 1, 1, 220, NULL, '2017-09-23 18:14:13', NULL, '2017-09-23 18:14:13', 1),
	(221, 9, 192, 1, 1, 221, NULL, '2017-09-23 18:14:21', NULL, '2017-09-23 18:14:21', 1),
	(222, 9, 113, 1, 1, 222, NULL, '2017-09-23 18:14:33', NULL, '2017-09-23 18:14:33', 1),
	(223, 9, 194, 1, 1, 223, NULL, '2017-09-23 18:14:47', NULL, '2017-09-23 18:14:47', 1),
	(224, 9, 193, 1, 1, 224, NULL, '2017-09-23 18:15:01', NULL, '2017-09-23 18:15:01', 1),
	(225, 9, 203, 1, 1, 225, NULL, '2017-09-23 18:15:54', NULL, '2017-09-23 18:15:54', 1),
	(226, 9, 114, 1, 1, 226, NULL, '2017-09-23 18:16:10', NULL, '2017-09-23 18:16:10', 1),
	(227, 9, 196, 1, 1, 227, NULL, '2017-09-23 18:16:23', NULL, '2017-09-23 18:16:23', 1),
	(228, 9, 119, 1, 1, 228, NULL, '2017-09-23 18:16:34', NULL, '2017-09-23 18:16:34', 1),
	(229, 9, 197, 1, 2, 229, NULL, '2017-09-23 18:19:25', NULL, '2017-09-23 18:19:25', 1),
	(230, 9, 198, 1, 2, 230, NULL, '2017-09-23 18:19:33', NULL, '2017-09-23 18:19:33', 1),
	(231, 9, 199, 1, 2, 231, NULL, '2017-09-23 18:19:48', NULL, '2017-09-23 18:19:48', 1),
	(232, 9, 121, 1, 2, 232, NULL, '2017-09-23 18:19:58', NULL, '2017-09-23 18:19:58', 1),
	(233, 9, 120, 1, 2, 233, NULL, '2017-09-23 18:20:06', NULL, '2017-09-23 18:20:06', 1),
	(234, 9, 204, 1, 2, 234, NULL, '2017-09-23 18:20:54', NULL, '2017-09-23 18:20:54', 1),
	(235, 9, 201, 1, 2, 235, NULL, '2017-09-23 18:21:04', NULL, '2017-09-23 18:21:04', 1),
	(236, 9, 205, 1, 2, 236, NULL, '2017-09-23 18:25:25', NULL, '2017-09-23 18:25:25', 1),
	(237, 9, 129, 1, 2, 237, NULL, '2017-09-23 18:26:31', NULL, '2017-09-23 18:26:31', 1),
	(238, 9, 206, 1, 2, 238, NULL, '2017-09-23 18:27:31', NULL, '2017-09-23 18:27:31', 1),
	(239, 9, 207, 2, 1, 239, NULL, '2017-09-23 18:28:23', NULL, '2017-09-23 18:28:23', 1),
	(240, 9, 208, 2, 1, 240, NULL, '2017-09-23 18:29:06', NULL, '2017-09-23 18:29:06', 1),
	(241, 9, 209, 2, 1, 241, NULL, '2017-09-23 18:30:07', NULL, '2017-09-23 18:30:07', 1),
	(242, 9, 210, 2, 1, 242, NULL, '2017-09-23 18:30:43', NULL, '2017-09-23 18:30:43', 1),
	(243, 9, 211, 2, 1, 243, NULL, '2017-09-23 18:31:29', NULL, '2017-09-23 18:31:29', 1),
	(244, 9, 212, 2, 1, 244, NULL, '2017-09-23 18:32:16', NULL, '2017-09-23 18:32:16', 1),
	(245, 9, 213, 2, 1, 245, NULL, '2017-09-23 18:33:19', NULL, '2017-09-23 18:33:19', 1),
	(246, 9, 214, 2, 1, 246, NULL, '2017-09-23 18:33:51', NULL, '2017-09-23 18:33:51', 1),
	(247, 9, 215, 2, 1, 247, NULL, '2017-09-23 18:34:23', NULL, '2017-09-23 18:34:23', 1),
	(248, 9, 216, 2, 2, 248, NULL, '2017-09-23 18:35:14', NULL, '2017-09-23 18:35:14', 1),
	(249, 9, 217, 2, 2, 249, NULL, '2017-09-23 18:35:43', NULL, '2017-09-23 18:35:43', 1),
	(250, 9, 218, 2, 2, 250, NULL, '2017-09-23 18:36:25', NULL, '2017-09-23 18:36:25', 1),
	(251, 9, 219, 2, 2, 251, NULL, '2017-09-23 18:37:10', NULL, '2017-09-23 18:37:10', 1),
	(252, 9, 220, 2, 2, 252, NULL, '2017-09-23 18:37:41', NULL, '2017-09-23 18:37:41', 1),
	(253, 9, 221, 2, 2, 253, NULL, '2017-09-23 18:44:10', NULL, '2017-09-23 18:44:10', 1),
	(254, 9, 223, 2, 2, 254, NULL, '2017-09-23 18:44:48', NULL, '2017-09-23 18:44:48', 1),
	(255, 9, 224, 2, 2, 255, NULL, '2017-09-23 18:45:13', NULL, '2017-09-23 18:45:13', 1),
	(256, 9, 225, 2, 2, 256, NULL, '2017-09-23 18:46:15', NULL, '2017-09-23 18:46:15', 1),
	(257, 9, 226, 3, 1, 257, 3, '2017-09-23 19:13:35', NULL, '2017-09-23 19:14:27', 1),
	(258, 9, 227, 3, 1, 258, 3, '2017-09-23 19:13:35', NULL, '2017-09-23 19:15:08', 1),
	(259, 9, 228, 3, 1, 259, 3, '2017-09-23 19:13:35', NULL, '2017-09-23 19:15:32', 1),
	(260, 9, 229, 3, 1, 260, 3, '2017-09-23 19:13:35', NULL, '2017-09-23 19:16:24', 1),
	(261, 9, 230, 3, 1, 261, 3, '2017-09-23 19:13:35', NULL, '2017-09-23 19:17:15', 1),
	(262, 9, 231, 3, 1, 262, 3, '2017-09-23 19:13:35', NULL, '2017-09-23 19:18:06', 1),
	(263, 9, 232, 3, 1, 263, 3, '2017-09-23 19:20:09', NULL, '2017-09-23 19:20:19', 1),
	(264, 9, 233, 3, 1, 264, 3, '2017-09-23 19:20:09', NULL, '2017-09-23 19:21:00', 1),
	(265, 9, 234, 3, 2, 265, 3, '2017-09-23 19:52:45', NULL, '2017-09-23 19:53:53', 1),
	(266, 9, 235, 3, 2, 266, 3, '2017-09-23 19:52:45', NULL, '2017-09-23 19:54:46', 1),
	(267, 9, 236, 3, 2, 267, 3, '2017-09-23 19:52:45', NULL, '2017-09-23 19:55:25', 1),
	(268, 9, 237, 3, 2, 268, 3, '2017-09-23 19:52:45', NULL, '2017-09-23 19:56:01', 1),
	(269, 9, 238, 3, 2, 269, 3, '2017-09-23 19:52:45', NULL, '2017-09-23 19:56:41', 1),
	(270, 9, 239, 3, 2, 270, 3, '2017-09-23 19:52:45', NULL, '2017-09-23 19:57:24', 1),
	(271, 9, 240, 3, 2, 271, 3, '2017-09-23 19:52:45', NULL, '2017-09-23 19:58:05', 1),
	(272, 9, 241, 3, 2, 272, 3, '2017-09-23 19:52:45', NULL, '2017-09-23 19:59:06', 1),
	(273, 9, 243, 4, 1, 273, 3, '2017-09-23 20:01:07', NULL, '2017-09-23 20:03:33', 1),
	(274, 9, 244, 4, 1, 274, 3, '2017-09-23 20:01:07', NULL, '2017-09-23 20:04:26', 1),
	(275, 9, 242, 4, 1, 275, 3, '2017-09-23 20:04:48', NULL, '2017-09-23 20:04:54', 1),
	(276, 9, 171, 4, 2, 276, 3, '2017-09-23 20:05:00', NULL, '2017-09-23 20:05:13', 1),
	(277, 10, 245, 1, 1, 277, 3, '2017-09-23 20:56:35', NULL, '2017-09-23 20:58:22', 1),
	(278, 10, 246, 1, 1, 278, 3, '2017-09-23 20:56:35', NULL, '2017-09-23 20:58:56', 1),
	(279, 10, 247, 1, 1, 279, 3, '2017-09-23 20:56:35', NULL, '2017-09-23 20:59:50', 1),
	(280, 10, 248, 1, 1, 280, 3, '2017-09-23 20:56:35', NULL, '2017-09-23 21:00:44', 1),
	(281, 10, 249, 1, 1, 281, 3, '2017-09-23 20:56:35', NULL, '2017-09-23 21:01:24', 1),
	(282, 10, 250, 1, 1, 282, 3, '2017-09-23 20:56:35', NULL, '2017-09-23 21:02:12', 1),
	(283, 10, 251, 1, 1, 283, 3, '2017-09-23 20:56:35', NULL, '2017-09-23 21:02:51', 1),
	(284, 10, 252, 1, 1, 284, 3, '2017-09-23 20:56:35', NULL, '2017-09-23 21:03:13', 1),
	(285, 10, 196, 1, 1, 285, 3, '2017-09-23 20:56:35', NULL, '2017-09-23 21:03:23', 1),
	(286, 10, 119, 1, 1, 286, 3, '2017-09-23 20:56:35', NULL, '2017-09-23 21:03:34', 1),
	(287, 10, 253, 1, 2, 287, 3, '2017-09-23 21:04:48', NULL, '2017-09-23 21:05:26', 1),
	(288, 10, 254, 1, 2, 288, 3, '2017-09-23 21:04:48', NULL, '2017-09-23 21:05:51', 1),
	(289, 10, 255, 1, 2, 289, 3, '2017-09-23 21:04:48', NULL, '2017-09-23 21:06:23', 1),
	(290, 10, 256, 1, 2, 290, 3, '2017-09-23 21:04:48', NULL, '2017-09-23 21:09:56', 1),
	(291, 10, 257, 1, 2, 291, 3, '2017-09-23 21:04:48', NULL, '2017-09-23 21:10:40', 1),
	(292, 10, 258, 1, 2, 292, 3, '2017-09-23 21:04:48', NULL, '2017-09-23 21:11:17', 1),
	(293, 10, 259, 1, 2, 293, 3, '2017-09-23 21:04:48', NULL, '2017-09-23 21:11:50', 1),
	(294, 10, 206, 1, 2, 294, 3, '2017-09-23 21:04:48', NULL, '2017-09-23 21:12:01', 1),
	(295, 10, 129, 1, 2, 295, 3, '2017-09-23 21:04:48', NULL, '2017-09-23 21:12:10', 1),
	(296, 10, 260, 2, 1, 296, 3, '2017-09-23 21:15:14', NULL, '2017-09-23 21:16:14', 1),
	(297, 10, 261, 2, 1, 297, 3, '2017-09-23 21:15:14', NULL, '2017-09-23 21:17:05', 1),
	(298, 10, 262, 2, 1, 298, 3, '2017-09-23 21:15:14', NULL, '2017-09-23 21:18:00', 1),
	(299, 10, 263, 2, 1, 299, 3, '2017-09-23 21:15:14', NULL, '2017-09-23 21:18:40', 1),
	(300, 10, 264, 2, 1, 300, 3, '2017-09-23 21:15:14', NULL, '2017-09-23 21:19:29', 1),
	(301, 10, 265, 2, 1, 301, 3, '2017-09-23 21:15:14', NULL, '2017-09-23 21:20:15', 1),
	(302, 10, 215, 2, 1, 302, 3, '2017-09-23 21:15:14', NULL, '2017-09-23 21:20:24', 1),
	(303, 10, 266, 2, 2, 303, 3, '2017-09-23 21:25:49', NULL, '2017-09-23 21:25:57', 1),
	(304, 10, 267, 3, 1, 304, 3, '2017-09-23 22:08:16', NULL, '2017-09-23 22:09:02', 1),
	(305, 10, 268, 3, 1, 305, 3, '2017-09-23 22:08:16', NULL, '2017-09-23 22:09:34', 1),
	(306, 10, 269, 3, 1, 306, 3, '2017-09-23 22:08:16', NULL, '2017-09-23 22:10:22', 1),
	(307, 10, 270, 3, 1, 307, 3, '2017-09-23 22:08:16', NULL, '2017-09-23 22:11:42', 1),
	(308, 10, 271, 3, 1, 308, 3, '2017-09-23 22:08:16', NULL, '2017-09-23 22:13:05', 1),
	(309, 10, 272, 3, 1, 309, 3, '2017-09-23 22:08:16', NULL, '2017-09-23 22:13:33', 1),
	(310, 10, 273, 3, 1, 310, 3, '2017-09-23 22:08:16', NULL, '2017-09-23 22:13:56', 1),
	(311, 10, 274, 3, 1, 311, 3, '2017-09-23 22:08:16', NULL, '2017-09-23 22:14:54', 1),
	(312, 10, 275, 3, 1, 312, 3, '2017-09-23 22:08:16', NULL, '2017-09-23 22:15:34', 1),
	(313, 10, 276, 3, 2, 313, 3, '2017-09-23 22:16:36', NULL, '2017-09-23 22:17:17', 1),
	(314, 10, 277, 3, 2, 314, 3, '2017-09-23 22:16:36', NULL, '2017-09-23 22:18:05', 1),
	(315, 10, 279, 3, 2, 315, 3, '2017-09-23 22:16:36', NULL, '2017-09-23 22:19:39', 1),
	(316, 10, 280, 3, 2, 316, 3, '2017-09-23 22:16:36', NULL, '2017-09-23 22:20:06', 1),
	(317, 10, 281, 3, 2, 317, 3, '2017-09-23 22:16:36', NULL, '2017-09-23 22:20:54', 1),
	(318, 10, 282, 3, 2, 318, 3, '2017-09-23 22:16:36', NULL, '2017-09-23 22:21:24', 1),
	(319, 10, 283, 3, 2, 319, 3, '2017-09-23 22:16:36', NULL, '2017-09-23 22:22:09', 1),
	(320, 10, 284, 3, 2, 320, 3, '2017-09-23 22:16:36', NULL, '2017-09-23 22:23:15', 1),
	(321, 10, 278, 3, 2, 321, 3, '2017-09-23 22:24:32', NULL, '2017-09-23 22:24:45', 1),
	(322, 10, 285, 4, 1, 322, 3, '2017-09-23 22:25:37', NULL, '2017-09-23 22:26:29', 1),
	(323, 10, 286, 4, 1, 323, 3, '2017-09-23 22:25:37', NULL, '2017-09-23 22:27:05', 1),
	(324, 10, 287, 4, 1, 324, 3, '2017-09-23 22:25:37', NULL, '2017-09-23 22:27:37', 1),
	(325, 10, 288, 4, 1, 325, 3, '2017-09-23 22:25:37', NULL, '2017-09-23 22:28:19', 1),
	(326, 10, 289, 4, 1, 326, 3, '2017-09-23 22:25:37', NULL, '2017-09-23 22:28:54', 1),
	(327, 10, 290, 4, 1, 327, 3, '2017-09-23 22:25:37', NULL, '2017-09-23 22:29:30', 1),
	(328, 10, 291, 4, 1, 328, 3, '2017-09-23 22:25:37', NULL, '2017-09-23 22:29:57', 1),
	(329, 10, 292, 4, 1, 329, 3, '2017-09-23 22:30:30', NULL, '2017-09-23 22:31:05', 1),
	(330, 10, 293, 4, 2, 330, 3, '2017-09-23 22:31:14', NULL, '2017-09-23 22:31:52', 1);
/*!40000 ALTER TABLE `curriculum_subject` ENABLE KEYS */;

-- Dumping structure for table cictems.evaluation
CREATE TABLE IF NOT EXISTS `evaluation` (
  `id` int(30) NOT NULL AUTO_INCREMENT,
  `STUDENT_id` int(11) DEFAULT NULL,
  `ACADTERM_id` int(11) DEFAULT NULL,
  `FACULTY_id` int(11) DEFAULT NULL,
  `adding_reference_id` int(11) DEFAULT NULL COMMENT 'the previous evaluation reference',
  `evaluation_date` datetime DEFAULT NULL,
  `year_level` int(11) DEFAULT NULL,
  `type` varchar(50) COLLATE utf8_unicode_ci DEFAULT NULL COMMENT 'REGULAR, , ADDING/CHANGING, SUMMER, MIDYEAR',
  `remarks` varchar(50) COLLATE utf8_unicode_ci DEFAULT 'ACCEPTED' COMMENT 'OVERWRITTEN',
  `print_type` varchar(50) COLLATE utf8_unicode_ci DEFAULT 'NOT_SET',
  `cancelled_by` int(11) DEFAULT NULL,
  `cancelled_date` datetime DEFAULT NULL,
  `active` int(1) DEFAULT '1',
  PRIMARY KEY (`id`),
  KEY `evaluation_fk_from_student_cict_id` (`STUDENT_id`),
  KEY `evaluation_fk_from_academic_term_id` (`ACADTERM_id`),
  KEY `evaluation_fk_from_faculty_id` (`FACULTY_id`),
  KEY `evaluation_fk_self` (`adding_reference_id`),
  CONSTRAINT `evaluation_fk_from_academic_term_id` FOREIGN KEY (`ACADTERM_id`) REFERENCES `academic_term` (`id`),
  CONSTRAINT `evaluation_fk_from_faculty_id` FOREIGN KEY (`FACULTY_id`) REFERENCES `faculty` (`id`),
  CONSTRAINT `evaluation_fk_from_student_cict_id` FOREIGN KEY (`STUDENT_id`) REFERENCES `student` (`cict_id`),
  CONSTRAINT `evaluation_fk_self` FOREIGN KEY (`adding_reference_id`) REFERENCES `evaluation` (`id`)
) ENGINE=InnoDB AUTO_INCREMENT=18 DEFAULT CHARSET=utf8 COLLATE=utf8_unicode_ci COMMENT='has a duplication of student_id in the load_subjects';

-- Dumping data for table cictems.evaluation: ~14 rows (approximately)
/*!40000 ALTER TABLE `evaluation` DISABLE KEYS */;
/*!40000 ALTER TABLE `evaluation` ENABLE KEYS */;

-- Dumping structure for table cictems.faculty
CREATE TABLE IF NOT EXISTS `faculty` (
  `id` int(30) NOT NULL AUTO_INCREMENT,
  `bulsu_id` varchar(50) COLLATE utf8_unicode_ci DEFAULT NULL,
  `last_name` varchar(100) COLLATE utf8_unicode_ci DEFAULT NULL,
  `first_name` varchar(100) COLLATE utf8_unicode_ci DEFAULT NULL,
  `middle_name` varchar(100) COLLATE utf8_unicode_ci DEFAULT NULL,
  `name_extension` varchar(100) COLLATE utf8_unicode_ci DEFAULT NULL COMMENT 'the third jr sr',
  `gender` varchar(100) COLLATE utf8_unicode_ci DEFAULT NULL,
  `rank` varchar(50) COLLATE utf8_unicode_ci DEFAULT NULL,
  `designation` varchar(50) COLLATE utf8_unicode_ci DEFAULT NULL,
  `department` varchar(50) COLLATE utf8_unicode_ci DEFAULT NULL,
  `active` int(1) DEFAULT '1',
  PRIMARY KEY (`id`)
) ENGINE=InnoDB AUTO_INCREMENT=5 DEFAULT CHARSET=utf8 COLLATE=utf8_unicode_ci;

-- Dumping data for table cictems.faculty: ~4 rows (approximately)
/*!40000 ALTER TABLE `faculty` DISABLE KEYS */;
INSERT INTO `faculty` (`id`, `bulsu_id`, `last_name`, `first_name`, `middle_name`, `name_extension`, `gender`, `rank`, `designation`, `department`, `active`) VALUES
	(1, '2017-A', 'PERELLO', 'JHON MELVIN', 'NIETO', NULL, 'MALE', 'INSTRUCTOR', 'FACULTY', 'NONE', 1),
	(2, '2017-E', 'SAMSON', 'EVELYN', NULL, NULL, 'FEMALE', 'ASSOCIATE PROFESSOR III', 'LOCAL REGISTRAR', 'BSIT', 0),
	(3, '2017-B', 'DE LA CRUZ', 'JOEMAR', 'NUCOM', NULL, 'MALE', 'INSTRUCTOR', 'FACULTY', 'NONE', 1),
	(4, '2017-C', 'CALIZON', 'JOHN MICHAEL', 'EWAN', NULL, 'MALE', 'INSTRUCTOR', 'FACULTY', NULL, 1);
/*!40000 ALTER TABLE `faculty` ENABLE KEYS */;

-- Dumping structure for table cictems.faculty_profile
CREATE TABLE IF NOT EXISTS `faculty_profile` (
  `id` int(11) NOT NULL AUTO_INCREMENT,
  `birthdate` varchar(50) COLLATE utf8_unicode_ci DEFAULT NULL,
  `place_of_birth` varchar(50) COLLATE utf8_unicode_ci DEFAULT NULL,
  `sex` varchar(50) COLLATE utf8_unicode_ci DEFAULT NULL,
  `civil_status` varchar(50) COLLATE utf8_unicode_ci DEFAULT NULL,
  `height` varchar(50) COLLATE utf8_unicode_ci DEFAULT NULL,
  `weight` varchar(50) COLLATE utf8_unicode_ci DEFAULT NULL,
  `blood_type` varchar(50) COLLATE utf8_unicode_ci DEFAULT NULL,
  `GSIS_id` varchar(50) COLLATE utf8_unicode_ci DEFAULT NULL,
  `PAGIBIG_id` varchar(50) COLLATE utf8_unicode_ci DEFAULT NULL,
  `PHILHEALTH_id` varchar(50) COLLATE utf8_unicode_ci DEFAULT NULL,
  `SSS_id` varchar(50) COLLATE utf8_unicode_ci DEFAULT NULL,
  `TIN_no` varchar(50) COLLATE utf8_unicode_ci DEFAULT NULL,
  `citizenship` varchar(50) COLLATE utf8_unicode_ci DEFAULT NULL,
  `dual_citizenship` varchar(50) COLLATE utf8_unicode_ci DEFAULT NULL,
  `dual_type` varchar(50) COLLATE utf8_unicode_ci DEFAULT NULL,
  `dual_country` varchar(50) COLLATE utf8_unicode_ci DEFAULT NULL,
  `res_house` varchar(50) COLLATE utf8_unicode_ci DEFAULT NULL,
  `res_street` varchar(50) COLLATE utf8_unicode_ci DEFAULT NULL,
  `res_village` varchar(50) COLLATE utf8_unicode_ci DEFAULT NULL,
  `res_brgy` varchar(50) COLLATE utf8_unicode_ci DEFAULT NULL,
  `res_city` varchar(50) COLLATE utf8_unicode_ci DEFAULT NULL,
  `res_province` varchar(50) COLLATE utf8_unicode_ci DEFAULT NULL,
  `res_zip` varchar(50) COLLATE utf8_unicode_ci DEFAULT NULL,
  `addr_house` varchar(50) COLLATE utf8_unicode_ci DEFAULT NULL,
  `addr_street` varchar(50) COLLATE utf8_unicode_ci DEFAULT NULL,
  `addr_village` varchar(50) COLLATE utf8_unicode_ci DEFAULT NULL,
  `addr_brgy` varchar(50) COLLATE utf8_unicode_ci DEFAULT NULL,
  `addr_city` varchar(50) COLLATE utf8_unicode_ci DEFAULT NULL,
  `addr_province` varchar(50) COLLATE utf8_unicode_ci DEFAULT NULL,
  `addr_zip` varchar(50) COLLATE utf8_unicode_ci DEFAULT NULL,
  `telephone` varchar(50) COLLATE utf8_unicode_ci DEFAULT NULL,
  `mobile` varchar(50) COLLATE utf8_unicode_ci DEFAULT NULL,
  `email` varchar(50) COLLATE utf8_unicode_ci DEFAULT NULL,
  `spouse_surname` varchar(50) COLLATE utf8_unicode_ci DEFAULT NULL,
  `spouse_firstname` varchar(50) COLLATE utf8_unicode_ci DEFAULT NULL,
  `spouse_middlename` varchar(50) COLLATE utf8_unicode_ci DEFAULT NULL,
  `spouse_name_ext` varchar(50) COLLATE utf8_unicode_ci DEFAULT NULL,
  `spouse_occupation` varchar(50) COLLATE utf8_unicode_ci DEFAULT NULL,
  `spouse_work_agency` varchar(50) COLLATE utf8_unicode_ci DEFAULT NULL,
  `spouse_work_address` varchar(50) COLLATE utf8_unicode_ci DEFAULT NULL,
  `spouse_telephone` varchar(50) COLLATE utf8_unicode_ci DEFAULT NULL,
  `father_surname` varchar(50) COLLATE utf8_unicode_ci DEFAULT NULL,
  `father_firstname` varchar(50) COLLATE utf8_unicode_ci DEFAULT NULL,
  `father_middlename` varchar(50) COLLATE utf8_unicode_ci DEFAULT NULL,
  `father_name_ext` varchar(50) COLLATE utf8_unicode_ci DEFAULT NULL,
  `mother_maidenname` varchar(50) COLLATE utf8_unicode_ci DEFAULT NULL,
  `mother_surname` varchar(50) COLLATE utf8_unicode_ci DEFAULT NULL,
  `mother_firstname` varchar(50) COLLATE utf8_unicode_ci DEFAULT NULL,
  `mother_middlename` varchar(50) COLLATE utf8_unicode_ci DEFAULT NULL,
  PRIMARY KEY (`id`)
) ENGINE=InnoDB DEFAULT CHARSET=utf8 COLLATE=utf8_unicode_ci;

-- Dumping data for table cictems.faculty_profile: ~0 rows (approximately)
/*!40000 ALTER TABLE `faculty_profile` DISABLE KEYS */;
/*!40000 ALTER TABLE `faculty_profile` ENABLE KEYS */;

-- Dumping structure for table cictems.grade
CREATE TABLE IF NOT EXISTS `grade` (
  `id` int(30) NOT NULL AUTO_INCREMENT,
  `STUDENT_id` int(30) DEFAULT NULL,
  `SUBJECT_id` int(30) DEFAULT NULL,
  `ACADTERM_id` int(30) DEFAULT NULL,
  `rating` varchar(50) COLLATE utf8_unicode_ci DEFAULT 'UNPOSTED',
  `remarks` varchar(100) COLLATE utf8_unicode_ci DEFAULT 'UNPOSTED',
  `credit` double DEFAULT '0',
  `credit_method` varchar(100) COLLATE utf8_unicode_ci DEFAULT 'REGULAR' COMMENT 'REGULAR, CREDIT, CROSS_ENROLL',
  `created_by` int(11) DEFAULT NULL COMMENT 'FACULTY ID',
  `created_date` datetime DEFAULT CURRENT_TIMESTAMP,
  `posted` int(1) DEFAULT '0',
  `posted_by` int(11) DEFAULT NULL COMMENT 'EMS-01-JOEMAR DELA CRUZ',
  `posting_date` datetime DEFAULT NULL,
  `inc_expire` datetime DEFAULT NULL COMMENT 'if remarks is INC +1 year in the posting date else make it default',
  `updated_by` int(11) DEFAULT NULL,
  `updated_date` datetime(6) DEFAULT NULL,
  `reason_for_update` varchar(50) COLLATE utf8_unicode_ci DEFAULT '' COMMENT 'IF the grade will be changed',
  `referrence_curriculum` int(11) DEFAULT NULL,
  `active` int(1) DEFAULT '1',
  PRIMARY KEY (`id`),
  KEY `grade_fk_from_student_id` (`STUDENT_id`),
  KEY `grade_fk_from_subject_id` (`SUBJECT_id`),
  KEY `grade_fk_from_academic_term_id` (`ACADTERM_id`),
  KEY `grade_fk_from_faculty_id_posted` (`posted_by`),
  KEY `grade_fk_from_faculty_id_update` (`updated_by`),
  KEY `grade_fk_from_faculty_id_created` (`created_by`),
  KEY `grade_fk_ref_cur` (`referrence_curriculum`),
  CONSTRAINT `grade_fk_from_academic_term_id` FOREIGN KEY (`ACADTERM_id`) REFERENCES `academic_term` (`id`),
  CONSTRAINT `grade_fk_from_faculty_id_created` FOREIGN KEY (`created_by`) REFERENCES `faculty` (`id`),
  CONSTRAINT `grade_fk_from_faculty_id_posted` FOREIGN KEY (`posted_by`) REFERENCES `faculty` (`id`),
  CONSTRAINT `grade_fk_from_faculty_id_update` FOREIGN KEY (`updated_by`) REFERENCES `faculty` (`id`),
  CONSTRAINT `grade_fk_from_student_id` FOREIGN KEY (`STUDENT_id`) REFERENCES `student` (`cict_id`),
  CONSTRAINT `grade_fk_from_subject_id` FOREIGN KEY (`SUBJECT_id`) REFERENCES `subject` (`id`),
  CONSTRAINT `grade_fk_ref_cur` FOREIGN KEY (`referrence_curriculum`) REFERENCES `curriculum` (`id`)
) ENGINE=InnoDB AUTO_INCREMENT=240 DEFAULT CHARSET=utf8 COLLATE=utf8_unicode_ci COMMENT='evaluation id will be null until evaluated';

-- Dumping data for table cictems.grade: ~10 rows (approximately)
/*!40000 ALTER TABLE `grade` DISABLE KEYS */;
INSERT INTO `grade` (`id`, `STUDENT_id`, `SUBJECT_id`, `ACADTERM_id`, `rating`, `remarks`, `credit`, `credit_method`, `created_by`, `created_date`, `posted`, `posted_by`, `posting_date`, `inc_expire`, `updated_by`, `updated_date`, `reason_for_update`, `referrence_curriculum`, `active`) VALUES
	(228, 57, 190, NULL, '1.00', 'PASSED', 3, 'REGULAR', 1, '2017-10-19 15:19:44', 1, 1, '2017-10-19 15:19:44', NULL, NULL, NULL, '', NULL, 1),
	(229, 57, 191, NULL, '1.00', 'PASSED', 3, 'REGULAR', 1, '2017-10-19 15:19:44', 1, 1, '2017-10-19 15:19:44', NULL, NULL, NULL, '', NULL, 1),
	(230, 57, 192, NULL, '1.00', 'PASSED', 3, 'REGULAR', 1, '2017-10-19 15:19:44', 1, 1, '2017-10-19 15:19:44', NULL, NULL, NULL, '', NULL, 1),
	(231, 57, 113, NULL, 'EXP', 'EXPIRED', 3, 'REGULAR', 1, '2017-10-19 15:19:44', 1, 1, '2017-10-19 15:19:44', NULL, NULL, NULL, '', NULL, 0),
	(232, 57, 194, NULL, '1.00', 'PASSED', 3, 'REGULAR', 1, '2017-10-19 15:19:44', 1, 1, '2017-10-19 15:19:44', NULL, NULL, NULL, '', NULL, 1),
	(233, 57, 193, NULL, '1.00', 'PASSED', 3, 'REGULAR', 1, '2017-10-19 15:19:44', 1, 1, '2017-10-19 15:19:44', NULL, NULL, NULL, '', NULL, 1),
	(234, 57, 203, NULL, '1.00', 'PASSED', 3, 'REGULAR', 1, '2017-10-19 15:19:44', 1, 1, '2017-10-19 15:19:44', NULL, NULL, NULL, '', NULL, 1),
	(235, 57, 114, NULL, '1.00', 'PASSED', 3, 'REGULAR', 1, '2017-10-19 15:19:44', 1, 1, '2017-10-19 15:19:44', NULL, NULL, NULL, '', NULL, 1),
	(236, 57, 196, NULL, '1.00', 'PASSED', 2, 'REGULAR', 1, '2017-10-19 15:19:44', 1, 1, '2017-10-19 15:19:44', NULL, NULL, NULL, '', NULL, 0),
	(237, 57, 119, NULL, 'INC', 'INCOMPLETE', 0, 'REGULAR', 1, '2017-10-19 15:19:44', 1, 1, '2017-10-19 15:19:44', NULL, NULL, NULL, '', NULL, 1),
	(238, 57, 113, 12, 'EXP', 'EXPIRED', 3, 'REGULAR', 1, '2017-10-19 15:19:44', 1, 1, '2017-10-19 15:19:44', NULL, 1, '2017-10-19 15:21:16.000000', 'UPDATED FAILED OR INCOMPLETE GRADE', NULL, 1),
	(239, 57, 196, NULL, 'EXP', 'EXPIRED', 2, 'CREDIT', 1, '2017-10-19 15:19:44', 1, 1, '2017-10-19 15:19:44', NULL, 2, '2017-10-19 16:21:12.000000', 'Grade Modification using Credit Tree', NULL, 1);
/*!40000 ALTER TABLE `grade` ENABLE KEYS */;

-- Dumping structure for table cictems.linked_entrance
CREATE TABLE IF NOT EXISTS `linked_entrance` (
  `reference_id` int(11) NOT NULL AUTO_INCREMENT,
  `student_number` varchar(50) COLLATE utf8_unicode_ci DEFAULT NULL,
  `name` varchar(50) COLLATE utf8_unicode_ci DEFAULT NULL,
  `status` varchar(50) COLLATE utf8_unicode_ci DEFAULT 'NONE',
  `faculty_name` varchar(50) COLLATE utf8_unicode_ci DEFAULT 'NONE',
  `floor_assignment` int(11) DEFAULT NULL,
  `active` tinyint(4) DEFAULT '1',
  PRIMARY KEY (`reference_id`)
) ENGINE=InnoDB DEFAULT CHARSET=utf8 COLLATE=utf8_unicode_ci;

-- Dumping data for table cictems.linked_entrance: ~1 rows (approximately)
/*!40000 ALTER TABLE `linked_entrance` DISABLE KEYS */;
/*!40000 ALTER TABLE `linked_entrance` ENABLE KEYS */;

-- Dumping structure for table cictems.linked_marshall_session
CREATE TABLE IF NOT EXISTS `linked_marshall_session` (
  `ses_id` int(11) NOT NULL AUTO_INCREMENT,
  `cict_id` int(11) DEFAULT NULL,
  `account_id` int(11) DEFAULT NULL,
  `name` varchar(50) COLLATE utf8_unicode_ci DEFAULT NULL,
  `org` varchar(50) COLLATE utf8_unicode_ci DEFAULT NULL,
  `imei` varchar(100) COLLATE utf8_unicode_ci DEFAULT NULL,
  `session_start` datetime DEFAULT CURRENT_TIMESTAMP,
  `session_end` datetime DEFAULT NULL,
  `status` varchar(50) COLLATE utf8_unicode_ci DEFAULT 'ONLINE',
  `active` int(11) DEFAULT '1',
  PRIMARY KEY (`ses_id`),
  KEY `marshall_session_fk_from_student_cict_id` (`cict_id`),
  KEY `marshall_session_fk_from_account_student_id` (`account_id`),
  CONSTRAINT `marshall_session_fk_from_account_student_id` FOREIGN KEY (`account_id`) REFERENCES `account_student` (`id`),
  CONSTRAINT `marshall_session_fk_from_student_cict_id` FOREIGN KEY (`cict_id`) REFERENCES `student` (`cict_id`)
) ENGINE=InnoDB DEFAULT CHARSET=utf8 COLLATE=utf8_unicode_ci;

-- Dumping data for table cictems.linked_marshall_session: ~0 rows (approximately)
/*!40000 ALTER TABLE `linked_marshall_session` DISABLE KEYS */;
/*!40000 ALTER TABLE `linked_marshall_session` ENABLE KEYS */;

-- Dumping structure for table cictems.linked_pila
CREATE TABLE IF NOT EXISTS `linked_pila` (
  `id` int(11) NOT NULL AUTO_INCREMENT,
  `ACADTERM_id` int(11) DEFAULT NULL,
  `STUDENT_id` int(11) DEFAULT NULL,
  `ACCOUNT_id` int(11) DEFAULT NULL,
  `SETTINGS_id` int(11) DEFAULT NULL,
  `conforme` varchar(50) COLLATE utf8_unicode_ci DEFAULT NULL,
  `course` varchar(50) COLLATE utf8_unicode_ci DEFAULT NULL,
  `imei` varchar(50) COLLATE utf8_unicode_ci DEFAULT NULL,
  `request_accepted` datetime DEFAULT CURRENT_TIMESTAMP,
  `request_called` datetime DEFAULT NULL,
  `request_validity` datetime DEFAULT NULL,
  `floor_assignment` int(11) DEFAULT '0',
  `status` varchar(50) COLLATE utf8_unicode_ci NOT NULL DEFAULT 'INLINE' COMMENT 'INLINE, VOID, CALLED',
  `remarks` varchar(50) COLLATE utf8_unicode_ci NOT NULL DEFAULT 'NONE',
  `active` int(11) DEFAULT '1',
  PRIMARY KEY (`id`),
  KEY `pila_fk_from_academic_term_id` (`ACADTERM_id`),
  KEY `pila_fk_from_student_cict_id` (`STUDENT_id`),
  KEY `pila_fk_from_account_student_id` (`ACCOUNT_id`),
  CONSTRAINT `pila_fk_from_academic_term_id` FOREIGN KEY (`ACADTERM_id`) REFERENCES `academic_term` (`id`),
  CONSTRAINT `pila_fk_from_account_student_id` FOREIGN KEY (`ACCOUNT_id`) REFERENCES `account_student` (`id`),
  CONSTRAINT `pila_fk_from_student_cict_id` FOREIGN KEY (`STUDENT_id`) REFERENCES `student` (`cict_id`)
) ENGINE=InnoDB DEFAULT CHARSET=utf8 COLLATE=utf8_unicode_ci;

-- Dumping data for table cictems.linked_pila: ~0 rows (approximately)
/*!40000 ALTER TABLE `linked_pila` DISABLE KEYS */;
/*!40000 ALTER TABLE `linked_pila` ENABLE KEYS */;

-- Dumping structure for table cictems.linked_pila_3f
CREATE TABLE IF NOT EXISTS `linked_pila_3f` (
  `id` int(11) NOT NULL AUTO_INCREMENT,
  `pila_id` int(11) DEFAULT NULL,
  `active` int(11) DEFAULT '1',
  PRIMARY KEY (`id`),
  KEY `pila_fk_id` (`pila_id`),
  CONSTRAINT `pila_fk_id` FOREIGN KEY (`pila_id`) REFERENCES `linked_pila` (`id`)
) ENGINE=InnoDB DEFAULT CHARSET=utf8 COLLATE=utf8_unicode_ci;

-- Dumping data for table cictems.linked_pila_3f: ~0 rows (approximately)
/*!40000 ALTER TABLE `linked_pila_3f` DISABLE KEYS */;
/*!40000 ALTER TABLE `linked_pila_3f` ENABLE KEYS */;

-- Dumping structure for table cictems.linked_pila_4f
CREATE TABLE IF NOT EXISTS `linked_pila_4f` (
  `id` int(11) NOT NULL AUTO_INCREMENT,
  `pila_id` int(11) DEFAULT NULL,
  `active` int(11) DEFAULT '1',
  PRIMARY KEY (`id`),
  KEY `pila_fk` (`pila_id`),
  CONSTRAINT `pila_fk` FOREIGN KEY (`pila_id`) REFERENCES `linked_pila` (`id`)
) ENGINE=InnoDB DEFAULT CHARSET=utf8 COLLATE=utf8_unicode_ci;

-- Dumping data for table cictems.linked_pila_4f: ~0 rows (approximately)
/*!40000 ALTER TABLE `linked_pila_4f` DISABLE KEYS */;
/*!40000 ALTER TABLE `linked_pila_4f` ENABLE KEYS */;

-- Dumping structure for table cictems.linked_settings
CREATE TABLE IF NOT EXISTS `linked_settings` (
  `id` int(11) NOT NULL AUTO_INCREMENT,
  `floor_3_max` int(11) DEFAULT '0',
  `floor_4_max` int(11) DEFAULT '0',
  `floor_3_name` varchar(50) COLLATE utf8_unicode_ci DEFAULT NULL,
  `floor_4_name` varchar(50) COLLATE utf8_unicode_ci DEFAULT NULL,
  `floor_3_last` int(11) DEFAULT '0',
  `floor_4_last` int(11) DEFAULT '0',
  `floor_3_cut` int(11) DEFAULT '0',
  `floor_4_cut` int(11) DEFAULT '0',
  `created_by` int(11) DEFAULT NULL,
  `created_date` datetime DEFAULT CURRENT_TIMESTAMP,
  `active` int(11) DEFAULT '1',
  PRIMARY KEY (`id`)
) ENGINE=InnoDB AUTO_INCREMENT=2 DEFAULT CHARSET=utf8 COLLATE=utf8_unicode_ci;

-- Dumping data for table cictems.linked_settings: ~0 rows (approximately)
/*!40000 ALTER TABLE `linked_settings` DISABLE KEYS */;
INSERT INTO `linked_settings` (`id`, `floor_3_max`, `floor_4_max`, `floor_3_name`, `floor_4_name`, `floor_3_last`, `floor_4_last`, `floor_3_cut`, `floor_4_cut`, `created_by`, `created_date`, `active`) VALUES
	(1, 1000, 1000, '3FLR/IT8', '4FLR/CT6', 6, 0, 0, 1, 1, '2017-09-10 08:25:36', 1);
/*!40000 ALTER TABLE `linked_settings` ENABLE KEYS */;

-- Dumping structure for table cictems.linked_telemetry
CREATE TABLE IF NOT EXISTS `linked_telemetry` (
  `id` int(11) NOT NULL AUTO_INCREMENT,
  `class_name` varchar(50) COLLATE utf8_unicode_ci NOT NULL DEFAULT 'Unknown',
  `method_name` varchar(50) COLLATE utf8_unicode_ci NOT NULL DEFAULT 'Unknown',
  `line` varchar(50) COLLATE utf8_unicode_ci NOT NULL DEFAULT 'Unknown',
  `classification` varchar(50) COLLATE utf8_unicode_ci NOT NULL DEFAULT 'Unknown',
  `exception_type` varchar(50) COLLATE utf8_unicode_ci NOT NULL DEFAULT 'Unknown',
  `description` varchar(200) COLLATE utf8_unicode_ci NOT NULL DEFAULT 'Unknown',
  `student_number` varchar(30) COLLATE utf8_unicode_ci NOT NULL DEFAULT 'Unknown',
  `student_name` varchar(100) COLLATE utf8_unicode_ci NOT NULL DEFAULT 'Unknown',
  `version` varchar(100) COLLATE utf8_unicode_ci NOT NULL DEFAULT 'Unknown',
  `build` varchar(100) COLLATE utf8_unicode_ci NOT NULL DEFAULT 'Unknown',
  `model` varchar(100) COLLATE utf8_unicode_ci NOT NULL DEFAULT 'Unknown',
  `board` varchar(100) COLLATE utf8_unicode_ci NOT NULL DEFAULT 'Unknown',
  `brand` varchar(100) COLLATE utf8_unicode_ci NOT NULL DEFAULT 'Unknown',
  `hardware` varchar(100) COLLATE utf8_unicode_ci NOT NULL DEFAULT 'Unknown',
  `manufacturer` varchar(100) COLLATE utf8_unicode_ci NOT NULL DEFAULT 'Unknown',
  `serial` varchar(100) COLLATE utf8_unicode_ci NOT NULL DEFAULT 'Unknown',
  `date_submitted` datetime NOT NULL DEFAULT CURRENT_TIMESTAMP,
  `active` int(11) NOT NULL DEFAULT '1',
  PRIMARY KEY (`id`)
) ENGINE=InnoDB DEFAULT CHARSET=utf8 COLLATE=utf8_unicode_ci;

-- Dumping data for table cictems.linked_telemetry: ~0 rows (approximately)
/*!40000 ALTER TABLE `linked_telemetry` DISABLE KEYS */;
/*!40000 ALTER TABLE `linked_telemetry` ENABLE KEYS */;

-- Dumping structure for table cictems.load_group
CREATE TABLE IF NOT EXISTS `load_group` (
  `id` int(11) NOT NULL AUTO_INCREMENT,
  `SUBJECT_id` int(11) DEFAULT NULL,
  `LOADSEC_id` int(11) DEFAULT NULL,
  `faculty` int(11) DEFAULT NULL,
  `group_type` varchar(50) COLLATE utf8_unicode_ci DEFAULT 'REGULAR' COMMENT 'REGULAR,TUTORIAL',
  `added_date` datetime DEFAULT CURRENT_TIMESTAMP,
  `added_by` int(11) DEFAULT NULL,
  `removed_date` datetime DEFAULT NULL,
  `removed_by` int(11) DEFAULT NULL,
  `active` int(11) DEFAULT '1',
  PRIMARY KEY (`id`),
  KEY `load_group_fk_from_subject_id` (`SUBJECT_id`),
  KEY `load_group_fk_from_load_section_id` (`LOADSEC_id`),
  CONSTRAINT `load_group_fk_from_load_section_id` FOREIGN KEY (`LOADSEC_id`) REFERENCES `load_section` (`id`),
  CONSTRAINT `load_group_fk_from_subject_id` FOREIGN KEY (`SUBJECT_id`) REFERENCES `subject` (`id`)
) ENGINE=InnoDB AUTO_INCREMENT=31295 DEFAULT CHARSET=utf8 COLLATE=utf8_unicode_ci COMMENT='all the subjects in that section';

-- Dumping data for table cictems.load_group: ~2,101 rows (approximately)
/*!40000 ALTER TABLE `load_group` DISABLE KEYS */;
/*!40000 ALTER TABLE `load_group` ENABLE KEYS */;

-- Dumping structure for table cictems.load_group_schedule
CREATE TABLE IF NOT EXISTS `load_group_schedule` (
  `id` int(11) NOT NULL AUTO_INCREMENT,
  `load_group_id` int(11) DEFAULT NULL,
  `class_day` varchar(50) COLLATE utf8_unicode_ci DEFAULT NULL,
  `class_start` varchar(50) COLLATE utf8_unicode_ci DEFAULT NULL,
  `class_end` varchar(50) COLLATE utf8_unicode_ci DEFAULT NULL,
  `class_room` varchar(50) COLLATE utf8_unicode_ci DEFAULT NULL,
  `created_date` datetime NOT NULL DEFAULT CURRENT_TIMESTAMP,
  `created_by` int(11) DEFAULT NULL,
  `updated_date` datetime DEFAULT NULL,
  `updated_by` int(11) DEFAULT NULL,
  `active` int(11) NOT NULL DEFAULT '1',
  PRIMARY KEY (`id`),
  KEY `schedule_group_fk` (`load_group_id`),
  CONSTRAINT `schedule_group_fk` FOREIGN KEY (`load_group_id`) REFERENCES `load_group` (`id`)
) ENGINE=InnoDB AUTO_INCREMENT=13 DEFAULT CHARSET=utf8 COLLATE=utf8_unicode_ci;

-- Dumping data for table cictems.load_group_schedule: ~12 rows (approximately)
/*!40000 ALTER TABLE `load_group_schedule` DISABLE KEYS */;
/*!40000 ALTER TABLE `load_group_schedule` ENABLE KEYS */;

-- Dumping structure for table cictems.load_section
CREATE TABLE IF NOT EXISTS `load_section` (
  `id` int(11) NOT NULL AUTO_INCREMENT,
  `ACADTERM_id` int(11) DEFAULT NULL,
  `ACADPROG_id` int(11) DEFAULT NULL,
  `CURRICULUM_id` int(11) DEFAULT NULL,
  `section_name` varchar(50) COLLATE utf8_unicode_ci DEFAULT NULL,
  `section_description` varchar(50) COLLATE utf8_unicode_ci DEFAULT NULL,
  `year_level` int(11) DEFAULT NULL,
  `_group` int(11) DEFAULT NULL,
  `type` varchar(50) COLLATE utf8_unicode_ci NOT NULL DEFAULT 'REGULAR' COMMENT 'REGULAR, SPECIAL, SUMMER, TUTORIAL, CONJUCTION',
  `college` varchar(50) COLLATE utf8_unicode_ci NOT NULL DEFAULT 'CICT',
  `created_date` datetime NOT NULL DEFAULT CURRENT_TIMESTAMP,
  `created_by` int(11) DEFAULT NULL,
  `updated_date` datetime DEFAULT NULL,
  `updated_by` int(11) DEFAULT NULL,
  `adviser` int(11) DEFAULT NULL,
  `active` int(11) NOT NULL DEFAULT '1',
  PRIMARY KEY (`id`),
  KEY `section_fk_from_academic_term_id` (`ACADTERM_id`),
  KEY `section_fk_from_academic_program_id` (`ACADPROG_id`),
  KEY `section_fk_created_by` (`created_by`),
  KEY `section_fk_advisert` (`adviser`),
  KEY `section_fk_updated_by` (`updated_by`),
  KEY `section_fk_cur` (`CURRICULUM_id`),
  CONSTRAINT `section_fk_advisert` FOREIGN KEY (`adviser`) REFERENCES `faculty` (`id`),
  CONSTRAINT `section_fk_created_by` FOREIGN KEY (`created_by`) REFERENCES `faculty` (`id`),
  CONSTRAINT `section_fk_cur` FOREIGN KEY (`CURRICULUM_id`) REFERENCES `curriculum` (`id`),
  CONSTRAINT `section_fk_from_academic_program_id` FOREIGN KEY (`ACADPROG_id`) REFERENCES `academic_program` (`id`),
  CONSTRAINT `section_fk_from_academic_term_id` FOREIGN KEY (`ACADTERM_id`) REFERENCES `academic_term` (`id`),
  CONSTRAINT `section_fk_updated_by` FOREIGN KEY (`updated_by`) REFERENCES `faculty` (`id`)
) ENGINE=InnoDB AUTO_INCREMENT=4519 DEFAULT CHARSET=utf8 COLLATE=utf8_unicode_ci COMMENT='all the sections';

-- Dumping data for table cictems.load_section: ~273 rows (approximately)
/*!40000 ALTER TABLE `load_section` DISABLE KEYS */;
/*!40000 ALTER TABLE `load_section` ENABLE KEYS */;

-- Dumping structure for table cictems.load_subject
CREATE TABLE IF NOT EXISTS `load_subject` (
  `id` int(11) NOT NULL AUTO_INCREMENT,
  `SUBJECT_id` int(11) DEFAULT NULL,
  `LOADGRP_id` int(11) DEFAULT NULL,
  `STUDENT_id` int(11) DEFAULT NULL,
  `EVALUATION_id` int(11) DEFAULT NULL,
  `added_date` datetime DEFAULT CURRENT_TIMESTAMP,
  `added_by` int(11) DEFAULT NULL,
  `remarks` varchar(50) COLLATE utf8_unicode_ci DEFAULT 'ACCEPTED',
  `removed_date` datetime DEFAULT NULL,
  `removed_by` int(11) DEFAULT NULL,
  `changing_reference` int(11) DEFAULT NULL COMMENT 'load_group',
  `active` int(11) DEFAULT '1',
  PRIMARY KEY (`id`),
  KEY `load_subject_fk_from_load_group_id` (`LOADGRP_id`),
  KEY `load_subject_fk_from_student_id` (`STUDENT_id`),
  KEY `load_subject_fk_from_evaluation_id` (`EVALUATION_id`),
  KEY `load_subject_fk_from_faculty_id` (`added_by`),
  KEY `load_subject_fk_from_faculty_id_removed` (`removed_by`),
  KEY `load_subject_fk_from_subject_id` (`SUBJECT_id`),
  KEY `load_subject_fk_changing_reference` (`changing_reference`),
  CONSTRAINT `load_subject_fk_changing_reference` FOREIGN KEY (`changing_reference`) REFERENCES `load_group` (`id`),
  CONSTRAINT `load_subject_fk_from_evaluation_id` FOREIGN KEY (`EVALUATION_id`) REFERENCES `evaluation` (`id`),
  CONSTRAINT `load_subject_fk_from_faculty_id` FOREIGN KEY (`added_by`) REFERENCES `faculty` (`id`),
  CONSTRAINT `load_subject_fk_from_faculty_id_removed` FOREIGN KEY (`removed_by`) REFERENCES `faculty` (`id`),
  CONSTRAINT `load_subject_fk_from_load_group_id` FOREIGN KEY (`LOADGRP_id`) REFERENCES `load_group` (`id`),
  CONSTRAINT `load_subject_fk_from_student_id` FOREIGN KEY (`STUDENT_id`) REFERENCES `student` (`cict_id`),
  CONSTRAINT `load_subject_fk_from_subject_id` FOREIGN KEY (`SUBJECT_id`) REFERENCES `subject` (`id`)
) ENGINE=InnoDB AUTO_INCREMENT=129 DEFAULT CHARSET=utf8 COLLATE=utf8_unicode_ci COMMENT='all students enrolled in that subject in a particular section';

-- Dumping data for table cictems.load_subject: ~108 rows (approximately)
/*!40000 ALTER TABLE `load_subject` DISABLE KEYS */;
/*!40000 ALTER TABLE `load_subject` ENABLE KEYS */;

-- Dumping structure for table cictems.student
CREATE TABLE IF NOT EXISTS `student` (
  `cict_id` int(30) NOT NULL AUTO_INCREMENT,
  `id` varchar(50) COLLATE utf8_unicode_ci DEFAULT NULL COMMENT 'bulsu_id from the registrar',
  `CURRICULUM_id` int(11) DEFAULT NULL,
  `PREP_id` int(11) DEFAULT NULL,
  `last_name` varchar(100) CHARACTER SET utf8 DEFAULT NULL,
  `first_name` varchar(100) CHARACTER SET utf8 DEFAULT NULL,
  `middle_name` varchar(100) CHARACTER SET utf8 DEFAULT NULL,
  `gender` varchar(100) COLLATE utf8_unicode_ci DEFAULT NULL,
  `year_level` int(11) DEFAULT NULL,
  `section` varchar(100) CHARACTER SET utf8 DEFAULT NULL,
  `_group` int(11) DEFAULT NULL,
  `has_profile` int(1) DEFAULT '0',
  `enrollment_type` varchar(50) COLLATE utf8_unicode_ci DEFAULT 'REGULAR' COMMENT 'REGULAR, SHIFTER, TRANSFEREE, CROSS-ENROLLEE',
  `admission_year` varchar(50) COLLATE utf8_unicode_ci DEFAULT 'NOT_SET' COMMENT 'DO NOT USE',
  `college` varchar(50) COLLATE utf8_unicode_ci DEFAULT 'CICT',
  `campus` varchar(50) COLLATE utf8_unicode_ci DEFAULT 'MAIN' COMMENT 'CAMPUS BRANCH, CEU, PUP',
  `residency` varchar(50) COLLATE utf8_unicode_ci DEFAULT 'REGULAR' COMMENT 'REGULAR,CROSS_ENROLLEE',
  `university` varchar(50) COLLATE utf8_unicode_ci DEFAULT 'HOME',
  `created_by` varchar(100) COLLATE utf8_unicode_ci DEFAULT 'FACULTY',
  `created_date` datetime DEFAULT CURRENT_TIMESTAMP,
  `verified` int(11) DEFAULT '0',
  `verification_date` datetime DEFAULT NULL,
  `verfied_by` int(11) DEFAULT NULL,
  `last_evaluation_term` int(11) DEFAULT NULL,
  `active` int(1) DEFAULT '1',
  PRIMARY KEY (`cict_id`),
  UNIQUE KEY `id` (`id`),
  KEY `student_fk_from_curriculum_id` (`CURRICULUM_id`),
  KEY `student_fk_from_curriculum_id_prep` (`PREP_id`),
  KEY `student_fk_verified_by` (`verfied_by`),
  CONSTRAINT `student_fk_from_curriculum_id` FOREIGN KEY (`CURRICULUM_id`) REFERENCES `curriculum` (`id`),
  CONSTRAINT `student_fk_from_curriculum_id_prep` FOREIGN KEY (`PREP_id`) REFERENCES `curriculum` (`id`),
  CONSTRAINT `student_fk_verified_by` FOREIGN KEY (`verfied_by`) REFERENCES `faculty` (`id`)
) ENGINE=InnoDB AUTO_INCREMENT=63 DEFAULT CHARSET=utf8 COLLATE=utf8_unicode_ci;

-- Dumping data for table cictems.student: ~6 rows (approximately)
/*!40000 ALTER TABLE `student` DISABLE KEYS */;
INSERT INTO `student` (`cict_id`, `id`, `CURRICULUM_id`, `PREP_id`, `last_name`, `first_name`, `middle_name`, `gender`, `year_level`, `section`, `_group`, `has_profile`, `enrollment_type`, `admission_year`, `college`, `campus`, `residency`, `university`, `created_by`, `created_date`, `verified`, `verification_date`, `verfied_by`, `last_evaluation_term`, `active`) VALUES
	(57, '2014113844', 9, NULL, 'PERELLO', 'JHON MELVIN', 'NIETO', 'MALE', 2, 'A', 1, 1, 'REGULAR', 'NOT_SET', 'CICT', 'MAIN', 'REGULAR', 'HOME', 'FACULTY', '2017-09-09 17:53:54', 1, '2017-10-19 18:40:10', 1, 11, 1),
	(58, '2014123456', 7, NULL, 'DAZO', 'ARLEALYN', NULL, 'FEMALE', 1, 'A', 1, 1, 'REGULAR', 'NOT_SET', 'CICT', 'MAIN', 'REGULAR', 'HOME', 'FACULTY', '2017-09-09 18:41:14', 0, NULL, NULL, 11, 1),
	(59, '2014112470', 6, NULL, 'MERCADO', 'JELYN', 'CARLOS', 'FEMALE', 1, 'A', 1, 1, 'REGULAR', 'NOT_SET', 'CICT', 'MAIN', 'REGULAR', 'HOME', 'FACULTY', '2017-09-10 06:57:02', 0, NULL, NULL, 11, 1),
	(60, '2015123456', 9, NULL, 'SAMPLE', 'SAMPLE', 'SAMPLE', NULL, 1, 'A', 1, 1, 'NOT_SET', 'NOT_SET', 'CICT', 'MAIN', 'REGULAR', 'HOME', 'LINKED_ACC_24_USER_2014112470_MERCADO', '2017-09-10 12:07:01', 0, NULL, NULL, 11, 1),
	(61, '2014112233', NULL, NULL, 'EWAN', 'EWAN', 'EWAN', 'FEMALE', NULL, NULL, NULL, 1, 'REGULAR', 'NOT_SET', 'CICT', 'MAIN', 'REGULAR', 'HOME', 'FACULTY', '2017-09-13 07:37:52', 0, NULL, NULL, 11, 1),
	(62, '2014123123', NULL, NULL, 'DELA CRUZ', 'JUAN', 'MENDOZA', NULL, NULL, NULL, NULL, 0, 'REGULAR', 'NOT_SET', 'CICT', 'MAIN', 'REGULAR', 'HOME', 'FACULTY', '2017-10-15 02:45:13', 0, NULL, NULL, 11, 1);
/*!40000 ALTER TABLE `student` ENABLE KEYS */;

-- Dumping structure for table cictems.student_profile
CREATE TABLE IF NOT EXISTS `student_profile` (
  `id` int(30) NOT NULL AUTO_INCREMENT,
  `STUDENT_id` int(11) DEFAULT NULL,
  `floor_assignment` int(11) DEFAULT NULL,
  `profile_picture` varchar(60) COLLATE utf8_unicode_ci DEFAULT 'NONE',
  `active` int(11) DEFAULT '1',
  `mobile` varchar(50) CHARACTER SET utf8 DEFAULT NULL,
  `zipcode` varchar(100) CHARACTER SET utf8 DEFAULT NULL,
  `city` varchar(100) CHARACTER SET utf8 DEFAULT NULL,
  `brgy` varchar(100) CHARACTER SET utf8 DEFAULT NULL,
  `street` varchar(100) CHARACTER SET utf8 DEFAULT NULL,
  `house_no` varchar(100) CHARACTER SET utf8 DEFAULT NULL,
  `province` varchar(50) COLLATE utf8_unicode_ci DEFAULT NULL,
  `email` varchar(100) CHARACTER SET utf8 DEFAULT NULL,
  `ice_name` varchar(100) CHARACTER SET utf8 DEFAULT NULL,
  `ice_address` varchar(150) CHARACTER SET utf8 DEFAULT NULL,
  `ice_contact` varchar(50) COLLATE utf8_unicode_ci DEFAULT NULL,
  `created_date` datetime DEFAULT CURRENT_TIMESTAMP,
  PRIMARY KEY (`id`),
  KEY `profile_fk_from_student_cict_id` (`STUDENT_id`),
  CONSTRAINT `profile_fk_from_student_cict_id` FOREIGN KEY (`STUDENT_id`) REFERENCES `student` (`cict_id`)
) ENGINE=InnoDB AUTO_INCREMENT=29 DEFAULT CHARSET=utf8 COLLATE=utf8_unicode_ci;

-- Dumping data for table cictems.student_profile: ~14 rows (approximately)
/*!40000 ALTER TABLE `student_profile` DISABLE KEYS */;
INSERT INTO `student_profile` (`id`, `STUDENT_id`, `floor_assignment`, `profile_picture`, `active`, `mobile`, `zipcode`, `city`, `brgy`, `street`, `house_no`, `province`, `email`, `ice_name`, `ice_address`, `ice_contact`, `created_date`) VALUES
	(14, 57, 3, 'profile_2014113844jpg', 0, '09368955866', '3018', 'BOCAUE', 'BUNDUCAN', 'LGONZALES', '489', 'BULACAN', 'jhmvinperello@gmail.com', 'SAMPLE SAMPLE', 'SAMPLE SAMPLE', '09368955866', '2017-09-09 18:37:16'),
	(15, 58, 3, 'profile_58_1505267256.jpg', 0, '09368955866', '3018', 'BOCAUE', 'ASDASDASDASD', 'ASDASDASDA', 'ASDASDASD', 'BULACAN', 'jhmvinperello@gmail.com', 'EWAN KO BA', 'COMPLETE', '09368955866', '2017-09-10 06:45:40'),
	(16, 59, 3, 'NONE', 1, '09368955866', '3018', 'ASDASDASD', 'ASDASDASD', 'ASDASDASDASD', '123', 'ASDASDASDASD', 'jhmvinperello@gmail.com', 'ASDASDASDASD', 'ADDREESS', '09368955866', '2017-09-10 06:58:21'),
	(17, 57, 3, 'profile_2014113844jpg', 0, '09368955866', '3018', 'BOCAUE', 'BUNDUCAN', 'LGONZALES', '489', 'BULACAN', 'jhmvinperello@gmail.com', 'SAMPLE SAMPLE', 'SAMPLE SAMPLEDDDD', '09368955866', '2017-09-13 07:36:52'),
	(18, 57, 3, 'profile_2014113844jpg', 0, '09368955866', '3018', 'BOCAUE', 'BUNDUCAN', 'LGONZALES', '489', 'BULACAN', 'jhmvinperello@gmail.com', 'SAMPLE SAMPLE', 'SAMPLE SAMPLEDDDD', '09368955866', '2017-09-13 07:36:53'),
	(19, 61, 3, 'NONE', 0, NULL, NULL, NULL, NULL, NULL, NULL, NULL, NULL, NULL, NULL, NULL, '2017-09-13 07:38:35'),
	(20, 61, 3, 'NONE', 1, '09368955866', '3018', '123', '13', '123', '123', 'ASDASDASDASD', 'jhmvinperello@gmail.com', 'ASDASDASD', 'ASDASDAS ASDAS', '09368955866', '2017-09-13 07:40:27'),
	(21, 58, 3, 'profile_58_1505267256.jpg', 0, '09368955866', '3018', 'BOCAUE', 'ASDASDASDASD', 'ASDASDASDADDD', 'ASDASDASD', 'BULACAN', 'jhmvinperello@gmail.com', 'EWAN KO BA', 'COMPLETE', '09368955866', '2017-09-13 09:34:54'),
	(22, 58, 3, 'profile_58_1505267256.jpg', 1, '09368955866', '3018', 'BOCAUE', 'ASDASDASDASD', 'ASDASDASDADDDSWAMPLE', 'ASDASDASD', 'BULACAN', 'jhmvinperello@gmail.com', 'EWAN KO BA', 'COMPLETE', '09368955866', '2017-09-13 09:41:16'),
	(23, 57, 3, 'profile_2014113844jpg', 0, '09368955866', '3018', 'BOCAUE', 'BUNDUCAN', 'LGONZALES', '489', 'BULACAN', 'jhmvinperello@gmail.com', 'SAMPLE SAMPLE', 'SAMPLE SAMPLEDDDD', '09368955866', '2017-09-13 15:45:34'),
	(24, 57, 3, 'profile_57_1505725202.jpg', 0, '09368955866', '3018', 'BOCAUE', 'BUNDUCAN', 'LGONZALES', '489', 'BULACAN', 'jhmvinperello@gmail.com', 'ELYSSA JELYN C MERCADO', 'SAMPLE SAMPLEDDDD', '09368955866', '2017-09-13 15:45:46'),
	(25, 57, 3, 'profile_57_1505725202.jpg', 0, '09368955866', '3018', 'BOCAUE', 'BUNDUCAN', 'LGONZALES', '489', 'BULACAN', 'jhmvinperello@gmail.com', 'ELYSSA JELYN C MERCADOD', 'SAMPLE SAMPLEDDDD', '09368955866', '2017-09-18 18:26:49'),
	(26, 57, 3, 'profile_57_1505725202.jpg', 0, '09368955866', '3018', 'BOCAUE', 'BUNDUCAN', 'LGONZALES', '489', 'BULACAN', 'jhmvinperello@gmail.com', 'ELYSSA JELYN C MERCADOD', 'SAMPLE SAMPLEDDDD', '09368955866', '2017-09-18 18:26:55'),
	(27, 57, 3, 'profile_57_1505725202.jpg', 1, '09368955866', '3018', 'BOCAUE', 'BUNDUCAN', 'LGONZALES', '489', 'BULACAN', 'jhmvinperello@gmail.com', 'ELYSSA JELYN C MERCADOD', 'SAMPLE SAMPLEDDDD', '09368955866', '2017-09-18 18:27:09'),
	(28, 58, 3, 'NONE', 1, NULL, NULL, NULL, NULL, NULL, NULL, NULL, NULL, NULL, NULL, NULL, '2017-10-15 19:31:22');
/*!40000 ALTER TABLE `student_profile` ENABLE KEYS */;

-- Dumping structure for table cictems.subject
CREATE TABLE IF NOT EXISTS `subject` (
  `id` int(30) NOT NULL AUTO_INCREMENT,
  `code` varchar(100) COLLATE utf8_unicode_ci DEFAULT NULL,
  `descriptive_title` varchar(100) COLLATE utf8_unicode_ci DEFAULT NULL,
  `lec_units` double DEFAULT '0',
  `lab_units` double DEFAULT '0',
  `type` varchar(50) COLLATE utf8_unicode_ci DEFAULT '1' COMMENT 'MINOR, MAJOR, ELECTIVE, PE, INTERNSHIP, NSTP',
  `subtype` varchar(50) COLLATE utf8_unicode_ci DEFAULT 'NONE' COMMENT 'GRAPHICS, PROGRAMMING, HARDWARE',
  `added_by` int(11) DEFAULT NULL,
  `added_date` datetime DEFAULT CURRENT_TIMESTAMP,
  `updated_by` int(11) DEFAULT NULL,
  `updated_date` datetime DEFAULT NULL,
  `active` int(1) DEFAULT '1',
  PRIMARY KEY (`id`),
  KEY `subject_fk_added_by` (`added_by`),
  KEY `subject_fk_updated_by` (`updated_by`),
  CONSTRAINT `subject_fk_added_by` FOREIGN KEY (`added_by`) REFERENCES `faculty` (`id`),
  CONSTRAINT `subject_fk_updated_by` FOREIGN KEY (`updated_by`) REFERENCES `faculty` (`id`)
) ENGINE=InnoDB AUTO_INCREMENT=294 DEFAULT CHARSET=utf8 COLLATE=utf8_unicode_ci COMMENT='this is the subjects pre requisite are arranged with no order the pre requisite can be assign besides it subject of requisite in the same time\r\n';

-- Dumping data for table cictems.subject: ~163 rows (approximately)
/*!40000 ALTER TABLE `subject` DISABLE KEYS */;
INSERT INTO `subject` (`id`, `code`, `descriptive_title`, `lec_units`, `lab_units`, `type`, `subtype`, `added_by`, `added_date`, `updated_by`, `updated_date`, `active`) VALUES
	(110, 'PSYCH 113', 'GENERAL PSYCHOLOGY', 3, 0, 'MINOR', 'NONE', NULL, '2017-09-09 11:43:45', NULL, NULL, 1),
	(111, 'ENG 113', 'STUDY AND THINKING SKILLS', 3, 0, 'MINOR', 'NONE', NULL, '2017-09-09 11:43:45', NULL, NULL, 1),
	(112, 'FIL 113', 'SINING NG KOMUNIKASYONG PANG-AKADEMIKO', 3, 0, 'MINOR', 'NONE', NULL, '2017-09-09 11:43:45', NULL, NULL, 1),
	(113, 'MATH 113', 'COLLEGE ALGEBRA', 3, 0, 'MINOR', 'NONE', NULL, '2017-09-09 11:43:45', NULL, NULL, 1),
	(114, 'SOCSCI 113', 'PHILIPPINE HISTORY AND GOVERNMENT', 3, 0, 'MINOR', 'NONE', NULL, '2017-09-09 11:43:45', NULL, NULL, 1),
	(115, 'ACT 113', 'ICT FUNDAMENTALS', 3, 0, 'MAJOR', 'NONE', NULL, '2017-09-09 11:43:45', NULL, NULL, 1),
	(116, 'ACT 133', 'FUNDAMENTALS OF PROGRAMMING LANGUAGE', 2, 1, 'MAJOR', 'PROGRAMMING', NULL, '2017-09-09 11:43:45', NULL, NULL, 1),
	(117, 'ACT 153', 'DIGITAL AND LOGIC CIRCUITS', 2, 1, 'MAJOR', 'HARDWARE', NULL, '2017-09-09 11:43:45', NULL, NULL, 1),
	(118, 'PE 112', 'PHYSICAL EDUCATION 1', 2, 0, 'PE', 'NONE', NULL, '2017-09-09 11:43:45', NULL, NULL, 1),
	(119, 'NSTP 1', 'ROTC/LTS/CWTS', 0, 0, 'NSTP', 'NONE', NULL, '2017-09-09 11:43:45', NULL, NULL, 1),
	(120, 'ENG 123', 'ORAL COMMUNICATION', 3, 0, 'MINOR', 'NONE', NULL, '2017-09-09 11:43:45', NULL, NULL, 1),
	(121, 'MATH 123', 'PLANE TRIGONOMETRY', 3, 0, 'MINOR', 'NONE', NULL, '2017-09-09 11:43:45', NULL, NULL, 1),
	(122, 'HUM 123', 'ART APPRECIATION', 3, 0, 'MINOR', 'NONE', NULL, '2017-09-09 11:43:45', NULL, NULL, 1),
	(123, 'FIL 123', 'PAGBASA AT PAGSULAT TUNGO SA PANANALIKSIK', 3, 0, 'MINOR', 'NONE', NULL, '2017-09-09 11:43:45', NULL, NULL, 1),
	(124, 'ACT 103', 'DISCRETE STRUCTURE', 3, 0, 'MINOR', 'NONE', NULL, '2017-09-09 11:43:45', NULL, NULL, 1),
	(126, 'ACT 143', 'DATA STRUCTURE AND ALGORITHM', 2, 1, 'MAJOR', 'NONE', NULL, '2017-09-09 11:43:45', NULL, NULL, 1),
	(127, 'ACT 163', 'COMPUTER HARDWARE FUNDAMENTALS', 1, 2, 'MAJOR', 'HARDWARE', NULL, '2017-09-09 11:43:45', NULL, NULL, 1),
	(128, 'PE 122', 'PHYSICAL EDUCATION II', 2, 0, 'PE', 'NONE', NULL, '2017-09-09 11:43:45', NULL, NULL, 1),
	(129, 'NSTP 2', 'ROTC/LTS/CWTS', 0, 0, 'NSTP', 'NONE', NULL, '2017-09-09 11:43:45', NULL, NULL, 1),
	(130, 'PHILO 213', 'PHILOSOPHY OF MAN', 3, 0, 'MINOR', 'NONE', NULL, '2017-09-09 11:43:45', NULL, NULL, 1),
	(131, 'ENG 213', 'TECHNICAL WRITING FOR ICT', 3, 0, 'MINOR', 'NONE', NULL, '2017-09-09 11:43:45', NULL, NULL, 1),
	(133, 'ACT 233', 'OBJECT ORIENTED PROGRAMMING', 2, 1, 'MAJOR', 'PROGRAMMING', NULL, '2017-09-09 11:43:45', NULL, NULL, 1),
	(134, 'ACT 253', 'MULTIMEDIA AND WEB DESIGN', 2, 1, 'MAJOR', 'GRAPHICS', NULL, '2017-09-09 11:43:45', NULL, NULL, 1),
	(135, 'ACT 273', 'COMPUTER SYSTEM ORGANIZATION', 2, 1, 'MAJOR', 'HARDWARE', NULL, '2017-09-09 11:43:45', NULL, NULL, 1),
	(136, 'ACT 293', 'NETWORK AND COMMUNICATION', 2, 1, 'MAJOR', 'HARDWARE', NULL, '2017-09-09 11:43:45', NULL, NULL, 1),
	(137, 'PE 212', 'PHYSICAL EDUCATION III', 2, 0, 'PE', 'NONE', NULL, '2017-09-09 11:43:45', NULL, NULL, 1),
	(138, 'SOCSCI 223', 'LIFE AND WORKS OF RIZAL', 3, 0, 'MINOR', 'NONE', NULL, '2017-09-09 11:43:45', NULL, NULL, 1),
	(139, 'ACT 203', 'HUMAN COMPUTER INTERACTION', 2, 1, 'MAJOR', 'HARDWARE', NULL, '2017-09-09 11:43:45', NULL, NULL, 1),
	(140, 'ACT 223', 'SYSTEM ANALYSIS, DESIGN AND INTERACTION', 2, 1, 'MAJOR', 'PROGRAMMING', NULL, '2017-09-09 11:43:45', NULL, NULL, 1),
	(141, 'ACT 243', 'CODE OF ETHICS OF THE ITE PROFESSIONALS', 3, 0, 'MAJOR', 'NONE', NULL, '2017-09-09 11:43:45', NULL, NULL, 1),
	(142, 'ACT 263', 'OPERATING SYSTEM PRINCIPLES AND APPLICATIONS', 2, 1, 'MAJOR', 'HARDWARE', NULL, '2017-09-09 11:43:45', NULL, NULL, 1),
	(143, 'ACT 283A', 'WEB APPLICATION DEVELOPMENT', 2, 1, 'MAJOR', 'PROGRAMMING', NULL, '2017-09-09 11:43:45', NULL, NULL, 1),
	(144, 'ACT 283B', 'ELECTIVE 1', 3, 0, 'ELECTIVE', 'NONE', NULL, '2017-09-09 11:43:45', NULL, NULL, 1),
	(145, 'PE 222', 'PHYSICAL EDUCATION IV', 2, 0, 'PE', 'NONE', NULL, '2017-09-09 11:43:45', NULL, NULL, 1),
	(147, 'ACT 123', 'ADVANCED PROGRAMMING LANGUAGE', 2, 1, 'MAJOR', 'PROGRAMMING', NULL, '2017-09-09 11:43:45', NULL, NULL, 1),
	(148, 'ACT 283B', 'ELECTIVE I (PSIT)', 3, 0, 'ELECTIVE', 'NONE', NULL, '2017-09-09 11:43:45', NULL, NULL, 1),
	(149, 'ACT 163', 'COMPUTER HARDWARE FUNDAMENTALS', 2, 1, 'MAJOR', 'HARDWARE', NULL, '2017-09-09 11:43:45', NULL, NULL, 1),
	(150, 'SCI 213', 'ENVIROMENTAL SCIENCE', 3, 0, 'MINOR', 'NONE', NULL, '2017-09-09 11:43:45', NULL, NULL, 1),
	(152, 'ACC 323', 'ACCOUNTING PRINCIPLES', 3, 0, 'MINOR', 'NONE', NULL, '2017-09-09 11:43:45', NULL, NULL, 1),
	(154, 'IT 313', 'COMPUTER PROGRAMMING IV (OBJECT-ORIENTED PROGRAMMING)', 2, 1, 'MAJOR', 'PROGRAMMING', NULL, '2017-09-09 11:43:45', NULL, NULL, 1),
	(156, 'IT 353', 'STRATEGIC MANAGEMENT IN IT', 3, 0, 'MAJOR', 'NONE', NULL, '2017-09-09 11:43:45', NULL, NULL, 1),
	(157, 'IT 373', 'IT ELECTIVE II (ADVANCED WEB APPLICATIONS)', 2, 1, 'MAJOR', 'PROGRAMMING', NULL, '2017-09-09 11:43:45', NULL, NULL, 1),
	(159, 'SCI 323', 'PHYSICAL SCIENCE', 3, 0, 'MINOR', 'NONE', NULL, '2017-09-09 11:43:45', NULL, NULL, 1),
	(160, 'MATH 313', 'PROBABILITY AND STATISTICS', 3, 0, 'MINOR', 'NONE', NULL, '2017-09-09 11:43:45', NULL, NULL, 1),
	(162, 'IT 323', 'COMPUTER PROGRAMMING V (VB.NET)', 2, 1, 'MAJOR', 'PROGRAMMING', NULL, '2017-09-09 11:43:45', NULL, NULL, 1),
	(163, 'IT 343', 'SOFTWARE ENGINEERING', 2, 1, 'MAJOR', 'PROGRAMMING', NULL, '2017-09-09 11:43:45', NULL, NULL, 1),
	(164, 'IT 363', 'NETWORK ADMINISTRATION AND MAINTENANCE', 2, 1, 'MAJOR', 'HARDWARE', NULL, '2017-09-09 11:43:45', NULL, NULL, 1),
	(165, 'IT 383', 'IT ELECTIVE III (NETWORK PROGRAMMING)', 2, 1, 'ELECTIVE', 'PROGRAMMING', NULL, '2017-09-09 11:43:45', NULL, NULL, 1),
	(166, 'CAPS 01', 'CAPSTONE I', 3, 0, 'MAJOR', 'NONE', NULL, '2017-09-09 11:43:45', NULL, NULL, 1),
	(167, 'FREL 02', 'FREE ELECTIVE II (FOREIGN LANGUAGE I)', 3, 0, 'ELECTIVE', 'NONE', NULL, '2017-09-09 11:43:45', NULL, NULL, 1),
	(169, 'CAPS 02', 'CAPSTONE II', 3, 0, 'MAJOR', 'NONE', NULL, '2017-09-09 11:43:45', NULL, NULL, 1),
	(171, 'IT 423', 'INTERNSHIP', 9, 0, 'INTERNSHIP', 'NONE', NULL, '2017-09-09 11:43:45', NULL, NULL, 1),
	(172, 'ACT 213', 'DATABASE MANAGEMENT SYSTEM', 2, 1, 'MAJOR', 'NONE', NULL, '2017-09-09 11:43:45', NULL, NULL, 1),
	(174, 'SCI 313', 'ENVIROMENTAL SVIENCE', 3, 0, 'MINOR', 'NONE', NULL, '2017-09-09 11:43:45', NULL, NULL, 1),
	(175, 'SOCSCI 313', 'POLITICS AND GOVERNANCE WITH PHILIPPINE CONSTITUTIONS', 3, 0, 'MINOR', 'NONE', NULL, '2017-09-09 11:43:45', NULL, NULL, 1),
	(176, 'LIT 313', 'PHILIPPINE LITERATURE', 3, 0, 'MINOR', 'NONE', NULL, '2017-09-09 11:43:45', NULL, NULL, 1),
	(177, 'IT 333', 'ADVANCED DATABASE MANAGEMENT SYSTEM', 2, 1, 'MAJOR', 'NONE', NULL, '2017-09-09 11:43:45', NULL, NULL, 1),
	(179, 'FREL 01', 'FREE ELECTIVE I (INSPECTION TRIPS AND SEMINARS)', 3, 0, 'ELECTIVE', 'NONE', NULL, '2017-09-09 11:43:45', NULL, NULL, 1),
	(180, 'SOCSCI 323', 'ECONOMICS (WITH TAXATION AND AGRARIAN REFORM)', 3, 0, 'MINOR', 'NONE', NULL, '2017-09-09 11:43:45', NULL, NULL, 1),
	(186, 'IT 413', 'IT ELECTIVE IV (WIRELESS AND MOBILE COMPUTING)', 2, 1, 'ELECTIVE', 'PROGRAMMING', NULL, '2017-09-09 11:43:45', NULL, NULL, 1),
	(188, 'FREL 03', 'FREE ELECTIVE III (FOREIGN LANGUAGE II)', 3, 0, 'ELECTIVE', 'NONE', NULL, '2017-09-09 11:43:45', NULL, NULL, 1),
	(190, 'COMP 113', 'FUNDAMENTALS OF INFORMATION TECHNOLOGY', 2, 1, 'MAJOR', 'NONE', NULL, '2017-09-09 11:43:45', NULL, NULL, 1),
	(191, 'IT 113', 'COMPUTER PROGRAMMING 1', 2, 1, 'MAJOR', 'PROGRAMMING', NULL, '2017-09-09 11:43:45', NULL, NULL, 1),
	(192, 'IT 133', 'DIGITAL ELECTRONICS AND LOGIC DESIGN', 2, 1, 'MAJOR', 'HARDWARE', NULL, '2017-09-09 11:43:45', NULL, NULL, 1),
	(193, 'SCI 113', 'ENVIROMENTAL SCIENCE', 3, 0, 'MINOR', 'NONE', NULL, '2017-09-09 11:43:45', NULL, NULL, 1),
	(194, 'ENG 113', 'COMMUNICATION SKILLS 1', 3, 0, 'MINOR', 'NONE', NULL, '2017-09-09 11:43:45', NULL, NULL, 1),
	(196, 'PE 112', 'SELF-TESTING ACTIVITIES', 2, 0, 'PE', 'NONE', NULL, '2017-09-09 11:43:45', NULL, NULL, 1),
	(197, 'COMP 123', 'INTEGRATED APPLICATION SOFTWARE', 2, 1, 'MAJOR', 'GRAPHICS', NULL, '2017-09-09 11:43:45', NULL, NULL, 1),
	(198, 'IT 123', 'COMPUTER PROGRAMMING 2', 2, 1, 'MAJOR', 'PROGRAMMING', NULL, '2017-09-09 11:43:45', NULL, NULL, 1),
	(199, 'IT 143', 'COMPUTER ORGANIZATION & MICROCOMPUTER TECHNOLOGY', 2, 1, 'MAJOR', 'PROGRAMMING', NULL, '2017-09-09 11:43:45', NULL, NULL, 1),
	(200, 'SCI 124', 'PHYSICAL SCIENVE', 3, 0, 'MINOR', 'NONE', NULL, '2017-09-09 11:43:45', NULL, NULL, 1),
	(201, 'FIL 123', 'PANITIKANG FILIPINO', 3, 0, 'MINOR', 'NONE', NULL, '2017-09-09 11:43:45', NULL, NULL, 1),
	(202, 'ACT 223', 'SYSTEM ANALYSIS, DESIGN AND PROTOTYPING', 3, 0, 'MAJOR', 'NONE', NULL, '2017-09-23 11:03:02', NULL, NULL, 1),
	(203, 'FIL 113', 'SINING NG KOMUNIKASYON', 3, 0, 'MINOR', 'NONE', NULL, '2017-09-23 18:15:52', NULL, NULL, 1),
	(204, 'SCI 123', 'PHYSICAL SCIENCE', 3, 0, 'MINOR', 'NONE', NULL, '2017-09-23 18:20:49', NULL, NULL, 1),
	(205, 'PSYCHO 123', 'GENERAL PSYCHOLOGY', 3, 0, 'MINOR', 'NONE', NULL, '2017-09-23 18:25:23', NULL, NULL, 1),
	(206, 'PE 122', 'TEAM SPORTS', 2, 0, 'PE', 'NONE', NULL, '2017-09-23 18:26:20', NULL, NULL, 1),
	(207, 'IT 213', 'MULTIMEDIA 1', 2, 1, 'MAJOR', 'GRAPHICS', NULL, '2017-09-23 18:28:21', NULL, NULL, 1),
	(208, 'IT 233', 'COMPUTER PROGRAMMING 3 (JAVA)', 2, 1, 'MAJOR', 'PROGRAMMING', NULL, '2017-09-23 18:29:04', NULL, NULL, 1),
	(209, 'IT 253', 'COMPUTER PROGRAMMING 4 (VB.NET)', 2, 1, 'MAJOR', 'PROGRAMMING', NULL, '2017-09-23 18:30:04', NULL, NULL, 1),
	(210, 'IT 273', 'INTRODUCTION TO DBMS', 2, 1, 'MAJOR', 'NONE', NULL, '2017-09-23 18:30:40', NULL, NULL, 1),
	(211, 'IT 293', 'DISCRETE STRUCTURES', 3, 0, 'MAJOR', 'NONE', NULL, '2017-09-23 18:31:27', NULL, NULL, 1),
	(212, 'ENG 213', 'COMMUNICATIONS FOR INFORMATION TECHNOLOGY', 3, 0, 'MINOR', 'NONE', NULL, '2017-09-23 18:32:14', NULL, NULL, 1),
	(213, 'SOCSCI 213', 'POLITICS AND GOVERNANCE WITH PHILIPPINE CONSTITUTION', 3, 0, 'MINOR', 'NONE', NULL, '2017-09-23 18:33:17', NULL, NULL, 1),
	(214, 'LIT 213', 'PHILIPPINE LITERATURE', 3, 0, 'MINOR', 'NONE', NULL, '2017-09-23 18:33:49', NULL, NULL, 1),
	(215, 'PE 212', 'INDIVIDUAL SPORTS', 2, 0, 'PE', 'NONE', NULL, '2017-09-23 18:34:21', NULL, NULL, 1),
	(216, 'IT 223', 'COMPUTER PROGRAMMING 5', 2, 1, 'MAJOR', 'PROGRAMMING', NULL, '2017-09-23 18:35:11', NULL, NULL, 1),
	(217, 'IT 243', 'DATABASE MANAGEMENT SYSTEM 2', 2, 1, 'MAJOR', 'NONE', NULL, '2017-09-23 18:35:41', NULL, NULL, 1),
	(218, 'IT 263', 'NETWORKS AND COMMUNICATIONS', 2, 1, 'MAJOR', 'NONE', NULL, '2017-09-23 18:36:23', NULL, NULL, 1),
	(219, 'IT 283', 'STRATEGIC MANAGEMENT IN INFORMATION TECHNOLOGY', 3, 0, 'MAJOR', 'NONE', NULL, '2017-09-23 18:37:08', NULL, NULL, 1),
	(220, 'ACC 223', 'ACCOUNTING PRINCIPLES', 3, 0, 'MINOR', 'NONE', NULL, '2017-09-23 18:37:39', NULL, NULL, 1),
	(221, 'SOCSCI 223', 'ECONOMICS (WITH TAXATION AND & AGRARIAN REFORM)', 3, 0, 'MINOR', 'NONE', NULL, '2017-09-23 18:38:47', NULL, NULL, 1),
	(223, 'MATH 223', 'PROBABILITY AND STATISTICS', 3, 0, 'MINOR', 'NONE', NULL, '2017-09-23 18:44:44', NULL, NULL, 1),
	(224, 'PHILO 223', 'LOGIC', 3, 0, 'MINOR', 'NONE', NULL, '2017-09-23 18:45:09', NULL, NULL, 1),
	(225, 'PE 222', 'RECREATIONAL & OUTDOOR ACTIVITIES', 2, 0, 'PE', 'NONE', NULL, '2017-09-23 18:46:13', NULL, NULL, 1),
	(226, 'IT 313', 'SYSTEM ANALYSIS DESIGN', 2, 1, 'MAJOR', 'NONE', NULL, '2017-09-23 19:14:24', NULL, NULL, 1),
	(227, 'IT 333', 'OPERATING SYSTEM CONCEPT AND APPLICATION', 2, 1, 'MAJOR', 'NONE', NULL, '2017-09-23 19:15:06', NULL, NULL, 1),
	(228, 'IT 353', 'MULTIMEDIA 2', 2, 1, 'MAJOR', 'GRAPHICS', NULL, '2017-09-23 19:15:30', NULL, NULL, 1),
	(229, 'IT 373', 'ELECTIVE 1 (NETWORK ADMINISTRATION AND MAINTENANCE)', 2, 1, 'ELECTIVE', 'NONE', NULL, '2017-09-23 19:16:21', NULL, NULL, 1),
	(230, 'IT 393', 'WEB SYSTEMS AND TECHNOLOGIES', 2, 1, 'MAJOR', 'NONE', NULL, '2017-09-23 19:17:13', NULL, NULL, 1),
	(231, 'FREL 01', '(FREE ELECTIVE 1) BASIC PHOTOGRAPHY', 3, 0, 'ELECTIVE', 'NONE', NULL, '2017-09-23 19:18:04', NULL, NULL, 1),
	(232, 'HUM 313', 'ART APPRECIATION', 3, 0, 'MINOR', 'NONE', NULL, '2017-09-23 19:18:48', NULL, NULL, 1),
	(233, 'SOCSCI 313', 'RIZAL\'S LIFE, WORKS AND WRITING', 3, 0, 'MINOR', 'NONE', NULL, '2017-09-23 19:20:57', NULL, NULL, 1),
	(234, 'IT 323', 'SOFTWARE ENGINEERING', 2, 1, 'MAJOR', 'NONE', NULL, '2017-09-23 19:53:46', NULL, NULL, 1),
	(235, 'IT 343', 'ELECTIVE 2 (NETWORK PROGRAMMING', 2, 1, 'MAJOR', 'PROGRAMMING', NULL, '2017-09-23 19:54:41', NULL, NULL, 1),
	(236, 'IT 363', 'ELECTIVE 3 (WIRELESS AND MOBILE COMPUTING)', 2, 1, 'MAJOR', 'PROGRAMMING', NULL, '2017-09-23 19:55:21', NULL, NULL, 1),
	(237, 'IT 383', 'WEB APPLICATIONS DEVELOPMENT', 2, 1, 'MAJOR', 'PROGRAMMING', NULL, '2017-09-23 19:55:56', NULL, NULL, 1),
	(238, 'IT 303', 'PROFESSIONAL ETHICS', 2, 1, 'MAJOR', 'NONE', NULL, '2017-09-23 19:56:38', NULL, NULL, 1),
	(239, 'FREL 02', '(FREE ELECTIVE 2) SEMINARS AND FIELD TRIPS', 2, 1, 'ELECTIVE', 'NONE', NULL, '2017-09-23 19:57:21', NULL, NULL, 1),
	(240, 'RES 323', 'RESEARCH METHODOLOGIES', 2, 1, 'MAJOR', 'NONE', NULL, '2017-09-23 19:58:02', NULL, NULL, 1),
	(241, 'SOCSCI 323', 'SOCIETY AND CULTURE', 3, 0, 'MINOR', 'NONE', NULL, '2017-09-23 19:58:54', NULL, NULL, 1),
	(242, 'IT 413', 'TECHNOPRENEURSHIP (CAPSTONE PROJECT)', 3, 0, 'CAPSTONE', 'NONE', NULL, '2017-09-23 20:02:35', NULL, NULL, 1),
	(243, 'IT 443', 'ELECTIVE 4 (SOFTWARE ENGINEERING FOR EMBEDDED SYSTEMS)', 3, 0, 'ELECTIVE', 'NONE', NULL, '2017-09-23 20:03:29', NULL, NULL, 1),
	(244, 'FREL 03', 'FREE ELECTIVE 3 (FOREIGN LANGUAGE)', 3, 0, 'ELECTIVE', 'NONE', NULL, '2017-09-23 20:04:23', NULL, NULL, 1),
	(245, 'TECH 133', 'OPERATING SYSTEM CONCEPT AND FUNDAMENTALS', 3, 0, 'MAJOR', 'NONE', NULL, '2017-09-23 20:58:20', NULL, NULL, 1),
	(246, 'TECH 113', 'LOGIC CIRCUIT OPERATION AND ANALYSIS', 3, 0, 'MAJOR', 'NONE', NULL, '2017-09-23 20:58:54', NULL, NULL, 1),
	(247, 'COMP 113', 'COMPUTER CONCEPTS AND BASIC SOFTWARE APPLICATIONS', 3, 0, 'MAJOR', 'NONE', NULL, '2017-09-23 20:59:48', NULL, NULL, 1),
	(248, 'BSP 113', 'BASIC SHOP PRACTICE I (ELECTRONICS)', 2, 1, 'MAJOR', 'HARDWARE', NULL, '2017-09-23 21:00:42', NULL, NULL, 1),
	(249, 'DRAW 111', 'DRAWING I', 1, 0, 'MINOR', 'NONE', NULL, '2017-09-23 21:01:21', NULL, NULL, 1),
	(250, 'ENGL 113', 'COMMUNICATION SKILLS', 3, 0, 'MINOR', 'NONE', NULL, '2017-09-23 21:02:08', NULL, NULL, 1),
	(251, 'PSYCHO 113', 'GENERAL PSYCHOLOGY', 3, 0, 'MINOR', 'NONE', NULL, '2017-09-23 21:02:49', NULL, NULL, 1),
	(252, 'MATH 113', 'INDUSTRIAL MATH', 3, 0, 'MINOR', 'NONE', NULL, '2017-09-23 21:03:11', NULL, NULL, 1),
	(253, 'COMP 123', 'BASIC WEB PAGE DEVELOPMENT', 2, 1, 'MAJOR', 'NONE', NULL, '2017-09-23 21:05:24', NULL, NULL, 1),
	(254, 'TECH 143', 'COMPUTER PROGRAMMING I', 2, 1, 'MAJOR', 'PROGRAMMING', NULL, '2017-09-23 21:05:49', NULL, NULL, 1),
	(255, 'EC 123', 'ENTREPRENEURSHIP AND COOPERATIVE', 3, 0, 'MINOR', 'NONE', NULL, '2017-09-23 21:06:21', NULL, NULL, 1),
	(256, 'DRAW 121', 'DRAWING II', 1, 0, 'MINOR', 'NONE', NULL, '2017-09-23 21:09:54', NULL, NULL, 1),
	(257, 'ENGL 123', 'ORAL COMMUNICATION', 3, 0, 'MINOR', 'NONE', NULL, '2017-09-23 21:10:39', NULL, NULL, 1),
	(258, 'MATH 123', 'COLLEGE ALGEBRA', 3, 0, 'MINOR', 'NONE', NULL, '2017-09-23 21:11:14', NULL, NULL, 1),
	(259, 'SCIENCE 123', 'PHYSICAL SCIENCE I', 3, 0, 'MINOR', 'NONE', NULL, '2017-09-23 21:11:48', NULL, NULL, 1),
	(260, 'TECH 213', 'WIRELESS COMMUNICATION SYSTEMS AND DEVICES', 2, 1, 'MAJOR', 'HARDWARE', NULL, '2017-09-23 21:16:11', NULL, NULL, 1),
	(261, 'TECH 233', 'SYSTEM CONFIGURATION AND UTILITIES', 2, 1, 'MAJOR', 'HARDWARE', NULL, '2017-09-23 21:17:03', NULL, NULL, 1),
	(262, 'TECH 214', 'COMPUTER SERVICING AND MAINTENANCE & POWER SUPPLY', 1, 3, 'MAJOR', 'HARDWARE', NULL, '2017-09-23 21:17:57', NULL, NULL, 1),
	(263, 'TECH 273', 'COMPUTER MONITOR SERVICE AND REPAIR', 2, 1, 'MAJOR', 'HARDWARE', NULL, '2017-09-23 21:18:38', NULL, NULL, 1),
	(264, 'TECH 293', 'BASIC NETWORK ADMINISTRATION', 3, 0, 'MAJOR', 'NONE', NULL, '2017-09-23 21:19:27', NULL, NULL, 1),
	(265, 'TECH 253', 'MIS & DATABASE ORGANIZATION', 3, 0, 'MAJOR', 'NONE', NULL, '2017-09-23 21:20:13', NULL, NULL, 1),
	(266, 'TECH 22', 'IN-PLANT TRAINING', 6, 6, 'INTERNSHIP', 'NONE', NULL, '2017-09-23 21:25:31', NULL, NULL, 1),
	(267, 'TECH 333', 'COMPUTER PROGRAMMING II', 2, 1, 'MAJOR', 'PROGRAMMING', NULL, '2017-09-23 22:09:00', NULL, NULL, 1),
	(268, 'TECH 313', 'EMBEDDED SYSTEMS', 2, 1, 'MAJOR', 'HARDWARE', NULL, '2017-09-23 22:09:31', NULL, NULL, 1),
	(269, 'ENGL 313', 'TECHNICAL WRITING & REPORTING', 3, 0, 'MINOR', 'NONE', NULL, '2017-09-23 22:10:19', NULL, NULL, 1),
	(270, 'FIL 313', 'SINING NG PAKIKIPAGTALASTASAN', 3, 0, 'MINOR', 'NONE', NULL, '2017-09-23 22:11:40', NULL, NULL, 1),
	(271, 'MATH 313', 'STATISTICS', 3, 0, 'MINOR', 'NONE', NULL, '2017-09-23 22:13:03', NULL, NULL, 1),
	(272, 'SCIENCE 313', 'BIOLOGICAL SCIENCE', 3, 0, 'MINOR', 'NONE', NULL, '2017-09-23 22:13:31', NULL, NULL, 1),
	(273, 'HUM 313', 'HUMANITIES', 3, 0, 'MINOR', 'NONE', NULL, '2017-09-23 22:13:53', NULL, NULL, 1),
	(274, 'SOC SCI 333', 'POLITICS & GOV. W/ PHIL. CONSTITUTION', 3, 0, 'MINOR', 'NONE', NULL, '2017-09-23 22:14:51', NULL, NULL, 1),
	(275, 'PE 312', 'RECREATIONAL ACTIVITIES', 2, 0, 'PE', 'NONE', NULL, '2017-09-23 22:15:32', NULL, NULL, 1),
	(276, 'TECH 323', 'ADVANCED MULTIMEDIA', 2, 1, 'MAJOR', 'GRAPHICS', NULL, '2017-09-23 22:17:14', NULL, NULL, 1),
	(277, 'TECH 324', 'ADVANCED NETWORK ADMINISTRATION', 2, 2, 'MAJOR', 'NONE', NULL, '2017-09-23 22:18:02', NULL, NULL, 1),
	(278, 'TECH 423', 'ELECTIVE (ADVANCED HARDWARE TECHNOLOGY)', 3, 0, 'ELECTIVE', 'NONE', NULL, '2017-09-23 22:19:09', NULL, NULL, 1),
	(279, 'FIL 323', 'PANITIKANG PILIPINO', 3, 0, 'MINOR', 'NONE', NULL, '2017-09-23 22:19:36', NULL, NULL, 1),
	(280, 'SCIENCE 323', 'ENVIRONMENTAL SCIENCE', 3, 0, 'MINOR', 'NONE', NULL, '2017-09-23 22:20:04', NULL, NULL, 1),
	(281, 'SOC SCI 323', 'BASIC ECONOMICS W/ TAXATION & AGRARIAN REFORM', 3, 0, 'MINOR', 'NONE', NULL, '2017-09-23 22:20:50', NULL, NULL, 1),
	(282, 'ENGL 323', 'PHILIPPINE LITERATURE', 3, 0, 'MINOR', 'NONE', NULL, '2017-09-23 22:21:21', NULL, NULL, 1),
	(283, 'RES 313', 'FUNDAMENTALS OF RESEARCH', 3, 0, 'MAJOR', 'NONE', NULL, '2017-09-23 22:22:06', NULL, NULL, 1),
	(284, 'TECH 311', 'INSPECTION TRIPS AND SEMINAR', 1, 0, 'MAJOR', 'NONE', NULL, '2017-09-23 22:23:12', NULL, NULL, 1),
	(285, 'TECH 413', 'COMPUTER PROGRAMMING III', 2, 1, 'MAJOR', 'PROGRAMMING', NULL, '2017-09-23 22:26:26', NULL, NULL, 1),
	(286, 'TECH 433', 'PROJECT DESIGN', 3, 0, 'MAJOR', 'NONE', NULL, '2017-09-23 22:27:03', NULL, NULL, 1),
	(287, 'ENGL 413', 'WORLD LITERATURE', 3, 0, 'MINOR', 'NONE', NULL, '2017-09-23 22:27:35', NULL, NULL, 1),
	(288, 'SOC SCI 433', 'PHILIPPINE HISTORY', 3, 0, 'MINOR', 'NONE', NULL, '2017-09-23 22:28:17', NULL, NULL, 1),
	(289, 'MGT 413', 'PERSONNEL MANAGEMENT', 3, 0, 'MINOR', 'NONE', NULL, '2017-09-23 22:28:52', NULL, NULL, 1),
	(290, 'RIZAL 413', 'LIFE AND WORKS OF RIZAL', 3, 0, 'MINOR', 'NONE', NULL, '2017-09-23 22:29:28', NULL, NULL, 1),
	(291, 'PHILO 323', 'PHILOSOPHY OF MAN', 3, 0, 'MINOR', 'NONE', NULL, '2017-09-23 22:29:55', NULL, NULL, 1),
	(292, 'SOC SCI 413', 'SOCIETY AND CULTURE', 3, 0, 'MINOR', 'NONE', NULL, '2017-09-23 22:31:03', NULL, NULL, 1),
	(293, 'TECH 42', 'IN-PLANT TRAINING', 6, 6, 'INTERNSHIP', 'NONE', NULL, '2017-09-23 22:31:49', NULL, NULL, 1);
/*!40000 ALTER TABLE `subject` ENABLE KEYS */;

-- Dumping structure for table cictems.system_override_logs
CREATE TABLE IF NOT EXISTS `system_override_logs` (
  `id` int(11) NOT NULL AUTO_INCREMENT,
  `category` varchar(50) COLLATE utf8_unicode_ci DEFAULT NULL,
  `description` varchar(50) COLLATE utf8_unicode_ci DEFAULT NULL,
  `executed_by` int(11) DEFAULT NULL,
  `executed_date` datetime DEFAULT CURRENT_TIMESTAMP,
  `academic_term` int(11) DEFAULT NULL,
  `conforme` varchar(50) COLLATE utf8_unicode_ci DEFAULT NULL,
  `conforme_type` varchar(50) COLLATE utf8_unicode_ci DEFAULT NULL,
  `conforme_id` int(11) DEFAULT NULL,
  `active` int(11) DEFAULT '1',
  PRIMARY KEY (`id`)
) ENGINE=InnoDB AUTO_INCREMENT=8 DEFAULT CHARSET=utf8 COLLATE=utf8_unicode_ci;

-- Dumping data for table cictems.system_override_logs: ~3 rows (approximately)
/*!40000 ALTER TABLE `system_override_logs` DISABLE KEYS */;
INSERT INTO `system_override_logs` (`id`, `category`, `description`, `executed_by`, `executed_date`, `academic_term`, `conforme`, `conforme_type`, `conforme_id`, `active`) VALUES
	(4, 'EVALUATION', 'INTERNSHIP_WITH_OTHERS', 2, '2017-10-04 20:21:42', 11, 'PERELLO, JHON MELVIN NIETO', 'STUDENT', 57, 1),
	(5, 'EVALUATION', 'BYPASSED_PRE_REQUISITES', 2, '2017-10-04 20:22:03', 11, 'PERELLO, JHON MELVIN NIETO', 'STUDENT', 57, 1),
	(6, 'EVALUATION', 'EXCEED_MAX_UNITS', 2, '2017-10-04 20:22:17', 11, 'PERELLO, JHON MELVIN NIETO', 'STUDENT', 57, 1),
	(7, 'EVALUATION', 'INTERN_GRADE_REQUIREMENT', 2, '2017-10-04 20:22:52', 11, 'PERELLO, JHON MELVIN NIETO', 'STUDENT', 57, 1);
/*!40000 ALTER TABLE `system_override_logs` ENABLE KEYS */;

-- Dumping structure for table cictems.system_variables
CREATE TABLE IF NOT EXISTS `system_variables` (
  `id` int(11) NOT NULL AUTO_INCREMENT,
  `name` varchar(50) COLLATE utf8_unicode_ci NOT NULL DEFAULT 'NONE',
  `value` varchar(300) COLLATE utf8_unicode_ci NOT NULL DEFAULT 'NONE',
  `created_by` int(11) DEFAULT NULL,
  `created_date` datetime NOT NULL DEFAULT CURRENT_TIMESTAMP,
  `updated_by` int(11) DEFAULT NULL,
  `updated_date` datetime DEFAULT NULL,
  `active` int(11) NOT NULL DEFAULT '1',
  PRIMARY KEY (`id`),
  UNIQUE KEY `name` (`name`)
) ENGINE=InnoDB AUTO_INCREMENT=3 DEFAULT CHARSET=utf8 COLLATE=utf8_unicode_ci;

-- Dumping data for table cictems.system_variables: ~1 rows (approximately)
/*!40000 ALTER TABLE `system_variables` DISABLE KEYS */;
INSERT INTO `system_variables` (`id`, `name`, `value`, `created_by`, `created_date`, `updated_by`, `updated_date`, `active`) VALUES
	(1, 'REGISTRAR', 'LEILANIE M. LIZARDO', NULL, '2017-10-03 17:33:32', NULL, NULL, 1),
	(2, 'RECOMMENDING_APPROVAL', 'ENGR. NOEMI P. REYES', NULL, '2017-10-03 17:33:51', NULL, NULL, 1);
/*!40000 ALTER TABLE `system_variables` ENABLE KEYS */;

/*!40101 SET SQL_MODE=IFNULL(@OLD_SQL_MODE, '') */;
/*!40014 SET FOREIGN_KEY_CHECKS=IF(@OLD_FOREIGN_KEY_CHECKS IS NULL, 1, @OLD_FOREIGN_KEY_CHECKS) */;
/*!40101 SET CHARACTER_SET_CLIENT=@OLD_CHARACTER_SET_CLIENT */;
